[{"idmontadora":"1","montadora":"Acura"},{"idmontadora":"2","montadora":"Agrale"},{"idmontadora":"3","montadora":"Alfa Romeo"},{"idmontadora":"4","montadora":"AM Gen"},{"idmontadora":"5","montadora":"Asia Motors"},{"idmontadora":"6","montadora":"Audi"},{"idmontadora":"7","montadora":"BMW"},{"idmontadora":"8","montadora":"BRM"},{"idmontadora":"10","montadora":"Cadillac"},{"idmontadora":"11","montadora":"CBT Jipe"},{"idmontadora":"12","montadora":"Chrysler"},{"idmontadora":"13","montadora":"Citro\u00ebn"},{"idmontadora":"14","montadora":"Cross Lander"},{"idmontadora":"15","montadora":"Daewoo"},{"idmontadora":"16","montadora":"Daihatsu"},{"idmontadora":"17","montadora":"Dodge"},{"idmontadora":"18","montadora":"Engesa"},{"idmontadora":"19","montadora":"Envemo"},{"idmontadora":"20","montadora":"Ferrari"},{"idmontadora":"21","montadora":"Fiat"},{"idmontadora":"22","montadora":"Ford"},{"idmontadora":"23","montadora":"GM - Chevrolet"},{"idmontadora":"24","montadora":"Gurgel"},{"idmontadora":"25","montadora":"Honda"},{"idmontadora":"26","montadora":"Hyundai"},{"idmontadora":"27","montadora":"Isuzu"},{"idmontadora":"28","montadora":"Jaguar"},{"idmontadora":"29","montadora":"Jeep"},{"idmontadora":"30","montadora":"JPX"},{"idmontadora":"31","montadora":"Kia Motors"},{"idmontadora":"32","montadora":"Lada"},{"idmontadora":"33","montadora":"Land Rover"},{"idmontadora":"34","montadora":"Lexus"},{"idmontadora":"35","montadora":"Lotus"},{"idmontadora":"36","montadora":"Maserati"},{"idmontadora":"37","montadora":"Matra"},{"idmontadora":"38","montadora":"Mazda"},{"idmontadora":"39","montadora":"Mercedes-Benz"},{"idmontadora":"40","montadora":"Mercury"},{"idmontadora":"41","montadora":"Mitsubishi"},{"idmontadora":"42","montadora":"Miura"},{"idmontadora":"43","montadora":"Nissan"},{"idmontadora":"44","montadora":"Peugeot"},{"idmontadora":"45","montadora":"Plymouth"},{"idmontadora":"46","montadora":"Pontiac"},{"idmontadora":"47","montadora":"Porsche"},{"idmontadora":"48","montadora":"Renault"},{"idmontadora":"49","montadora":"Rover"},{"idmontadora":"50","montadora":"Saab"},{"idmontadora":"51","montadora":"Saturn"},{"idmontadora":"52","montadora":"Seat"},{"idmontadora":"54","montadora":"Subaru"},{"idmontadora":"55","montadora":"Suzuki"},{"idmontadora":"56","montadora":"Toyota"},{"idmontadora":"57","montadora":"Troller"},{"idmontadora":"58","montadora":"Volvo"},{"idmontadora":"59","montadora":"VW - VolksWagen"},{"idmontadora":"120","montadora":"Walk"},{"idmontadora":"123","montadora":"Bugre"},{"idmontadora":"125","montadora":"SSANGYONG"},{"idmontadora":"127","montadora":"LOBINI"},{"idmontadora":"136","montadora":"CHANA"},{"idmontadora":"140","montadora":"Mahindra"},{"idmontadora":"147","montadora":"EFFA"},{"idmontadora":"149","montadora":"Fibravan"},{"idmontadora":"152","montadora":"HAFEI"},{"idmontadora":"153","montadora":"GREAT WALL"},{"idmontadora":"154","montadora":"JINBEI"},{"idmontadora":"156","montadora":"MINI"},{"idmontadora":"157","montadora":"smart"},{"idmontadora":"161","montadora":"CHERY"},{"idmontadora":"163","montadora":"Wake"},{"idmontadora":"165","montadora":"TAC"},{"idmontadora":"167","montadora":"MG"},{"idmontadora":"168","montadora":"LIFAN"},{"idmontadora":"170","montadora":"Fyber"},{"idmontadora":"171","montadora":"LAMBORGHINI"},{"idmontadora":"177","montadora":"JAC"},{"idmontadora":"182","montadora":"CHANGAN"},{"idmontadora":"183","montadora":"SHINERAY"},{"idmontadora":"185","montadora":"RAM"},{"idmontadora":"186","montadora":"RELY"},{"idmontadora":"189","montadora":"ASTON MARTIN"},{"idmontadora":"190","montadora":"FOTON"},{"idmontadora":"195","montadora":"Rolls-Royce"},{"idmontadora":"199","montadora":"GEELY"},{"idmontadora":"207","montadora":"Baby"},{"idmontadora":"208","montadora":"IVECO"}]