{"idmodelo":"1527","nome_modelo":"180-D Pick-Up\/Furg\u00e3o 2.4 Diesel","montadora_idmontadora":"39"}{"idmodelo":"1528","nome_modelo":"180-D Van 2.4 Diesel","montadora_idmontadora":"39"}{"idmodelo":"1529","nome_modelo":"190-E 2.3","montadora_idmontadora":"39"}{"idmodelo":"1530","nome_modelo":"230-E 2.3","montadora_idmontadora":"39"}{"idmodelo":"1531","nome_modelo":"260-E 2.6","montadora_idmontadora":"39"}{"idmodelo":"1532","nome_modelo":"300-D 3.0 Diesel","montadora_idmontadora":"39"}{"idmodelo":"1533","nome_modelo":"300-E 3.0","montadora_idmontadora":"39"}{"idmodelo":"1534","nome_modelo":"300-SE 3.0\/3.2","montadora_idmontadora":"39"}{"idmodelo":"1535","nome_modelo":"300-SL 3.0","montadora_idmontadora":"39"}{"idmodelo":"1536","nome_modelo":"300-TE Wagon 3.0","montadora_idmontadora":"39"}{"idmodelo":"1537","nome_modelo":"500-E 5.0","montadora_idmontadora":"39"}{"idmodelo":"1538","nome_modelo":"500-SEC\/ SL","montadora_idmontadora":"39"}{"idmodelo":"1539","nome_modelo":"500-SEL 5.0\/ 5.6","montadora_idmontadora":"39"}{"idmodelo":"1540","nome_modelo":"560-SEL 5.6","montadora_idmontadora":"39"}{"idmodelo":"1541","nome_modelo":"C-180 Classic\/Classic Plus\/Elegance","montadora_idmontadora":"39"}{"idmodelo":"1542","nome_modelo":"C-180 Kompressor Classic 1.8 16V 143cv","montadora_idmontadora":"39"}{"idmodelo":"1543","nome_modelo":"C-200 Classic\/Sport","montadora_idmontadora":"39"}{"idmodelo":"1544","nome_modelo":"C-200 Kompressor 2.0 V6 16v 4p Aut.","montadora_idmontadora":"39"}{"idmodelo":"1545","nome_modelo":"C-200 Sportcoup\u00e9 Komp. 2.0 16V 163cv Aut","montadora_idmontadora":"39"}{"idmodelo":"1546","nome_modelo":"C-200 Touring Komp. 2.0 16V 163cv 5p Aut","montadora_idmontadora":"39"}{"idmodelo":"1547","nome_modelo":"C-220 Classic\/Elegance\/Sport","montadora_idmontadora":"39"}{"idmodelo":"1548","nome_modelo":"C-230 Komp. Sportcoup\u00e9 2.3 16V 197cv Aut","montadora_idmontadora":"39"}{"idmodelo":"1549","nome_modelo":"C-230 Kompressor Avantgarde","montadora_idmontadora":"39"}{"idmodelo":"1550","nome_modelo":"C-230 Sport\/ Eleg.\/Touring Eleg.Plus 2.3","montadora_idmontadora":"39"}{"idmodelo":"1551","nome_modelo":"C-230 Touring Kompressor","montadora_idmontadora":"39"}{"idmodelo":"1552","nome_modelo":"C-240 AvantGarde 2.4\/ 2.6 4p","montadora_idmontadora":"39"}{"idmodelo":"1553","nome_modelo":"C-240 Classic","montadora_idmontadora":"39"}{"idmodelo":"1554","nome_modelo":"C-240 Elegance 2.4","montadora_idmontadora":"39"}{"idmodelo":"1555","nome_modelo":"C-240 Elegance 2.4 V6 24v 4p Aut.","montadora_idmontadora":"39"}{"idmodelo":"1556","nome_modelo":"C-280 Classic\/Sport","montadora_idmontadora":"39"}{"idmodelo":"1557","nome_modelo":"C-280 Elegance","montadora_idmontadora":"39"}{"idmodelo":"1558","nome_modelo":"C-280 Touring","montadora_idmontadora":"39"}{"idmodelo":"1559","nome_modelo":"C-320 AvantGarde 3.2 V6 24v 4p Aut.","montadora_idmontadora":"39"}{"idmodelo":"1560","nome_modelo":"C-320 Elegance 3.2 V6 24v 4p Aut.","montadora_idmontadora":"39"}{"idmodelo":"1561","nome_modelo":"C-320 Touring 3.2 V6 18v 4p Aut.","montadora_idmontadora":"39"}{"idmodelo":"1562","nome_modelo":"C-36 AMG","montadora_idmontadora":"39"}{"idmodelo":"1563","nome_modelo":"C-43 AMG","montadora_idmontadora":"39"}{"idmodelo":"1564","nome_modelo":"CL-500 5.0\/ 5.5","montadora_idmontadora":"39"}{"idmodelo":"1565","nome_modelo":"CL-600 6.0\/ 5.5","montadora_idmontadora":"39"}{"idmodelo":"1566","nome_modelo":"Classe A 160 Classic Semi-Aut.","montadora_idmontadora":"39"}{"idmodelo":"1567","nome_modelo":"Classe A 160 Classic\/ Spirit Mec.","montadora_idmontadora":"39"}{"idmodelo":"1568","nome_modelo":"Classe A 160 Elegance Mec.","montadora_idmontadora":"39"}{"idmodelo":"1569","nome_modelo":"Classe A 160 Elegance Semi-Aut.","montadora_idmontadora":"39"}{"idmodelo":"1570","nome_modelo":"Classe A 190 AvantGarde 1.9 8V 125cv Aut","montadora_idmontadora":"39"}{"idmodelo":"1571","nome_modelo":"Classe A 190 AvantGarde 1.9 8V 125cv Mec","montadora_idmontadora":"39"}{"idmodelo":"1572","nome_modelo":"Classe A 190 Classic 1.9 Semi-Aut.","montadora_idmontadora":"39"}{"idmodelo":"1573","nome_modelo":"Classe A 190 Classic\/ Spirit 1.9 Mec.","montadora_idmontadora":"39"}{"idmodelo":"1574","nome_modelo":"Classe A 190 Elegance 1.9 Aut.","montadora_idmontadora":"39"}{"idmodelo":"1575","nome_modelo":"Classe A 190 Elegance 1.9 Mec.","montadora_idmontadora":"39"}{"idmodelo":"1576","nome_modelo":"Classe A 190 Elegance 1.9 Semi-Aut.","montadora_idmontadora":"39"}{"idmodelo":"1577","nome_modelo":"Classic 6.0","montadora_idmontadora":"39"}{"idmodelo":"1578","nome_modelo":"CLK-230 Cabriolet Kompressor","montadora_idmontadora":"39"}{"idmodelo":"1579","nome_modelo":"CLK-230 Kompressor","montadora_idmontadora":"39"}{"idmodelo":"1580","nome_modelo":"CLK-320 AvantGarde","montadora_idmontadora":"39"}{"idmodelo":"1581","nome_modelo":"CLK-320 AvantGarde Cabriolet","montadora_idmontadora":"39"}{"idmodelo":"1582","nome_modelo":"CLK-320 Elegance","montadora_idmontadora":"39"}{"idmodelo":"1583","nome_modelo":"CLK-320 Elegance Cabriolet","montadora_idmontadora":"39"}{"idmodelo":"1584","nome_modelo":"CLK-320 Sport","montadora_idmontadora":"39"}{"idmodelo":"1585","nome_modelo":"CLK-320 Sport Cabriolet","montadora_idmontadora":"39"}{"idmodelo":"1586","nome_modelo":"CLK-430 Avantgard Cabriolet 4.3 V8 24v","montadora_idmontadora":"39"}{"idmodelo":"1587","nome_modelo":"CLK-430 AvantGarde 4.3","montadora_idmontadora":"39"}{"idmodelo":"1588","nome_modelo":"CLK-430 Elegance","montadora_idmontadora":"39"}{"idmodelo":"1589","nome_modelo":"CLK-430 Elegance Cabriolet 4.3 V8 24v","montadora_idmontadora":"39"}{"idmodelo":"1590","nome_modelo":"CLK-430 Sport 4.3","montadora_idmontadora":"39"}{"idmodelo":"1591","nome_modelo":"CLK-500 Cabriolet V8 24V 306cv","montadora_idmontadora":"39"}{"idmodelo":"1592","nome_modelo":"CLK-500 Elegance\/ Avant. 5.0 V8 24V Aut","montadora_idmontadora":"39"}{"idmodelo":"1593","nome_modelo":"CLK-55 AMG Cabriolet V8 24v 367cv","montadora_idmontadora":"39"}{"idmodelo":"1594","nome_modelo":"CLK-55 AMG V8 24V 367cv","montadora_idmontadora":"39"}{"idmodelo":"1595","nome_modelo":"CLS-500 V8 24V","montadora_idmontadora":"39"}{"idmodelo":"1596","nome_modelo":"E-190","montadora_idmontadora":"39"}{"idmodelo":"1597","nome_modelo":"E-190 Classic","montadora_idmontadora":"39"}{"idmodelo":"1598","nome_modelo":"E-200 Classic 2.0","montadora_idmontadora":"39"}{"idmodelo":"1599","nome_modelo":"E-220 Classic\/Touring 2.2","montadora_idmontadora":"39"}{"idmodelo":"1600","nome_modelo":"E-230 Elegance","montadora_idmontadora":"39"}{"idmodelo":"1601","nome_modelo":"E-240 Elegance","montadora_idmontadora":"39"}{"idmodelo":"1602","nome_modelo":"E-280 Classic 2.8","montadora_idmontadora":"39"}{"idmodelo":"1603","nome_modelo":"E-280 Touring 2.8","montadora_idmontadora":"39"}{"idmodelo":"1604","nome_modelo":"E-320","montadora_idmontadora":"39"}{"idmodelo":"1605","nome_modelo":"E-320 3.2 Elegance","montadora_idmontadora":"39"}{"idmodelo":"1606","nome_modelo":"E-320 Avantgarde","montadora_idmontadora":"39"}{"idmodelo":"1607","nome_modelo":"E-320 C 3.2\/ CA Classic 3.2","montadora_idmontadora":"39"}{"idmodelo":"1608","nome_modelo":"E-320 Cabriolet","montadora_idmontadora":"39"}{"idmodelo":"1609","nome_modelo":"E-320 Touring Avantgarde 24V V6 5p Aut.","montadora_idmontadora":"39"}{"idmodelo":"1610","nome_modelo":"E-320 Touring Eleg.\/Classic","montadora_idmontadora":"39"}{"idmodelo":"1611","nome_modelo":"E-350 Avantgarde\/ Elegance 3.5 V6 272cv","montadora_idmontadora":"39"}{"idmodelo":"1612","nome_modelo":"E-420 Classic\/Elegance\/Avantgarde","montadora_idmontadora":"39"}{"idmodelo":"1613","nome_modelo":"E-420 Touring Avantgarde","montadora_idmontadora":"39"}{"idmodelo":"1614","nome_modelo":"E-430 Avantgarde","montadora_idmontadora":"39"}{"idmodelo":"1615","nome_modelo":"E-430 Elegance","montadora_idmontadora":"39"}{"idmodelo":"1616","nome_modelo":"E-430 Touring Avantgarde","montadora_idmontadora":"39"}{"idmodelo":"1617","nome_modelo":"E-500 Elegance\/ Avant. 5.0 V8 24V 4p Aut","montadora_idmontadora":"39"}{"idmodelo":"1618","nome_modelo":"E-500 Tour. Avant.\/ Eleg. 24V V8 5p Aut.","montadora_idmontadora":"39"}{"idmodelo":"1619","nome_modelo":"E-55 AMG","montadora_idmontadora":"39"}{"idmodelo":"1620","nome_modelo":"E-55 Touring AMG 24V V8 5p Aut.","montadora_idmontadora":"39"}{"idmodelo":"1621","nome_modelo":"ML-230 4x4","montadora_idmontadora":"39"}{"idmodelo":"1622","nome_modelo":"ML-320 4x4","montadora_idmontadora":"39"}{"idmodelo":"1623","nome_modelo":"ML-350 3.5 4x4","montadora_idmontadora":"39"}{"idmodelo":"1624","nome_modelo":"ML-430","montadora_idmontadora":"39"}{"idmodelo":"1625","nome_modelo":"ML-500 V8 24V","montadora_idmontadora":"39"}{"idmodelo":"1626","nome_modelo":"ML-55 AMG 5.5 24v","montadora_idmontadora":"39"}{"idmodelo":"1627","nome_modelo":"S-320 L Classic\/Wagon Classic 3.2","montadora_idmontadora":"39"}{"idmodelo":"1628","nome_modelo":"S-420 Classic 4.0","montadora_idmontadora":"39"}{"idmodelo":"1629","nome_modelo":"S-500 5.0","montadora_idmontadora":"39"}{"idmodelo":"1630","nome_modelo":"S-500 C Classic 5.0","montadora_idmontadora":"39"}{"idmodelo":"1631","nome_modelo":"S-500 L\/ L Classic\/ Wagon Classic 5.0","montadora_idmontadora":"39"}{"idmodelo":"1632","nome_modelo":"S-500L 5.0","montadora_idmontadora":"39"}{"idmodelo":"1633","nome_modelo":"S-55 AMG V8 24V 364cv\/ 500cv","montadora_idmontadora":"39"}{"idmodelo":"1634","nome_modelo":"S-600 L\/ L Classic\/ Wagon Classic 6.0","montadora_idmontadora":"39"}{"idmodelo":"1635","nome_modelo":"S-600\/ S-600 C Classic 6.0","montadora_idmontadora":"39"}{"idmodelo":"1636","nome_modelo":"SE-500","montadora_idmontadora":"39"}{"idmodelo":"1637","nome_modelo":"SL-280 Classic 2.8","montadora_idmontadora":"39"}{"idmodelo":"1638","nome_modelo":"SL-320 3.2\/Classic 3.2","montadora_idmontadora":"39"}{"idmodelo":"1639","nome_modelo":"SL-500 5.0 e 5.5\/ Classic 5.0","montadora_idmontadora":"39"}{"idmodelo":"1640","nome_modelo":"SL-55 AMG V8 24V 500cv","montadora_idmontadora":"39"}{"idmodelo":"1641","nome_modelo":"SL-600","montadora_idmontadora":"39"}{"idmodelo":"1642","nome_modelo":"SLK-200 Kompressor 16V\/ 200 CGI 16V","montadora_idmontadora":"39"}{"idmodelo":"1643","nome_modelo":"SLK-230 Kompressor","montadora_idmontadora":"39"}{"idmodelo":"1644","nome_modelo":"SLK-230 Plus","montadora_idmontadora":"39"}{"idmodelo":"1645","nome_modelo":"SLK-320 3.2 218cv","montadora_idmontadora":"39"}{"idmodelo":"1646","nome_modelo":"SLK-350 3.5 V6\/SLK-350 CGI","montadora_idmontadora":"39"}{"idmodelo":"1647","nome_modelo":"SLK-55 AMG V8 24V","montadora_idmontadora":"39"}{"idmodelo":"1648","nome_modelo":"Sprinter 310 Chassi Diesel","montadora_idmontadora":"39"}{"idmodelo":"1649","nome_modelo":"Sprinter 310 Furg\u00e3o 2.5 Diesel","montadora_idmontadora":"39"}{"idmodelo":"1650","nome_modelo":"Sprinter 310 Pick-Up Diesel","montadora_idmontadora":"39"}{"idmodelo":"1651","nome_modelo":"Sprinter 310 Van Exec. 9Lug. Diesel","montadora_idmontadora":"39"}{"idmodelo":"1652","nome_modelo":"Sprinter 310 Van Luxo\/Exec. 12\/14L Dies.","montadora_idmontadora":"39"}{"idmodelo":"1653","nome_modelo":"Sprinter 310 Van Std 12e14L\/Luxo 9L.Dies","montadora_idmontadora":"39"}{"idmodelo":"1654","nome_modelo":"Sprinter 310 Van Std. 9Lug. 2.5 Diesel","montadora_idmontadora":"39"}{"idmodelo":"1655","nome_modelo":"Sprinter 311 Chassi 2.2 Diesel","montadora_idmontadora":"39"}{"idmodelo":"1656","nome_modelo":"Sprinter 311 Furg\u00e3o Curto 2.2 Dies","montadora_idmontadora":"39"}{"idmodelo":"1657","nome_modelo":"Sprinter 311 Furg\u00e3o Longo 2.2 Dies","montadora_idmontadora":"39"}{"idmodelo":"1658","nome_modelo":"Sprinter 311 Furg\u00e3o Longo Teto alto Dies","montadora_idmontadora":"39"}{"idmodelo":"1659","nome_modelo":"Sprinter 311 Street Luxo 2.2 16Lug. Dies","montadora_idmontadora":"39"}{"idmodelo":"1660","nome_modelo":"Sprinter 311 Street Std. 2.2 16Lug. Dies","montadora_idmontadora":"39"}{"idmodelo":"1661","nome_modelo":"Sprinter 311 VAN Luxo 2.2 109cv 13L Dies","montadora_idmontadora":"39"}{"idmodelo":"1662","nome_modelo":"Sprinter 311 VAN Luxo 2.2 109cv 16L Dies","montadora_idmontadora":"39"}{"idmodelo":"1663","nome_modelo":"Sprinter 311 VAN Std. 2.2 109cv 13L Dies","montadora_idmontadora":"39"}{"idmodelo":"1664","nome_modelo":"Sprinter 311 VAN Std. 2.2 109cv 16L Dies","montadora_idmontadora":"39"}{"idmodelo":"1665","nome_modelo":"Sprinter 312 Furg\u00e3o Curto Diesel","montadora_idmontadora":"39"}{"idmodelo":"1666","nome_modelo":"Sprinter 312 Furg\u00e3o Longo Diesel","montadora_idmontadora":"39"}{"idmodelo":"1667","nome_modelo":"Sprinter 312 Furg\u00e3o Longo T.Alto Diesel","montadora_idmontadora":"39"}{"idmodelo":"1668","nome_modelo":"Sprinter 312 Van Exec. 10Lug. 2.5 Diesel","montadora_idmontadora":"39"}{"idmodelo":"1669","nome_modelo":"Sprinter 312 Van Exec. 12Lug. Diesel","montadora_idmontadora":"39"}{"idmodelo":"1670","nome_modelo":"Sprinter 312 Van Luxo 10lug. Diesel","montadora_idmontadora":"39"}{"idmodelo":"1671","nome_modelo":"Sprinter 312 Van Luxo 12lug. Diesel","montadora_idmontadora":"39"}{"idmodelo":"1672","nome_modelo":"Sprinter 312 Van Luxo 15lug. Diesel","montadora_idmontadora":"39"}{"idmodelo":"1673","nome_modelo":"Sprinter 312 Van Luxo 16lug. Diesel","montadora_idmontadora":"39"}{"idmodelo":"1674","nome_modelo":"Sprinter 312 Van Luxo Lota\u00e7\u00e3o 16lug.Dies","montadora_idmontadora":"39"}{"idmodelo":"1675","nome_modelo":"Sprinter 312 Van Std 12lug. Diesel","montadora_idmontadora":"39"}{"idmodelo":"1676","nome_modelo":"Sprinter 312 Van Std 16lug. Diesel","montadora_idmontadora":"39"}{"idmodelo":"1677","nome_modelo":"Sprinter 312 Van Std Lota\u00e7\u00e3o 16lug. Dies","montadora_idmontadora":"39"}{"idmodelo":"1678","nome_modelo":"Sprinter 312 Van Street Luxo 15Lug.Dies.","montadora_idmontadora":"39"}{"idmodelo":"1679","nome_modelo":"Sprinter 312 Van Street Std. 15Lug.Dies.","montadora_idmontadora":"39"}{"idmodelo":"1680","nome_modelo":"Sprinter 312-D Chassi Diesel","montadora_idmontadora":"39"}{"idmodelo":"1681","nome_modelo":"Sprinter 313 Chassi 2.2 129cv Diesel","montadora_idmontadora":"39"}{"idmodelo":"1682","nome_modelo":"Sprinter 313 Furg\u00e3o Curto 2.2 129cv Dies","montadora_idmontadora":"39"}{"idmodelo":"1683","nome_modelo":"Sprinter 313 Furg\u00e3o Longo 2.2 129cv Dies","montadora_idmontadora":"39"}{"idmodelo":"1684","nome_modelo":"Sprinter 313 Furg\u00e3o Longo T. Alto Diesel","montadora_idmontadora":"39"}{"idmodelo":"1685","nome_modelo":"Sprinter 313 VAN Exec 2.2 Mec\/S-Aut Dies","montadora_idmontadora":"39"}{"idmodelo":"1686","nome_modelo":"Sprinter 313 VAN Luxo 2.2 129cv 13L.Dies","montadora_idmontadora":"39"}{"idmodelo":"1687","nome_modelo":"Sprinter 313 VAN Luxo 2.2 129cv 16L Dies","montadora_idmontadora":"39"}{"idmodelo":"1688","nome_modelo":"Sprinter 313 VAN Std. 2.2 129cv 13L.Dies","montadora_idmontadora":"39"}{"idmodelo":"1689","nome_modelo":"Sprinter 313 VAN Std. 2.2 129cv 16L Dies","montadora_idmontadora":"39"}{"idmodelo":"1690","nome_modelo":"Sprinter 313 VAN Street Luxo 16L. Dies.","montadora_idmontadora":"39"}{"idmodelo":"1691","nome_modelo":"Sprinter 313 VAN Street Std. 16L. Dies.","montadora_idmontadora":"39"}{"idmodelo":"1692","nome_modelo":"Sprinter 412-D Chassi Diesel","montadora_idmontadora":"39"}{"idmodelo":"1693","nome_modelo":"Sprinter 413 Furg\u00e3o Longo T.Alto Diesel","montadora_idmontadora":"39"}{"idmodelo":"1694","nome_modelo":"Sprinter 413-D Chassi Curto\/Longo Diesel","montadora_idmontadora":"39"}{"idmodelo":"3802","nome_modelo":"C-350 Avantgarde\/ Elegance 3.5 V6 272cv","montadora_idmontadora":"39"}{"idmodelo":"3803","nome_modelo":"CLS-55 Kompressor AMG 5.5 V8 24V 476cv","montadora_idmontadora":"39"}{"idmodelo":"3826","nome_modelo":"C-230 Avantgarde 2.5 V6 24V 204cv Aut","montadora_idmontadora":"39"}{"idmodelo":"3827","nome_modelo":"C-55 AMG 24V 367cv Aut.","montadora_idmontadora":"39"}{"idmodelo":"3828","nome_modelo":"C-55 Touring AMG 24V 367cv Aut.","montadora_idmontadora":"39"}{"idmodelo":"3829","nome_modelo":"Classe A 200 Elegance 2.0 136cv Aut.","montadora_idmontadora":"39"}{"idmodelo":"3893","nome_modelo":"C-350 Sportcoup\u00e9 3.5 24V 272cv","montadora_idmontadora":"39"}{"idmodelo":"3894","nome_modelo":"C-350 Touring AvantGarde 3.5 24V 272cv","montadora_idmontadora":"39"}{"idmodelo":"3895","nome_modelo":"CLK-350 Avant.\/ Elegance 3.5 24V 272cv","montadora_idmontadora":"39"}{"idmodelo":"3896","nome_modelo":"CLK-350 Avant.\/Eleg. Cabriolet 3.5 272cv","montadora_idmontadora":"39"}{"idmodelo":"3897","nome_modelo":"CLS-350 V6 24V 272cv","montadora_idmontadora":"39"}{"idmodelo":"3898","nome_modelo":"E-350 Touring Avant\/Eleg. 3.5 24V 272cv","montadora_idmontadora":"39"}{"idmodelo":"3899","nome_modelo":"SL-350 3.5 V6 2p","montadora_idmontadora":"39"}{"idmodelo":"3938","nome_modelo":"C-200 Kompressor Avant.1.8 16V Aut","montadora_idmontadora":"39"}{"idmodelo":"3939","nome_modelo":"C-230 Touring Avant. 2.5 24V 204cv Aut.","montadora_idmontadora":"39"}{"idmodelo":"4012","nome_modelo":"Classe B 200 2.0 136cv Aut.","montadora_idmontadora":"39"}{"idmodelo":"4064","nome_modelo":"Classe R 500 5.0 V8 306cv Aut.","montadora_idmontadora":"39"}{"idmodelo":"4191","nome_modelo":"CLS-63 AMG 6.2 V8 32V 514cv","montadora_idmontadora":"39"}{"idmodelo":"4202","nome_modelo":"Classe B 200 2.0 Turbo 193cv Aut.","montadora_idmontadora":"39"}{"idmodelo":"4245","nome_modelo":"E-63 AMG 6.2 V8 32V","montadora_idmontadora":"39"}{"idmodelo":"4250","nome_modelo":"GL-500 5.5 V8 32V 4x4 388cv Aut.","montadora_idmontadora":"39"}{"idmodelo":"4261","nome_modelo":"S-65 AMG 6.0 V12 612cv Aut","montadora_idmontadora":"39"}{"idmodelo":"4318","nome_modelo":"ML-63 AMG 6.2 V8 32V 510cv","montadora_idmontadora":"39"}{"idmodelo":"4358","nome_modelo":"C-200 Kompressor Classic 1.8 16V Aut.","montadora_idmontadora":"39"}{"idmodelo":"4386","nome_modelo":"C-280 Avantgarde 3.0 V6 231cv Aut.","montadora_idmontadora":"39"}{"idmodelo":"4516","nome_modelo":"CL-63 AMG 6.2 V8 32V 525cv","montadora_idmontadora":"39"}{"idmodelo":"4517","nome_modelo":"S-63 AMG 6.2 V8 525cv Aut","montadora_idmontadora":"39"}{"idmodelo":"4518","nome_modelo":"S-63 L AMG 6.2 V8\/5.5 V8 Bi-TB Aut","montadora_idmontadora":"39"}{"idmodelo":"4534","nome_modelo":"Sprinter 413 VAN Luxo 2.2 16 e 20L Dies","montadora_idmontadora":"39"}{"idmodelo":"4627","nome_modelo":"E-350 Sport 3.5 V6 272cv","montadora_idmontadora":"39"}{"idmodelo":"4662","nome_modelo":"C-200 Touring Komp. Avant. 1.8 16V Aut.","montadora_idmontadora":"39"}{"idmodelo":"4663","nome_modelo":"C-63 AMG 6.2 V8 Aut.","montadora_idmontadora":"39"}{"idmodelo":"4685","nome_modelo":"E-500 Sport Avantgarde 5.0 V8 24V 4p Aut","montadora_idmontadora":"39"}{"idmodelo":"4686","nome_modelo":"ML-320 3.0 V6 224cv 4x4 diesel","montadora_idmontadora":"39"}{"idmodelo":"4701","nome_modelo":"SL-63 AMG 6.2 V8 525cv Aut","montadora_idmontadora":"39"}{"idmodelo":"4702","nome_modelo":"SL-65 AMG 6.0 V12 612cv Aut","montadora_idmontadora":"39"}{"idmodelo":"4717","nome_modelo":"C-350 Sport 3.5 V6 272cv","montadora_idmontadora":"39"}{"idmodelo":"4774","nome_modelo":"E-500 Avant. 5.0 V8 4p Aut. (Blindada)","montadora_idmontadora":"39"}{"idmodelo":"4831","nome_modelo":"Classe B 170 1.7 116cv Aut.","montadora_idmontadora":"39"}{"idmodelo":"4832","nome_modelo":"GLK 280 3.0 V6 24V 4x4 231cv Aut.","montadora_idmontadora":"39"}{"idmodelo":"4856","nome_modelo":"CLC 200 Kompressor 1.8 184cv Aut.","montadora_idmontadora":"39"}{"idmodelo":"5002","nome_modelo":"C-300 Avantgarde 3.0 V6 24V 231cv Aut.","montadora_idmontadora":"39"}{"idmodelo":"5003","nome_modelo":"Classe B 180 1.7 116cv Aut.","montadora_idmontadora":"39"}{"idmodelo":"5004","nome_modelo":"E-350 Avant.\/Avant. Execut. 3.5 V6 272cv","montadora_idmontadora":"39"}{"idmodelo":"5031","nome_modelo":"C-63 Touring AMG 6.2 V8 Aut.","montadora_idmontadora":"39"}{"idmodelo":"5032","nome_modelo":"CL-65 AMG 6.0 V12 612cv Aut.","montadora_idmontadora":"39"}{"idmodelo":"5033","nome_modelo":"Classe R 500 L 5.5 V8 388cv Aut.","montadora_idmontadora":"39"}{"idmodelo":"5034","nome_modelo":"E-350 Coupe 3.5 V6 272cv 2p","montadora_idmontadora":"39"}{"idmodelo":"5035","nome_modelo":"ML-350 3.0 V6 4x4 Diesel","montadora_idmontadora":"39"}{"idmodelo":"5134","nome_modelo":"GLK 300 3.0 V6 24V 4x4 231cv Aut.","montadora_idmontadora":"39"}{"idmodelo":"5151","nome_modelo":"G-55 Kompressor AMG 5.5 V8 507cv Aut.","montadora_idmontadora":"39"}{"idmodelo":"5213","nome_modelo":"C-180 Kompressor Classic 1.6 16V Aut.","montadora_idmontadora":"39"}{"idmodelo":"5214","nome_modelo":"S-400 Hybrid 3.5 V6 279cv Aut.","montadora_idmontadora":"39"}{"idmodelo":"5281","nome_modelo":"SL-350 Sport 3.5 V6 316cv","montadora_idmontadora":"39"}{"idmodelo":"5307","nome_modelo":"C-200 CGI Avantgarde 1.8 16V 184cv Aut.","montadora_idmontadora":"39"}{"idmodelo":"5308","nome_modelo":"C-200 CGI Sport 1.8 TB 16V 184cv Aut.","montadora_idmontadora":"39"}{"idmodelo":"5309","nome_modelo":"E-350 Cabrio 3.5 V6 272cv 2p","montadora_idmontadora":"39"}{"idmodelo":"5348","nome_modelo":"C-200 CGI Touring Avantgarde 1.8 16V Aut","montadora_idmontadora":"39"}{"idmodelo":"5349","nome_modelo":"C-300 Sport 3.0 V6 231cv Aut.","montadora_idmontadora":"39"}{"idmodelo":"5380","nome_modelo":"E-500 Coupe Sport 5.5 V8 388cv 2p","montadora_idmontadora":"39"}{"idmodelo":"5399","nome_modelo":"C-180 CGI Classic 1.8 16V 156cv Aut.","montadora_idmontadora":"39"}{"idmodelo":"5423","nome_modelo":"E-500 Avangarde Executive 5.5 V8 388cv","montadora_idmontadora":"39"}{"idmodelo":"5489","nome_modelo":"E-63 Touring AMG 6.2 V8 Aut.","montadora_idmontadora":"39"}{"idmodelo":"5500","nome_modelo":"C-250 CGI Sport 1.8 16V Aut.","montadora_idmontadora":"39"}{"idmodelo":"5538","nome_modelo":"E-250 CGI Avantgarde 1.8 16V 204cv Aut.","montadora_idmontadora":"39"}{"idmodelo":"5593","nome_modelo":"CLS-63 AMG 5.5 V8 557cv Aut.","montadora_idmontadora":"39"}{"idmodelo":"5594","nome_modelo":"E-250 CGI Coupe 1.8 16V 204cv Aut.","montadora_idmontadora":"39"}{"idmodelo":"5625","nome_modelo":"C-180 CGI Coupe 1.8 16V 156cv Aut.","montadora_idmontadora":"39"}{"idmodelo":"5641","nome_modelo":"SLS-63 AMG 6.2 V8 Aut.","montadora_idmontadora":"39"}{"idmodelo":"5642","nome_modelo":"Sprinter 311 Furg\u00e3o E.Longo T.Alto Dies.","montadora_idmontadora":"39"}{"idmodelo":"5730","nome_modelo":"C-350 CGI Sport 3.5 306cv Aut.","montadora_idmontadora":"39"}{"idmodelo":"5745","nome_modelo":"C-63 Coupe AMG 6.2 V8 Aut.","montadora_idmontadora":"39"}{"idmodelo":"5746","nome_modelo":"CLS-350 CGI 3.5 306cv Aut.","montadora_idmontadora":"39"}{"idmodelo":"5747","nome_modelo":"S-63 AMG 5.5 V8 BI-TURBO Aut.","montadora_idmontadora":"39"}{"idmodelo":"5900","nome_modelo":"SLS-63 AMG Roadster 6.3 V8 Aut.","montadora_idmontadora":"39"}{"idmodelo":"5935","nome_modelo":"SLK-250 CGI 1.8 16V 204cv Aut.","montadora_idmontadora":"39"}{"idmodelo":"5979","nome_modelo":"C-180 CGI Touring 1.8 16V Aut.","montadora_idmontadora":"39"}{"idmodelo":"6033","nome_modelo":"E-350 CGI Executive 3.5 306cv Aut.","montadora_idmontadora":"39"}{"idmodelo":"6116","nome_modelo":"E-500 CGI Guard VR4 5.5 V8 4p","montadora_idmontadora":"39"}{"idmodelo":"6118","nome_modelo":"E-500 Coupe Sport 4.7 V8 408cv Aut 2p","montadora_idmontadora":"39"}{"idmodelo":"6120","nome_modelo":"E-63 AMG 5.5 V8 Bi-Turbo Aut.","montadora_idmontadora":"39"}{"idmodelo":"6122","nome_modelo":"E-63 Touring AMG 5.5 V8 Bi-Turbo Aut.","montadora_idmontadora":"39"}{"idmodelo":"6124","nome_modelo":"ML-350 Sport CGI 3.5 V6 306cv 4x4 Aut.","montadora_idmontadora":"39"}{"idmodelo":"6126","nome_modelo":"Sprinter 415 Furg\u00e3o Lon.T.Alto 2.2 Dies","montadora_idmontadora":"39"}{"idmodelo":"6128","nome_modelo":"Sprinter 415 Furg\u00e3o Lon.T.Bai. 2.2 Dies.","montadora_idmontadora":"39"}{"idmodelo":"6129","nome_modelo":"Sprinter 515 Furg\u00e3o E.L.T. Alto 2.2 Die.","montadora_idmontadora":"39"}{"idmodelo":"6179","nome_modelo":"Sprinter 415 Chassi L. 2.2 Diesel","montadora_idmontadora":"39"}{"idmodelo":"6180","nome_modelo":"Sprinter 415 Furg\u00e3o Curto T.B. 2.2 Dies.","montadora_idmontadora":"39"}{"idmodelo":"6181","nome_modelo":"Sprinter 415 Furg\u00e3o E.L.T.Alt. 2.2 Dies.","montadora_idmontadora":"39"}{"idmodelo":"6182","nome_modelo":"Sprinter 415 VAN Luxo T.A. 2.2 Diesel","montadora_idmontadora":"39"}{"idmodelo":"6183","nome_modelo":"Sprinter 415 VAN Luxo T.B. 2.2 Diesel","montadora_idmontadora":"39"}{"idmodelo":"6184","nome_modelo":"Sprinter 415 VAN Standard T.A. 2.2 Dies.","montadora_idmontadora":"39"}{"idmodelo":"6185","nome_modelo":"Sprinter 415 VAN Standard T.B. 2.2 Dies.","montadora_idmontadora":"39"}{"idmodelo":"6186","nome_modelo":"Sprinter 515 Chassi E. L. 2.2 Diesel","montadora_idmontadora":"39"}{"idmodelo":"6187","nome_modelo":"Sprinter 515 Chassi L. 2.2 Diesel","montadora_idmontadora":"39"}{"idmodelo":"6210","nome_modelo":"E-350 CGI Avant. Sport 3.5 306cv Aut.","montadora_idmontadora":"39"}{"idmodelo":"6211","nome_modelo":"E-500 CGI Guard VR4 4.7 V8 408cv 4p","montadora_idmontadora":"39"}{"idmodelo":"6237","nome_modelo":"Classe B 200 CGI 1.6 TB\/Flex Aut.","montadora_idmontadora":"39"}{"idmodelo":"6238","nome_modelo":"Classe B 200 CGI 1.6 TB Sport 156cv Aut","montadora_idmontadora":"39"}{"idmodelo":"6239","nome_modelo":"ML-63 AMG 5.5 V8 Bi-Turbo Aut.","montadora_idmontadora":"39"}{"idmodelo":"6273","nome_modelo":"C-63 Coupe AMG Black Series 6.3 V8 Aut.","montadora_idmontadora":"39"}{"idmodelo":"6300","nome_modelo":"C-180 CGI Sport 1.6 TB 16V 156cv Aut.","montadora_idmontadora":"39"}{"idmodelo":"6329","nome_modelo":"C-180 CGI Coupe Sport 1.6 TB 16V Aut.","montadora_idmontadora":"39"}{"idmodelo":"6357","nome_modelo":"C-180 CGI Touring Sport 1.6 TB Aut.","montadora_idmontadora":"39"}{"idmodelo":"6358","nome_modelo":"C-250 CGI Sport Coupe 1.8 16V TB Aut.","montadora_idmontadora":"39"}{"idmodelo":"6359","nome_modelo":"SL-63 AMG 5.5 Bi-Turbo V8 Aut.","montadora_idmontadora":"39"}{"idmodelo":"6360","nome_modelo":"GLK 300 3.5 CGI V6 4x4 252cv Aut.","montadora_idmontadora":"39"}{"idmodelo":"6361","nome_modelo":"Sprinter 515 VAN 2.2 Diesel","montadora_idmontadora":"39"}{"idmodelo":"6443","nome_modelo":"Classe A 200 1.6 TB 16V Style 156cv Aut.","montadora_idmontadora":"39"}{"idmodelo":"6444","nome_modelo":"Classe A 200 1.6 TB 16V Urban 156cv Aut.","montadora_idmontadora":"39"}{"idmodelo":"6445","nome_modelo":"GL-500 4.7 Bi-Turbo V8 4x4 Aut.","montadora_idmontadora":"39"}{"idmodelo":"6446","nome_modelo":"GLK 220 CDI 2.2 TB 4X4 170cv Aut. Diesel","montadora_idmontadora":"39"}{"idmodelo":"6447","nome_modelo":"GLK 220 Sport CDI 2.2 TB 4X4 Aut. Diesel","montadora_idmontadora":"39"}{"idmodelo":"6468","nome_modelo":"GL-63 AMG 5.5 Bi-Turbo 32V 4x4 Aut.","montadora_idmontadora":"39"}{"idmodelo":"6491","nome_modelo":"G-63 AMG 5.5 Bi-Turbo 32V 4x4 Aut.","montadora_idmontadora":"39"}{"idmodelo":"6540","nome_modelo":"E-250 CGI Avantgarde 2.0 TB 211cv Aut.","montadora_idmontadora":"39"}{"idmodelo":"6541","nome_modelo":"E-350 CGI Cabriolet 3.5 306cv Aut.","montadora_idmontadora":"39"}{"idmodelo":"6542","nome_modelo":"E-350 CGI Guard VR4 3.5 306cv Aut.","montadora_idmontadora":"39"}{"idmodelo":"6591","nome_modelo":"ML-350 Sport 3.0 V6 258cv 4X4 Diesel","montadora_idmontadora":"39"}{"idmodelo":"6615","nome_modelo":"E-250 Coupe 2.0 TB 211cv Aut.","montadora_idmontadora":"39"}{"idmodelo":"6642","nome_modelo":"GL-350 Sport 3.0 V6 258cv 4x4 Diesel","montadora_idmontadora":"39"}{"idmodelo":"6698","nome_modelo":"Classe A 45 AMG 2.0 Turbo 360cv Aut.","montadora_idmontadora":"39"}{"idmodelo":"6699","nome_modelo":"CLA-200 First Edition 1.6 TB 16V Aut.","montadora_idmontadora":"39"}{"idmodelo":"6700","nome_modelo":"S-500L 4.7 Bi-Turbo V8 455cv Aut.","montadora_idmontadora":"39"}{"idmodelo":"6754","nome_modelo":"Classe A 250 2.0 TB Sport Aut.","montadora_idmontadora":"39"}{"idmodelo":"6755","nome_modelo":"SLS-63 AMG 6.2 8V Black Series Aut.","montadora_idmontadora":"39"}{"idmodelo":"6840","nome_modelo":"E-250 Cabriolet 2.0 TB 211CV Aut.","montadora_idmontadora":"39"}{"idmodelo":"6867","nome_modelo":"CLA-45 AMG 4MATIC CGI 2.0 TB Aut.","montadora_idmontadora":"39"}{"idmodelo":"6928","nome_modelo":"C-180 CGI Avant. 1.6\/1.6 FlexTB 16V Aut.","montadora_idmontadora":"39"}{"idmodelo":"6929","nome_modelo":"C-180 CGI Exc. 1.6\/1.6 Flex TB 16V Aut.","montadora_idmontadora":"39"}{"idmodelo":"6963","nome_modelo":"C-200 Avantgarde 2.0 TB 16V 184cv Aut.","montadora_idmontadora":"39"}{"idmodelo":"6964","nome_modelo":"C-250 Sport 2.0 16V 211cv Aut.","montadora_idmontadora":"39"}{"idmodelo":"6965","nome_modelo":"CLA-200 Urban 1.6 TB 16V\/Flex Aut.","montadora_idmontadora":"39"}{"idmodelo":"6966","nome_modelo":"CLA-250 Sport 4MATIC 2.0 16V 211cv Aut.","montadora_idmontadora":"39"}{"idmodelo":"7039","nome_modelo":"CLA-200 Vision 1.6 TB 16V Flex Aut.","montadora_idmontadora":"39"}{"idmodelo":"7040","nome_modelo":"GLA 200 Adv. 1.6\/1.6 TB 16V Flex Aut.","montadora_idmontadora":"39"}{"idmodelo":"7041","nome_modelo":"GLA 200 Vis. Black Ed. 1.6 TB 16V Aut.","montadora_idmontadora":"39"}{"idmodelo":"7042","nome_modelo":"GLA 200 Vision 1.6\/1.6 TB 16V Flex Aut.","montadora_idmontadora":"39"}{"idmodelo":"7103","nome_modelo":"E-400 Avantgarde 3.5 V6 Bi-Turbo Aut.","montadora_idmontadora":"39"}{"idmodelo":"7122","nome_modelo":"GLA 45 AMG 4MATIC 2.0 Turbo Aut.","montadora_idmontadora":"39"}{"idmodelo":"7125","nome_modelo":"Sprinter 311 Chassi E. Longa 2.2 Diesel","montadora_idmontadora":"39"}{"idmodelo":"7140","nome_modelo":"C-180 CGI Estate Avant. 1.6 TB 16V Aut.","montadora_idmontadora":"39"}{"idmodelo":"7141","nome_modelo":"CLS-400 3.5 V6 Bi-Turbo 333cv Aut.","montadora_idmontadora":"39"}{"idmodelo":"7160","nome_modelo":"E-250 CGI VR4 2.0 TB Aut.","montadora_idmontadora":"39"}{"idmodelo":"7161","nome_modelo":"GLA 200 Style 1.6 TB 16V\/Flex Aut.","montadora_idmontadora":"39"}{"idmodelo":"7195","nome_modelo":"GLA 250 Sport 2.0 TB 16V 4x2 211cv Aut.","montadora_idmontadora":"39"}{"idmodelo":"7196","nome_modelo":"GLA 250 Vision 2.0 TB 16V 211cv Aut.","montadora_idmontadora":"39"}{"idmodelo":"7197","nome_modelo":"SL-400 3.0 Bi-Turbo V6 2p","montadora_idmontadora":"39"}{"idmodelo":"7228","nome_modelo":"Classe A 200 1.6 TB\/Flex Aut.","montadora_idmontadora":"39"}{"idmodelo":"7229","nome_modelo":"S-63 Coupe AMG 5.5 V8 Bi-Turbo Aut.","montadora_idmontadora":"39"}{"idmodelo":"7262","nome_modelo":"E-400 Cabriolet 3.5 V6 Bi-Turbo Aut.","montadora_idmontadora":"39"}{"idmodelo":"7308","nome_modelo":"C-180 1.6 Turbo 16V\/Flex 16V Aut.","montadora_idmontadora":"39"}{"idmodelo":"7309","nome_modelo":"C-63 S AMG 4.0 V8 Bi-Turbo Aut.","montadora_idmontadora":"39"}{"idmodelo":"7356","nome_modelo":"GT S AMG 4.0 V8 Bi-Turbo 510cv","montadora_idmontadora":"39"}{"idmodelo":"7376","nome_modelo":"C-450 AMG Sport 3.0 TB 362cv Aut.","montadora_idmontadora":"39"}{"idmodelo":"7397","nome_modelo":"GLA 200 Enduro 1.6 TB 16V Flex Aut.","montadora_idmontadora":"39"}{"idmodelo":"7398","nome_modelo":"SLK-300 2.0 Turbo 245cv Aut.","montadora_idmontadora":"39"}{"idmodelo":"7399","nome_modelo":"VITO 111 CDI Furg\u00e3o 1.6 TB Diesel 4p Mec","montadora_idmontadora":"39"}{"idmodelo":"7400","nome_modelo":"VITO TOURER 119 Comf.2.0 Flex 9Lug. Mec.","montadora_idmontadora":"39"}{"idmodelo":"7401","nome_modelo":"VITO TOURER 119 Luxo 2.0 Flex 8Lug. Mec.","montadora_idmontadora":"39"}{"idmodelo":"7430","nome_modelo":"GLA 250 Enduro 2.0 TB 16V 211cv Aut.","montadora_idmontadora":"39"}{"idmodelo":"7484","nome_modelo":"GLE-350 3.0 V6 258cv 4x4 Diesel","montadora_idmontadora":"39"}{"idmodelo":"7485","nome_modelo":"GLE-350 Family 3.0 V6 258cv 4x4 Diesel","montadora_idmontadora":"39"}{"idmodelo":"7486","nome_modelo":"GLE-350 Sport 4MATIC 3.0 V6 4x4 Diesel","montadora_idmontadora":"39"}{"idmodelo":"7508","nome_modelo":"GLC 250 4MATIC 2.0 TB 16V Aut.","montadora_idmontadora":"39"}{"idmodelo":"7509","nome_modelo":"GLC 250 Sport 4MATIC 2.0 TB 16V Aut.","montadora_idmontadora":"39"}{"idmodelo":"7510","nome_modelo":"GLE-400 Coupe 3.0 V6 333cv Aut.","montadora_idmontadora":"39"}{"idmodelo":"7511","nome_modelo":"GLE-400 Night Coupe 3.0 V6 333cv Aut.","montadora_idmontadora":"39"}{"idmodelo":"7512","nome_modelo":"GLE-63 AMG 4MATIC Coupe 5.5 V8 Aut.","montadora_idmontadora":"39"}{"idmodelo":"7594","nome_modelo":"GLS-350 V6 258cv 4x4 Diesel","montadora_idmontadora":"39"}{"idmodelo":"7620","nome_modelo":"C-63 AMG 4.0 V8 Bi-Turbo Aut.","montadora_idmontadora":"39"}{"idmodelo":"7668","nome_modelo":"C-250 Sport Coupe 2.0 16V 211cv Aut.","montadora_idmontadora":"39"}{"idmodelo":"7705","nome_modelo":"SLC-300 2.0 Turbo 245cv Aut.","montadora_idmontadora":"39"}{"idmodelo":"7706","nome_modelo":"Sprinter 313 Chassi Ex. Longo 2.2 Dies.","montadora_idmontadora":"39"}{"idmodelo":"7707","nome_modelo":"Sprinter 313 Chassi Longo 2.2 Diesel","montadora_idmontadora":"39"}{"idmodelo":"7708","nome_modelo":"Sprinter 313 Furg\u00e3o Ex. Longo T. A. Die.","montadora_idmontadora":"39"}{"idmodelo":"7719","nome_modelo":"SLC-43 AMG 3.0 V6 Aut.","montadora_idmontadora":"39"}{"idmodelo":"7738","nome_modelo":"C-43 Coupe AMG 3.0 V6 Bi-Turbo Aut.","montadora_idmontadora":"39"}{"idmodelo":"7739","nome_modelo":"GLE-450 AMG 3.0 V6 367cv Aut.","montadora_idmontadora":"39"}{"idmodelo":"7765","nome_modelo":"C-43 AMG 3.0 V6 Bi-Turbo 367cv Aut","montadora_idmontadora":"39"}{"idmodelo":"7766","nome_modelo":"E-250 Excl. Launch Ed. 2.0 TB 211cv Aut.","montadora_idmontadora":"39"}{"idmodelo":"7767","nome_modelo":"GLA 250 Sport 2.0 TB 16V 4x4 211cv Aut.","montadora_idmontadora":"39"}{"idmodelo":"7768","nome_modelo":"GLE-63 AMG 5.5 V8 557cv Aut.","montadora_idmontadora":"39"}{"idmodelo":"7769","nome_modelo":"GT AMG 4.0 V8 Bi-Turbo 462cv","montadora_idmontadora":"39"}{"idmodelo":"7770","nome_modelo":"S-65 L AMG 6.0 V12 630cv Aut.","montadora_idmontadora":"39"}{"idmodelo":"7800","nome_modelo":"C-300 Anniversary Lim. Edit. 2.0 Aut.","montadora_idmontadora":"39"}{"idmodelo":"7801","nome_modelo":"C-300 Cabriolet 2.0 245cv Aut.","montadora_idmontadora":"39"}{"idmodelo":"7802","nome_modelo":"GLC-43 AMG 4MATIC 3.0 V6 Bi-Turbo Aut.","montadora_idmontadora":"39"}{"idmodelo":"7803","nome_modelo":"GLE-400 Coupe High. 4MATIC 3.0 V6 Aut.","montadora_idmontadora":"39"}{"idmodelo":"7804","nome_modelo":"S-63 Cabriolet AMG 5.5 V8 Bi-Turbo Aut.","montadora_idmontadora":"39"}{"idmodelo":"7837","nome_modelo":"C-63 S Coupe AMG 4.0 V8 Bi-Turbo Aut.","montadora_idmontadora":"39"}{"idmodelo":"7838","nome_modelo":"GLE-43 AMG 4MATIC Coupe 3.0 V6 Bi-TB Aut","montadora_idmontadora":"39"}{"idmodelo":"7886","nome_modelo":"GLC 250 Coupe 4MATIC 2.0 TB 16V Aut.","montadora_idmontadora":"39"}{"idmodelo":"7895","nome_modelo":"E-250 Exclusive 2.0 TB 211cv Aut.","montadora_idmontadora":"39"}{"idmodelo":"7896","nome_modelo":"GLS-500 4MATIC 4.7 Bi-Turbo V8 455cv","montadora_idmontadora":"39"}{"idmodelo":"7927","nome_modelo":"GLE-350 Highway 4MATIC 3.0 V6 Diesel","montadora_idmontadora":"39"}{"idmodelo":"7940","nome_modelo":"GLC 250 Coupe Highway 4MATIC 2.0 TB Aut.","montadora_idmontadora":"39"}{"idmodelo":"7941","nome_modelo":"GLC 250 Highway 4MATIC 2.0 TB Aut.","montadora_idmontadora":"39"}{"idmodelo":"7957","nome_modelo":"C-180 CGI Coupe Avant. 1.6 TB 16V Aut.","montadora_idmontadora":"39"}{"idmodelo":"7958","nome_modelo":"CLA-200 1.6 TB 16V Flex Aut.","montadora_idmontadora":"39"}{"idmodelo":"7975","nome_modelo":"C-250 Avantgarde 2.0 TB 211cv Aut.","montadora_idmontadora":"39"}{"idmodelo":"7976","nome_modelo":"C-300 Estate Avantgarde 2.0 245cv Aut.","montadora_idmontadora":"39"}{"idmodelo":"7977","nome_modelo":"C-300 Sport 2.0 16V Aut.","montadora_idmontadora":"39"}{"idmodelo":"7978","nome_modelo":"E-43 AMG 4MATIC 3.0 V6 401cv Aut.","montadora_idmontadora":"39"}{"idmodelo":"8018","nome_modelo":"E-63 S AMG 4MATIC 4.0 V8 612cv","montadora_idmontadora":"39"}{"idmodelo":"8019","nome_modelo":"GLC-43 AMG Coupe 3.0 V6 Bi-TB 367cv Aut.","montadora_idmontadora":"39"}{"idmodelo":"8060","nome_modelo":"S-500 Maybach 4.7 Bi-Turbo V8 455cv Aut.","montadora_idmontadora":"39"}{"idmodelo":"8102","nome_modelo":"E-300 Coupe 2.0 TB 245cv Aut.","montadora_idmontadora":"39"}{"idmodelo":"8103","nome_modelo":"GLE-43 AMG 4MATIC 3.0 V6 Bi-TB Aut.","montadora_idmontadora":"39"}{"idmodelo":"8104","nome_modelo":"GT R AMG 4.0 V8 Bi-Turbo 585cv","montadora_idmontadora":"39"}{"idmodelo":"8130","nome_modelo":"GLS-63 AMG 4MATIC 5.5 V8 Bi-TB Aut.","montadora_idmontadora":"39"}{"idmodelo":"8181","nome_modelo":"GT C Roadster AMG 4.0 V8 Bi-Turbo 585cv","montadora_idmontadora":"39"}{"idmodelo":"8215","nome_modelo":"CLA-180 1.6 16V 122cv Aut.","montadora_idmontadora":"39"}{"idmodelo":"8216","nome_modelo":"S-560L 4.0 Bi-Turbo V8 469cv Aut.","montadora_idmontadora":"39"}{"idmodelo":"8320","nome_modelo":"E-300 Cabriolet 2.0 TB 245cv Aut.","montadora_idmontadora":"39"}