{"idmodelo":"1474","nome_modelo":"ES-300 3.0","montadora_idmontadora":"34"}{"idmodelo":"1475","nome_modelo":"ES-330 3.3 24V 228cv","montadora_idmontadora":"34"}{"idmodelo":"1476","nome_modelo":"GS 300 3.0 V6 24V","montadora_idmontadora":"34"}{"idmodelo":"1477","nome_modelo":"LS 400 4.0","montadora_idmontadora":"34"}{"idmodelo":"1478","nome_modelo":"LS 430 4.3 32V 281cv","montadora_idmontadora":"34"}{"idmodelo":"1479","nome_modelo":"RX 300 3.0 V6 24V","montadora_idmontadora":"34"}{"idmodelo":"1480","nome_modelo":"SC 400 4.0 V8","montadora_idmontadora":"34"}{"idmodelo":"4260","nome_modelo":"ES-350 3.5 24V 284cv","montadora_idmontadora":"34"}{"idmodelo":"4306","nome_modelo":"LS 460 4.6 32V 347cv","montadora_idmontadora":"34"}{"idmodelo":"6066","nome_modelo":"IS-300 3.0 24V 231cv Aut.","montadora_idmontadora":"34"}{"idmodelo":"6067","nome_modelo":"LS-460L 4.6 V8 32v 347cv Aut.","montadora_idmontadora":"34"}{"idmodelo":"6068","nome_modelo":"RX-350 3.5 24V Aut.","montadora_idmontadora":"34"}{"idmodelo":"6297","nome_modelo":"CT200h 1.8 16V HIBRID Aut.","montadora_idmontadora":"34"}{"idmodelo":"6298","nome_modelo":"CT200h F-Sport 1.8 16V HIBRID Aut.","montadora_idmontadora":"34"}{"idmodelo":"6299","nome_modelo":"RX-350 F-Sport 3.5 24V Aut.","montadora_idmontadora":"34"}{"idmodelo":"6537","nome_modelo":"IS-250 2.5 24V 208cv Aut.","montadora_idmontadora":"34"}{"idmodelo":"6538","nome_modelo":"IS-250 F Sport 2.5 24V 208cv Aut.","montadora_idmontadora":"34"}{"idmodelo":"7158","nome_modelo":"NX-200t F-Sport 2.0 16v 238cv Aut.","montadora_idmontadora":"34"}{"idmodelo":"7159","nome_modelo":"NX-200t Luxury 2.0 16V 238cv Aut.","montadora_idmontadora":"34"}{"idmodelo":"8151","nome_modelo":"NX-300 F-Sport 2.0 16V 238cv Aut.","montadora_idmontadora":"34"}{"idmodelo":"8179","nome_modelo":"NX-300 Dynamic 2.0 16V 238cv Aut.","montadora_idmontadora":"34"}{"idmodelo":"8180","nome_modelo":"NX-300 Luxury 2.0 16V 238cv Aut.","montadora_idmontadora":"34"}{"idmodelo":"8347","nome_modelo":"LS 500h 3.5 V6 24v Aut.","montadora_idmontadora":"34"}