{"idmodelo":"4","nome_modelo":"MARRU\u00c1 2.8 12V 132cv TDI Diesel","montadora_idmontadora":"2"}{"idmodelo":"4563","nome_modelo":"MARRU\u00c1 AM 100 2.8 CD TDI Diesel","montadora_idmontadora":"2"}{"idmodelo":"4564","nome_modelo":"MARRU\u00c1 AM 100 2.8 CS TDI Diesel","montadora_idmontadora":"2"}{"idmodelo":"4565","nome_modelo":"MARRU\u00c1 AM 150 2.8 CD TDI Diesel","montadora_idmontadora":"2"}{"idmodelo":"4566","nome_modelo":"MARRU\u00c1 AM 150 2.8 CS TDI Diesel","montadora_idmontadora":"2"}{"idmodelo":"4567","nome_modelo":"MARRU\u00c1 AM 200 2.8 CD TDI Diesel","montadora_idmontadora":"2"}{"idmodelo":"4568","nome_modelo":"MARRU\u00c1 AM 200 2.8 CS TDI Diesel","montadora_idmontadora":"2"}{"idmodelo":"4569","nome_modelo":"MARRU\u00c1 AM 50 2.8 140cv TDI Diesel","montadora_idmontadora":"2"}