{"idmodelo":"1241","nome_modelo":"Accord Coupe EX","montadora_idmontadora":"25"}{"idmodelo":"1242","nome_modelo":"Accord Sedan EX 2.4\/2.3\/ 2.2 16V","montadora_idmontadora":"25"}{"idmodelo":"1243","nome_modelo":"Accord Sedan EX 2.7\/3.0 24V","montadora_idmontadora":"25"}{"idmodelo":"1244","nome_modelo":"Accord Sedan EXR","montadora_idmontadora":"25"}{"idmodelo":"1245","nome_modelo":"Accord Sedan LX 2.2\/2.4 16V","montadora_idmontadora":"25"}{"idmodelo":"1246","nome_modelo":"Accord SW EX","montadora_idmontadora":"25"}{"idmodelo":"1247","nome_modelo":"Accord SW LX","montadora_idmontadora":"25"}{"idmodelo":"1248","nome_modelo":"Civic Coupe EX\/ EXS 1.6 16V 2p","montadora_idmontadora":"25"}{"idmodelo":"1249","nome_modelo":"Civic CRX\/ Targa VTi","montadora_idmontadora":"25"}{"idmodelo":"1250","nome_modelo":"Civic Sedan EX\/ EXS 1.6 Mec. 4p","montadora_idmontadora":"25"}{"idmodelo":"1251","nome_modelo":"Civic Sedan EX\/ EXS Aut. 4p\/ Del-Sol 2p","montadora_idmontadora":"25"}{"idmodelo":"1252","nome_modelo":"Civic Hatch DX","montadora_idmontadora":"25"}{"idmodelo":"1253","nome_modelo":"Civic Hatch LSi","montadora_idmontadora":"25"}{"idmodelo":"1254","nome_modelo":"Civic Hatch LX Aut.","montadora_idmontadora":"25"}{"idmodelo":"1255","nome_modelo":"Civic Hatch Si","montadora_idmontadora":"25"}{"idmodelo":"1256","nome_modelo":"Civic Hatch VTi","montadora_idmontadora":"25"}{"idmodelo":"1257","nome_modelo":"Civic Sedan LX 1.5\/1.6","montadora_idmontadora":"25"}{"idmodelo":"1258","nome_modelo":"Civic Sedan EX 1.6 16V Aut. 4p (nacion.)","montadora_idmontadora":"25"}{"idmodelo":"1259","nome_modelo":"Civic Sedan EX 1.6 16V Mec. 4p (nacion.)","montadora_idmontadora":"25"}{"idmodelo":"1260","nome_modelo":"Civic Sedan EX 1.7 16V 130cv Aut. 4p","montadora_idmontadora":"25"}{"idmodelo":"1261","nome_modelo":"Civic Sedan EX 1.7 16v 130cv Mec. 4p","montadora_idmontadora":"25"}{"idmodelo":"1262","nome_modelo":"Civic Sedan LX 1.6 16V Aut. 4p","montadora_idmontadora":"25"}{"idmodelo":"1263","nome_modelo":"Civic Sedan LX 1.6 16V Mec. 4p","montadora_idmontadora":"25"}{"idmodelo":"1264","nome_modelo":"Civic Sedan LX 1.7 16V 115cv Mec. 4p","montadora_idmontadora":"25"}{"idmodelo":"1265","nome_modelo":"Civic Sedan LX\/LXL 1.7 16V 115cv Aut. 4p","montadora_idmontadora":"25"}{"idmodelo":"1266","nome_modelo":"Civic Sedan LXB 1.6 16V 4p","montadora_idmontadora":"25"}{"idmodelo":"1267","nome_modelo":"Civic Sedan LXB 1.7 16V 115cv","montadora_idmontadora":"25"}{"idmodelo":"1268","nome_modelo":"Civic Sedan LXL 1.7 16V 130cv Aut 4p","montadora_idmontadora":"25"}{"idmodelo":"1269","nome_modelo":"Civic Sedan LXL 1.7 16V 130cv Mec 4p","montadora_idmontadora":"25"}{"idmodelo":"1270","nome_modelo":"CR-V 2.0 16V Aut.","montadora_idmontadora":"25"}{"idmodelo":"1271","nome_modelo":"CR-V 2.0 16V Mec.","montadora_idmontadora":"25"}{"idmodelo":"1272","nome_modelo":"CR-V 2.4 16V 156cv Aut. 4p","montadora_idmontadora":"25"}{"idmodelo":"1273","nome_modelo":"Fit EX\/S\/EX 1.5 Flex\/Flexone 16V 5p Aut.","montadora_idmontadora":"25"}{"idmodelo":"1274","nome_modelo":"Fit EX\/ S 1.5\/ EX 1.5 Flex 16V 5p Mec.","montadora_idmontadora":"25"}{"idmodelo":"1275","nome_modelo":"Fit LX 1.4\/ 1.4 Flex 8V\/16V 5p Aut.","montadora_idmontadora":"25"}{"idmodelo":"1276","nome_modelo":"Fit LX 1.4\/ 1.4 Flex 8V\/16V 5p Mec.","montadora_idmontadora":"25"}{"idmodelo":"1277","nome_modelo":"Fit LXL 1.4\/ 1.4 Flex 8V\/16V 5p Aut.","montadora_idmontadora":"25"}{"idmodelo":"1278","nome_modelo":"Fit LXL 1.4\/ 1.4 Flex 8V\/16V 5p Mec.","montadora_idmontadora":"25"}{"idmodelo":"1279","nome_modelo":"Odyssey EX Van Aut (6 lug.)","montadora_idmontadora":"25"}{"idmodelo":"1280","nome_modelo":"Odyssey Van LX Aut (6 lug.)","montadora_idmontadora":"25"}{"idmodelo":"1281","nome_modelo":"Passport EX","montadora_idmontadora":"25"}{"idmodelo":"1282","nome_modelo":"Passport LX","montadora_idmontadora":"25"}{"idmodelo":"1283","nome_modelo":"Passport PIck-Up 4x2","montadora_idmontadora":"25"}{"idmodelo":"1284","nome_modelo":"Prelude Coup\u00ea S 2.2","montadora_idmontadora":"25"}{"idmodelo":"1285","nome_modelo":"Prelude Si","montadora_idmontadora":"25"}{"idmodelo":"3889","nome_modelo":"Accord Sedan LX 2.0 16V 150\/156cv Aut.","montadora_idmontadora":"25"}{"idmodelo":"4009","nome_modelo":"Civic Sedan EXS 1.8\/1.8 Flex 16V Aut. 4p","montadora_idmontadora":"25"}{"idmodelo":"4010","nome_modelo":"Civic Sedan LXS 1.8\/1.8 Flex 16V Aut. 4p","montadora_idmontadora":"25"}{"idmodelo":"4011","nome_modelo":"Civic Sedan LXS 1.8\/1.8 Flex 16V Mec. 4p","montadora_idmontadora":"25"}{"idmodelo":"4090","nome_modelo":"Civic Sed LX 1.8 Aut 4p","montadora_idmontadora":"25"}{"idmodelo":"4292","nome_modelo":"Civic Sedan Si 2.0 16V 192cv 4p","montadora_idmontadora":"25"}{"idmodelo":"4629","nome_modelo":"CR-V EXL 2.0 16V 4WD\/2.0 Flexone Aut.","montadora_idmontadora":"25"}{"idmodelo":"4630","nome_modelo":"CR-V LX 2.0 16V 2WD\/2.0 Flexone Aut.","montadora_idmontadora":"25"}{"idmodelo":"4641","nome_modelo":"Accord Sedan EX 3.5 V6 24V","montadora_idmontadora":"25"}{"idmodelo":"4799","nome_modelo":"Fit EXL 1.5 Flex\/Flexone 16V 5p Aut","montadora_idmontadora":"25"}{"idmodelo":"4800","nome_modelo":"Fit EXL 1.5 Flex 16V 5p Mec","montadora_idmontadora":"25"}{"idmodelo":"4971","nome_modelo":"CITY Sedan EX 1.5 Flex 16V 4p Aut.","montadora_idmontadora":"25"}{"idmodelo":"4972","nome_modelo":"CITY Sedan EX 1.5 Flex 16V 4p Mec.","montadora_idmontadora":"25"}{"idmodelo":"4973","nome_modelo":"CITY Sedan EXL 1.5 Flex 16V 4p Aut.","montadora_idmontadora":"25"}{"idmodelo":"4974","nome_modelo":"CITY Sedan EXL 1.5 Flex 16V 4p Mec.","montadora_idmontadora":"25"}{"idmodelo":"4975","nome_modelo":"CITY Sedan LX 1.5 Flex 16V 4p Aut.","montadora_idmontadora":"25"}{"idmodelo":"4976","nome_modelo":"CITY Sedan LX 1.5 Flex 16V 4p Mec.","montadora_idmontadora":"25"}{"idmodelo":"5148","nome_modelo":"Civic Sed. LXL\/LXL SE 1.8 Flex 16V Mec.","montadora_idmontadora":"25"}{"idmodelo":"5149","nome_modelo":"Civic Sed. LXL\/ LXL SE 1.8 Flex 16V Aut.","montadora_idmontadora":"25"}{"idmodelo":"5211","nome_modelo":"Accord Sedan EX 2.0 16V 156cv Aut.","montadora_idmontadora":"25"}{"idmodelo":"5372","nome_modelo":"CITY Sedan DX 1.5 Flex 16V Aut.","montadora_idmontadora":"25"}{"idmodelo":"5373","nome_modelo":"CITY Sedan DX 1.5 Flex 16V Mec.","montadora_idmontadora":"25"}{"idmodelo":"5468","nome_modelo":"Fit DX 1.4 Flex 16V 5p Aut.","montadora_idmontadora":"25"}{"idmodelo":"5469","nome_modelo":"Fit DX 1.4 Flex 16V 5p Mec.","montadora_idmontadora":"25"}{"idmodelo":"5929","nome_modelo":"CR-V LX 2.0 16V 2WD Mec.","montadora_idmontadora":"25"}{"idmodelo":"6270","nome_modelo":"Fit Twist 1.5 Flex 16V 5p Aut.","montadora_idmontadora":"25"}{"idmodelo":"6271","nome_modelo":"Fit Twist 1.5 Flex 16V 5p Mec.","montadora_idmontadora":"25"}{"idmodelo":"6325","nome_modelo":"Civic Sedan EXR 2.0 Flexone 16V Aut. 4p","montadora_idmontadora":"25"}{"idmodelo":"6326","nome_modelo":"Civic Sedan LXR 2.0 Flexone 16V Aut. 4p","montadora_idmontadora":"25"}{"idmodelo":"6534","nome_modelo":"CITY Sedan SPORT 1.5 FLEX 16V 4p Mec.","montadora_idmontadora":"25"}{"idmodelo":"6535","nome_modelo":"CR-V EXL 2.0 Flexone 16V 2WD Aut.","montadora_idmontadora":"25"}{"idmodelo":"6613","nome_modelo":"Fit CX 1.4 Flex 16V 5p Aut.","montadora_idmontadora":"25"}{"idmodelo":"6614","nome_modelo":"Fit CX 1.4 Flex 16V 5p Mec.","montadora_idmontadora":"25"}{"idmodelo":"6779","nome_modelo":"Fit DX 1.5 Flexone 16V 5p Aut.","montadora_idmontadora":"25"}{"idmodelo":"6780","nome_modelo":"Fit DX 1.5 Flexone 16V 5p Mec.","montadora_idmontadora":"25"}{"idmodelo":"6781","nome_modelo":"Fit LX 1.5 Flexone 16V 5p Aut.","montadora_idmontadora":"25"}{"idmodelo":"6782","nome_modelo":"Fit LX 1.5 Flexone 16V 5p Mec.","montadora_idmontadora":"25"}{"idmodelo":"7036","nome_modelo":"Civic Coupe Si 2.4 16V 206cv Mec. 2p","montadora_idmontadora":"25"}{"idmodelo":"7150","nome_modelo":"HR-V EX 1.8 Flexone 16V 5p Aut.","montadora_idmontadora":"25"}{"idmodelo":"7151","nome_modelo":"HR-V EXL 1.8 Flexone 16V 5p Aut.","montadora_idmontadora":"25"}{"idmodelo":"7152","nome_modelo":"HR-V LX 1.8 Flexone 16V 5p Aut.","montadora_idmontadora":"25"}{"idmodelo":"7153","nome_modelo":"HR-V LX 1.8 Flexone 16V 5p Mec.","montadora_idmontadora":"25"}{"idmodelo":"7692","nome_modelo":"Civic Sedan EX 2.0 Flex 16V Aut.4p","montadora_idmontadora":"25"}{"idmodelo":"7693","nome_modelo":"Civic Sedan EXL 2.0 Flex 16V Aut.4p","montadora_idmontadora":"25"}{"idmodelo":"7694","nome_modelo":"Civic Sedan SPORT 2.0 Flex 16V Aut.4p","montadora_idmontadora":"25"}{"idmodelo":"7695","nome_modelo":"Civic Sedan SPORT 2.0 Flex 16V Mec.4p","montadora_idmontadora":"25"}{"idmodelo":"7696","nome_modelo":"Civic Sedan TOURING 1.5 Turbo 16V Aut.4p","montadora_idmontadora":"25"}{"idmodelo":"7898","nome_modelo":"HR-V Touring 1.8 Flexone 16V 5p Aut.","montadora_idmontadora":"25"}{"idmodelo":"7899","nome_modelo":"WR-V EX 1.5 Flexone 16V 5p Aut.","montadora_idmontadora":"25"}{"idmodelo":"7900","nome_modelo":"WR-V EXL 1.5 Flexone 16V 5p Aut.","montadora_idmontadora":"25"}{"idmodelo":"8050","nome_modelo":"Fit Personal 1.5 Flexone 16V 5p Aut.","montadora_idmontadora":"25"}{"idmodelo":"8212","nome_modelo":"CITY Sedan Personal 1.5 Flex 16V Aut.","montadora_idmontadora":"25"}{"idmodelo":"8281","nome_modelo":"Civic Coupe Si 1.5 TB 16V 208cv Mec. 2p","montadora_idmontadora":"25"}{"idmodelo":"8282","nome_modelo":"CR-V Touring 1.5 16V 4WD 5p Aut.","montadora_idmontadora":"25"}