{"idmodelo":"2359","nome_modelo":"Apolo GL 1.8","montadora_idmontadora":"59"}{"idmodelo":"2360","nome_modelo":"Apolo GLS\/ Vip 1.8","montadora_idmontadora":"59"}{"idmodelo":"2361","nome_modelo":"Bora 2.0\/ 2.0 Flex 8v Aut.","montadora_idmontadora":"59"}{"idmodelo":"2362","nome_modelo":"Bora 2.0 8v Comfortline Aut.","montadora_idmontadora":"59"}{"idmodelo":"2363","nome_modelo":"Bora 2.0 8v Comfortline Mec.","montadora_idmontadora":"59"}{"idmodelo":"2364","nome_modelo":"Bora 2.0\/ 2.0 Flex 8v Mec.","montadora_idmontadora":"59"}{"idmodelo":"2365","nome_modelo":"Caravelle 2.4 Diesel","montadora_idmontadora":"59"}{"idmodelo":"2366","nome_modelo":"Corrado 2.0 Turbo","montadora_idmontadora":"59"}{"idmodelo":"2367","nome_modelo":"Corrado G-60 2.8","montadora_idmontadora":"59"}{"idmodelo":"2368","nome_modelo":"CROSSFOX 1.6 Mi Total Flex 8V 5p","montadora_idmontadora":"59"}{"idmodelo":"2369","nome_modelo":"Eurovan 2.4 Diesel","montadora_idmontadora":"59"}{"idmodelo":"2370","nome_modelo":"Fox City 1.0 Mi\/ 1.0Mi Total Flex 8V 5p","montadora_idmontadora":"59"}{"idmodelo":"2371","nome_modelo":"Fox City 1.0Mi\/ 1.0Mi Total Flex 8V 3p","montadora_idmontadora":"59"}{"idmodelo":"2372","nome_modelo":"Fox Plus 1.0Mi\/ 1.0Mi Total Flex 8V 3p","montadora_idmontadora":"59"}{"idmodelo":"2373","nome_modelo":"Fox Plus 1.0Mi\/ 1.0Mi Total Flex 8V 4p","montadora_idmontadora":"59"}{"idmodelo":"2374","nome_modelo":"Fox Plus 1.6Mi\/ 1.6Mi Total Flex 8V 3p","montadora_idmontadora":"59"}{"idmodelo":"2375","nome_modelo":"Fox Plus 1.6Mi\/ 1.6Mi Total Flex 8V 4p","montadora_idmontadora":"59"}{"idmodelo":"2376","nome_modelo":"Fox Sportline\/Sports 1.0\/1.0 Tot.Flex 3p","montadora_idmontadora":"59"}{"idmodelo":"2377","nome_modelo":"Fox Sportline\/Sports 1.6\/1.6 Tot.Flex 3p","montadora_idmontadora":"59"}{"idmodelo":"2378","nome_modelo":"Fox Sportline\/Sports 1.6\/1.6 Tot.Flex 4p","montadora_idmontadora":"59"}{"idmodelo":"2379","nome_modelo":"Fox Sportline\/Sports 1.0 Tot.Flex 8V 4p","montadora_idmontadora":"59"}{"idmodelo":"2380","nome_modelo":"Fusca","montadora_idmontadora":"59"}{"idmodelo":"2381","nome_modelo":"Gol 1.0 Mi FUN\/ Highway\/ Sport 16V 2\/4p","montadora_idmontadora":"59"}{"idmodelo":"2382","nome_modelo":"Gol 1.0 Plus 16v 2p","montadora_idmontadora":"59"}{"idmodelo":"2383","nome_modelo":"Gol 1.0 Plus 16v 4p","montadora_idmontadora":"59"}{"idmodelo":"2384","nome_modelo":"Gol 1.0 Plus 8v 2p","montadora_idmontadora":"59"}{"idmodelo":"2385","nome_modelo":"Gol 1.0 Plus 8v 4p","montadora_idmontadora":"59"}{"idmodelo":"2386","nome_modelo":"Gol 1.0 Power 16v 76cv 4p","montadora_idmontadora":"59"}{"idmodelo":"2387","nome_modelo":"Gol 1.0 Trend\/ Power 8V 2p","montadora_idmontadora":"59"}{"idmodelo":"2388","nome_modelo":"Gol 1.0 Trend\/ Power 8V 4p","montadora_idmontadora":"59"}{"idmodelo":"2389","nome_modelo":"Gol 1.6 Mi Plus Total Flex 8V 2p","montadora_idmontadora":"59"}{"idmodelo":"2390","nome_modelo":"Gol 1.6 Mi Plus Total Flex 8V 4p","montadora_idmontadora":"59"}{"idmodelo":"2391","nome_modelo":"Gol 1.6 Mi Power Total Flex 8V 4p","montadora_idmontadora":"59"}{"idmodelo":"2392","nome_modelo":"Gol 1.6 Mi Rallye Total Flex 8V 4p","montadora_idmontadora":"59"}{"idmodelo":"2393","nome_modelo":"Gol 1.6 Mi\/ 1.6i 2p","montadora_idmontadora":"59"}{"idmodelo":"2394","nome_modelo":"Gol 1.6 Mi\/ Power 1.6 Mi 4p","montadora_idmontadora":"59"}{"idmodelo":"2395","nome_modelo":"Gol 1.8 Mi","montadora_idmontadora":"59"}{"idmodelo":"2396","nome_modelo":"Gol 1.8 Mi 4p","montadora_idmontadora":"59"}{"idmodelo":"2397","nome_modelo":"Gol 1.8 Mi Power Total Flex 8V 4p","montadora_idmontadora":"59"}{"idmodelo":"2398","nome_modelo":"Gol 1.8 Mi Rallye Total Flex 8V 4p","montadora_idmontadora":"59"}{"idmodelo":"2399","nome_modelo":"Gol 1000 (modelo antigo)","montadora_idmontadora":"59"}{"idmodelo":"2400","nome_modelo":"Gol 1000 Mi 16V 2p Turbo","montadora_idmontadora":"59"}{"idmodelo":"2401","nome_modelo":"Gol 1000 Mi 16V 4p Turbo","montadora_idmontadora":"59"}{"idmodelo":"2402","nome_modelo":"Gol 1000 Mi 16V\/ Ouro 2p","montadora_idmontadora":"59"}{"idmodelo":"2403","nome_modelo":"Gol 1000 Mi 16V\/ Ouro 4p","montadora_idmontadora":"59"}{"idmodelo":"2404","nome_modelo":"Gol 1000 Mi 2p \/ 1000i","montadora_idmontadora":"59"}{"idmodelo":"2405","nome_modelo":"Gol 1000 Mi 4p","montadora_idmontadora":"59"}{"idmodelo":"2406","nome_modelo":"Gol 1000 Mi Plus 16V 2p e 4p","montadora_idmontadora":"59"}{"idmodelo":"2407","nome_modelo":"Gol 1000 Mi Plus 8v 2p e 4p","montadora_idmontadora":"59"}{"idmodelo":"2408","nome_modelo":"Gol 1000i Plus 2p","montadora_idmontadora":"59"}{"idmodelo":"2409","nome_modelo":"Gol 2.0 Mi 2p","montadora_idmontadora":"59"}{"idmodelo":"2410","nome_modelo":"Gol 2.0 Mi 4p","montadora_idmontadora":"59"}{"idmodelo":"2411","nome_modelo":"Gol City 1.0 Mi 8V 2p","montadora_idmontadora":"59"}{"idmodelo":"2412","nome_modelo":"Gol City 1.0 Mi 8V 4p","montadora_idmontadora":"59"}{"idmodelo":"2413","nome_modelo":"Gol City (Trend) 1.0 Mi Total Flex 8V 2p","montadora_idmontadora":"59"}{"idmodelo":"2414","nome_modelo":"Gol City (Trend)\/Titan 1.0 T. Flex 8V 4p","montadora_idmontadora":"59"}{"idmodelo":"2415","nome_modelo":"Gol City 1.6 Mi 8V 2p","montadora_idmontadora":"59"}{"idmodelo":"2416","nome_modelo":"Gol City 1.6 Mi 8V 4p","montadora_idmontadora":"59"}{"idmodelo":"2417","nome_modelo":"Gol City 1.6 Mi Total Flex 8V 4p","montadora_idmontadora":"59"}{"idmodelo":"2418","nome_modelo":"Gol CL 1.6 Mi 2p e 4p","montadora_idmontadora":"59"}{"idmodelo":"2419","nome_modelo":"Gol CL 1.8 Mi 2p e 4p","montadora_idmontadora":"59"}{"idmodelo":"2420","nome_modelo":"Gol CLi \/ CL 1.8","montadora_idmontadora":"59"}{"idmodelo":"2421","nome_modelo":"Gol CLi \/ CL\/ Copa\/ Stones 1.6","montadora_idmontadora":"59"}{"idmodelo":"2422","nome_modelo":"Gol Furgao 1.0 mi","montadora_idmontadora":"59"}{"idmodelo":"2423","nome_modelo":"Gol Furg\u00e3o 1.6 Mi\/ 1.6i\/ 1.6","montadora_idmontadora":"59"}{"idmodelo":"2424","nome_modelo":"Gol GL 1.6 Mi\/Star 1.6 e 1.8\/Atlanta 1.6","montadora_idmontadora":"59"}{"idmodelo":"2425","nome_modelo":"Gol GL 1.8 Mi 2p e 4p","montadora_idmontadora":"59"}{"idmodelo":"2426","nome_modelo":"Gol GLi \/ GL\/ Atlanta 1.8","montadora_idmontadora":"59"}{"idmodelo":"2427","nome_modelo":"Gol GLS 2.0 Mi","montadora_idmontadora":"59"}{"idmodelo":"2428","nome_modelo":"Gol GT\/GTS 1.8","montadora_idmontadora":"59"}{"idmodelo":"2429","nome_modelo":"Gol GTi 2.0","montadora_idmontadora":"59"}{"idmodelo":"2430","nome_modelo":"Gol GTi 2000 16V","montadora_idmontadora":"59"}{"idmodelo":"2431","nome_modelo":"Gol L 1.3\/ L\/ LS\/ C\/ S\/ BX\/ Plus 1.6","montadora_idmontadora":"59"}{"idmodelo":"2432","nome_modelo":"Gol Special 1.0 Mi 4p","montadora_idmontadora":"59"}{"idmodelo":"2433","nome_modelo":"Gol Special 1.6 Mi 8V 99cv 2p","montadora_idmontadora":"59"}{"idmodelo":"2434","nome_modelo":"Gol Special\/ Special Xtreme 1.0 Mi 2p","montadora_idmontadora":"59"}{"idmodelo":"2435","nome_modelo":"Gol TSi 1.8\/ 1.8Mi","montadora_idmontadora":"59"}{"idmodelo":"2436","nome_modelo":"Gol TSi 2000 2p e 4p","montadora_idmontadora":"59"}{"idmodelo":"2437","nome_modelo":"Golf 1.6 Mi Trip\/ Sport 101cv 8V","montadora_idmontadora":"59"}{"idmodelo":"2438","nome_modelo":"Golf 1.6Mi\/ 1.6Mi Gener.\/Black & Silver","montadora_idmontadora":"59"}{"idmodelo":"2439","nome_modelo":"Golf 1.8 Mi Sport 150cv Turbo Mec\/Aut.","montadora_idmontadora":"59"}{"idmodelo":"2440","nome_modelo":"Golf 2.0\/ 2.0 Mi Flex Aut\/Tiptronic.","montadora_idmontadora":"59"}{"idmodelo":"2441","nome_modelo":"Golf 2.0\/2.0 T. Flex Mec.(Black & Silv)","montadora_idmontadora":"59"}{"idmodelo":"2442","nome_modelo":"Golf 2.0\/ 2.0 Mi Flex Comfortline Aut.","montadora_idmontadora":"59"}{"idmodelo":"2443","nome_modelo":"Golf 2.0\/ 2.0 Mi Flex Comfortline\/ Sport","montadora_idmontadora":"59"}{"idmodelo":"2444","nome_modelo":"Golf GL 1.8\/ 2.0i 4p","montadora_idmontadora":"59"}{"idmodelo":"2445","nome_modelo":"Golf GLX 2.0 4p","montadora_idmontadora":"59"}{"idmodelo":"2446","nome_modelo":"Golf GTi 1.8 Mi 180\/193cv Turbo 4p Mec.","montadora_idmontadora":"59"}{"idmodelo":"2447","nome_modelo":"Golf GTi 1.8 Mi 180\/193cv Turbo 4p Tip.","montadora_idmontadora":"59"}{"idmodelo":"2448","nome_modelo":"Golf GTi 1.8 Mi 20V 2p Turbo Mec.","montadora_idmontadora":"59"}{"idmodelo":"2449","nome_modelo":"Golf GTi 1.8 Mi 20V Turbo 2p Aut.","montadora_idmontadora":"59"}{"idmodelo":"2450","nome_modelo":"Golf GTi 1.8 Mi 20V Turbo 4p Aut.","montadora_idmontadora":"59"}{"idmodelo":"2451","nome_modelo":"Golf GTi 1.8 Mi 20V Turbo 4p Mec.","montadora_idmontadora":"59"}{"idmodelo":"2452","nome_modelo":"Golf GTI 1.8 Turbo","montadora_idmontadora":"59"}{"idmodelo":"2453","nome_modelo":"Golf GTi 2.0","montadora_idmontadora":"59"}{"idmodelo":"2454","nome_modelo":"Golf GTi Cabrio 2.0 Mi","montadora_idmontadora":"59"}{"idmodelo":"2455","nome_modelo":"Golf GTI VR6\/ Golf 2.8 VR6","montadora_idmontadora":"59"}{"idmodelo":"2456","nome_modelo":"Grand Saveiro Xtreme\/Street 1.6\/1.8\/2.0","montadora_idmontadora":"59"}{"idmodelo":"2457","nome_modelo":"JETTA GLX III 2.8 VR6","montadora_idmontadora":"59"}{"idmodelo":"2458","nome_modelo":"Kombi Carat","montadora_idmontadora":"59"}{"idmodelo":"2459","nome_modelo":"Kombi Escolar 1.6 MPi","montadora_idmontadora":"59"}{"idmodelo":"2460","nome_modelo":"Kombi Furg\u00e3o","montadora_idmontadora":"59"}{"idmodelo":"2461","nome_modelo":"Kombi Furg\u00e3o Diesel","montadora_idmontadora":"59"}{"idmodelo":"2462","nome_modelo":"Kombi Lota\u00e7\u00e3o 1.6 MPi","montadora_idmontadora":"59"}{"idmodelo":"2463","nome_modelo":"Kombi Pick-Up","montadora_idmontadora":"59"}{"idmodelo":"2464","nome_modelo":"Kombi Pick-Up Diesel","montadora_idmontadora":"59"}{"idmodelo":"2465","nome_modelo":"Kombi Standard\/ Luxo\/ S\u00e9rie Prata","montadora_idmontadora":"59"}{"idmodelo":"2466","nome_modelo":"Logus 1.6 \/ CLi \/ CL\/ GL","montadora_idmontadora":"59"}{"idmodelo":"2467","nome_modelo":"Logus 1.8 \/ CLi \/ CL","montadora_idmontadora":"59"}{"idmodelo":"2468","nome_modelo":"Logus GLi \/ GL 1.8","montadora_idmontadora":"59"}{"idmodelo":"2469","nome_modelo":"Logus GLS 1.8","montadora_idmontadora":"59"}{"idmodelo":"2470","nome_modelo":"Logus GLSi \/ GLS 2000","montadora_idmontadora":"59"}{"idmodelo":"2471","nome_modelo":"Logus Wolfsburg Edition 2000i","montadora_idmontadora":"59"}{"idmodelo":"2472","nome_modelo":"New Beetle 2.0 Mi Mec.\/Aut.","montadora_idmontadora":"59"}{"idmodelo":"2473","nome_modelo":"Parati 1.0 Mi FUN\/ SunSet 16V 4p","montadora_idmontadora":"59"}{"idmodelo":"2474","nome_modelo":"Parati 1.0 Mi Plus 16v 4p","montadora_idmontadora":"59"}{"idmodelo":"2475","nome_modelo":"Parati 1.0 Mi Summer 16v 4p","montadora_idmontadora":"59"}{"idmodelo":"2476","nome_modelo":"Parati 1.0 Mi Tour 16V 76cv 4p","montadora_idmontadora":"59"}{"idmodelo":"2477","nome_modelo":"Parati 1.6 Mi\/ 1.6 Mi City","montadora_idmontadora":"59"}{"idmodelo":"2478","nome_modelo":"Parati 1.6Mi\/1.6Mi City\/T.Field T.Flex","montadora_idmontadora":"59"}{"idmodelo":"2479","nome_modelo":"Parati 1.8 Mi City Total Flex 8V 4p","montadora_idmontadora":"59"}{"idmodelo":"2480","nome_modelo":"Parati 1.8 Mi CROSSOVER Total Flex 8V 4p","montadora_idmontadora":"59"}{"idmodelo":"2481","nome_modelo":"Parati 1.8 Mi T. Field Total Flex 8V 4p","montadora_idmontadora":"59"}{"idmodelo":"2482","nome_modelo":"Parati 1.8 Mi Tour 8V 99cv 4p","montadora_idmontadora":"59"}{"idmodelo":"2483","nome_modelo":"Parati 1.8 Mi\/ 1.8 Mi Plus","montadora_idmontadora":"59"}{"idmodelo":"2484","nome_modelo":"Parati 1000 Mi 16V 2p e 4p","montadora_idmontadora":"59"}{"idmodelo":"2485","nome_modelo":"Parati 1000 Mi 16V 4p Turbo","montadora_idmontadora":"59"}{"idmodelo":"2486","nome_modelo":"Parati 2.0 Mi Tour 8V 112cv 4p","montadora_idmontadora":"59"}{"idmodelo":"2487","nome_modelo":"Parati 2.0 Mi\/ 2.0 Mi Track & Field","montadora_idmontadora":"59"}{"idmodelo":"2488","nome_modelo":"Parati C 1.6\/ CL 1.6 Mi 2p e 4p","montadora_idmontadora":"59"}{"idmodelo":"2489","nome_modelo":"Parati CL 1.8 Mi 2p e 4p","montadora_idmontadora":"59"}{"idmodelo":"2490","nome_modelo":"Parati CLi \/ CL\/ Atlanta 1.6","montadora_idmontadora":"59"}{"idmodelo":"2491","nome_modelo":"Parati CLi \/ CL\/ Atlanta 1.8","montadora_idmontadora":"59"}{"idmodelo":"2492","nome_modelo":"Parati CROSSOVER 2.0 8V\/ 1.0 16V TB 4p","montadora_idmontadora":"59"}{"idmodelo":"2493","nome_modelo":"Parati Evidence 1.8 8V\/ 1.0 16V TB 4p","montadora_idmontadora":"59"}{"idmodelo":"2494","nome_modelo":"Parati GL 1.6 Mi\/ 1.6\/ GLS\/ Club 1.6","montadora_idmontadora":"59"}{"idmodelo":"2495","nome_modelo":"Parati GL 1.8 Mi\/ Club 1.8 Mi 2p e 4p","montadora_idmontadora":"59"}{"idmodelo":"2496","nome_modelo":"Parati GLi \/ GL 1.8","montadora_idmontadora":"59"}{"idmodelo":"2497","nome_modelo":"Parati GLS 2.0 Mi 2\/4p","montadora_idmontadora":"59"}{"idmodelo":"2498","nome_modelo":"Parati GLSi 2.0 \/ GLS\/ Surf 1.8","montadora_idmontadora":"59"}{"idmodelo":"2499","nome_modelo":"Parati GTi 2.0 Mi 16V","montadora_idmontadora":"59"}{"idmodelo":"2500","nome_modelo":"Parati 1.6 Mi Plus Total Flex 8V 4p","montadora_idmontadora":"59"}{"idmodelo":"2501","nome_modelo":"Parati Plus\/ LS\/ S","montadora_idmontadora":"59"}{"idmodelo":"2502","nome_modelo":"Parati Utility 1.8 8V\/ 1.0 Turbo 16V","montadora_idmontadora":"59"}{"idmodelo":"2503","nome_modelo":"Passat L\/LS\/LSe\/GL\/GLS\/TS\/Fla\/Vill\/Plus","montadora_idmontadora":"59"}{"idmodelo":"2504","nome_modelo":"Passat 1.8 Aut.","montadora_idmontadora":"59"}{"idmodelo":"2505","nome_modelo":"Passat 1.8 Mec.","montadora_idmontadora":"59"}{"idmodelo":"2506","nome_modelo":"Passat 1.8 Tiptronic","montadora_idmontadora":"59"}{"idmodelo":"2507","nome_modelo":"Passat 2.0","montadora_idmontadora":"59"}{"idmodelo":"2508","nome_modelo":"Passat 2.8 V6 Mec.","montadora_idmontadora":"59"}{"idmodelo":"2509","nome_modelo":"Passat 2.8 V6 Protect Tiptronic","montadora_idmontadora":"59"}{"idmodelo":"2510","nome_modelo":"Passat 2.8 V6 Tiptronic","montadora_idmontadora":"59"}{"idmodelo":"2511","nome_modelo":"Passat Pointer GTS","montadora_idmontadora":"59"}{"idmodelo":"2512","nome_modelo":"Passat Turbo 1.8 Mec.","montadora_idmontadora":"59"}{"idmodelo":"2513","nome_modelo":"Passat Turbo 1.8 Tiptronic","montadora_idmontadora":"59"}{"idmodelo":"2514","nome_modelo":"Passat Variant 1.8 Aut.","montadora_idmontadora":"59"}{"idmodelo":"2515","nome_modelo":"Passat Variant 1.8 Mec.","montadora_idmontadora":"59"}{"idmodelo":"2516","nome_modelo":"Passat Variant 2.0","montadora_idmontadora":"59"}{"idmodelo":"2517","nome_modelo":"Passat Variant 2.8 V6","montadora_idmontadora":"59"}{"idmodelo":"2518","nome_modelo":"Passat Variant 2.8 V6 Tiptronic","montadora_idmontadora":"59"}{"idmodelo":"2519","nome_modelo":"Passat Variant Turbo 1.8","montadora_idmontadora":"59"}{"idmodelo":"2520","nome_modelo":"Passat Variant Turbo 1.8 Tiptronic","montadora_idmontadora":"59"}{"idmodelo":"2521","nome_modelo":"Passat Variant VR6 2.8","montadora_idmontadora":"59"}{"idmodelo":"2522","nome_modelo":"Passat VR6 2.8","montadora_idmontadora":"59"}{"idmodelo":"2523","nome_modelo":"Pointer 1.8 \/ CLi","montadora_idmontadora":"59"}{"idmodelo":"2524","nome_modelo":"Pointer GLi 1.8","montadora_idmontadora":"59"}{"idmodelo":"2525","nome_modelo":"Pointer GLi 2.0","montadora_idmontadora":"59"}{"idmodelo":"2526","nome_modelo":"Pointer GTi 2.0","montadora_idmontadora":"59"}{"idmodelo":"2527","nome_modelo":"Polo 1.0 Mi 79cv 16V 5p","montadora_idmontadora":"59"}{"idmodelo":"2528","nome_modelo":"Polo 1.6 Mi\/ S.Ouro 1.6Mi 101cv 8V 5p","montadora_idmontadora":"59"}{"idmodelo":"2529","nome_modelo":"Polo 1.6 Mi\/S.Ouro 1.6 Mi Tot.Flex 8V 5p","montadora_idmontadora":"59"}{"idmodelo":"2530","nome_modelo":"Polo 2.0 Mi 116cv 8V 5p","montadora_idmontadora":"59"}{"idmodelo":"2531","nome_modelo":"Polo Classic 1.0 Mi 16v 65cv 4p","montadora_idmontadora":"59"}{"idmodelo":"2532","nome_modelo":"Polo Classic\/ Special 1.8 Mi","montadora_idmontadora":"59"}{"idmodelo":"2533","nome_modelo":"Polo Next 1.6 Mi 101cv 8V 5p","montadora_idmontadora":"59"}{"idmodelo":"2534","nome_modelo":"Polo Sedan 1.6 Mi 101cv 8V 4p","montadora_idmontadora":"59"}{"idmodelo":"2535","nome_modelo":"Polo Sedan 1.6 Mi Total Flex 8V 4p","montadora_idmontadora":"59"}{"idmodelo":"2536","nome_modelo":"Polo Sed.\/Sed. COMF. 2.0\/2.0 Flex 8V 4p","montadora_idmontadora":"59"}{"idmodelo":"2537","nome_modelo":"Polo Sedan Evidence 1.6 Mi T.Flex 8v 4p","montadora_idmontadora":"59"}{"idmodelo":"2538","nome_modelo":"Quantum 1.8 Mi\/ 1.8i","montadora_idmontadora":"59"}{"idmodelo":"2539","nome_modelo":"Quantum 2.0 Mi","montadora_idmontadora":"59"}{"idmodelo":"2540","nome_modelo":"Quantum CLi \/ CL \/ C\/ CS\/ CD\/ CG 1.8\/2.0","montadora_idmontadora":"59"}{"idmodelo":"2541","nome_modelo":"Quantum Evidence 2.0 Mi","montadora_idmontadora":"59"}{"idmodelo":"2542","nome_modelo":"Quantum Exclusive 2.0 Mi","montadora_idmontadora":"59"}{"idmodelo":"2543","nome_modelo":"Quantum GLi \/ GL 1.8\/ 2.0","montadora_idmontadora":"59"}{"idmodelo":"2544","nome_modelo":"Quantum GLSi \/ GLS 1.8\/Sport\/ Family 2.0","montadora_idmontadora":"59"}{"idmodelo":"2545","nome_modelo":"Santana 1.8 Mi","montadora_idmontadora":"59"}{"idmodelo":"2546","nome_modelo":"Santana 2.0 Mi 2p e 4p","montadora_idmontadora":"59"}{"idmodelo":"2547","nome_modelo":"Santana CLi \/CL \/C 1.8\/2.0 \/SU 2.0 2p\/4p","montadora_idmontadora":"59"}{"idmodelo":"2548","nome_modelo":"Santana CS\/CD\/CG","montadora_idmontadora":"59"}{"idmodelo":"2549","nome_modelo":"Santana Evidenc 2.0 MI","montadora_idmontadora":"59"}{"idmodelo":"2550","nome_modelo":"Santana Exclusiv 2.0 Mi\/ Executivo 2.0i","montadora_idmontadora":"59"}{"idmodelo":"2551","nome_modelo":"Santana GLi \/ GL\/ Sport 1.8\/ 2.0","montadora_idmontadora":"59"}{"idmodelo":"2552","nome_modelo":"Santana GLSi \/ GLS 1.8\/ 2.0","montadora_idmontadora":"59"}{"idmodelo":"2553","nome_modelo":"Saveiro 1.6 Mi\/ 1.6 Mi Total Flex 8V","montadora_idmontadora":"59"}{"idmodelo":"2554","nome_modelo":"Saveiro 1.6 Mi\/ 1.6Mi City Total Flex 8V","montadora_idmontadora":"59"}{"idmodelo":"2555","nome_modelo":"Saveiro 1.8 Mi","montadora_idmontadora":"59"}{"idmodelo":"2556","nome_modelo":"Saveiro 2.0 Mi","montadora_idmontadora":"59"}{"idmodelo":"2557","nome_modelo":"Saveiro City 1.8 Mi Total Flex 8V","montadora_idmontadora":"59"}{"idmodelo":"2558","nome_modelo":"Saveiro CL 1.6 Mi \/ CL\/ C 1.6","montadora_idmontadora":"59"}{"idmodelo":"2559","nome_modelo":"Saveiro CL\/ Summer 1.8 Mi e 1.8","montadora_idmontadora":"59"}{"idmodelo":"2560","nome_modelo":"Saveiro CROSSOVER 1.8 Mi 8V","montadora_idmontadora":"59"}{"idmodelo":"2561","nome_modelo":"Saveiro CROSSOVER 1.8 Mi Total Flex 8V","montadora_idmontadora":"59"}{"idmodelo":"2562","nome_modelo":"Saveiro Diesel (todas)","montadora_idmontadora":"59"}{"idmodelo":"2563","nome_modelo":"Saveiro FUN 1.8 99cv\/ City e S.Surf 1.6","montadora_idmontadora":"59"}{"idmodelo":"2564","nome_modelo":"Saveiro GL 1.8Mi e 1.6\/GL\/LS\/S\/ Sunset","montadora_idmontadora":"59"}{"idmodelo":"2565","nome_modelo":"Saveiro Super Surf 1.8 Mi 8V 99cv","montadora_idmontadora":"59"}{"idmodelo":"2566","nome_modelo":"Saveiro Super Surf 1.6 Mi Total Flex 8V","montadora_idmontadora":"59"}{"idmodelo":"2567","nome_modelo":"Saveiro Super Surf 1.8 Mi Total Flex 8V","montadora_idmontadora":"59"}{"idmodelo":"2568","nome_modelo":"Saveiro TSi 2.0 Mi","montadora_idmontadora":"59"}{"idmodelo":"2569","nome_modelo":"TOUAREG 4.2 32V V8 Tiptronic 5p","montadora_idmontadora":"59"}{"idmodelo":"2570","nome_modelo":"Van 1.6 Mi (furg\u00e3o)","montadora_idmontadora":"59"}{"idmodelo":"2571","nome_modelo":"VOYAGE C\/CL\/Fox 1.6","montadora_idmontadora":"59"}{"idmodelo":"2572","nome_modelo":"VOYAGE CL 1.8","montadora_idmontadora":"59"}{"idmodelo":"2573","nome_modelo":"VOYAGE GL 1.8 4p (Argentino)","montadora_idmontadora":"59"}{"idmodelo":"2574","nome_modelo":"VOYAGE GL\/ Special 1.6\/ 1.8","montadora_idmontadora":"59"}{"idmodelo":"2575","nome_modelo":"VOYAGE L\/LS\/Plus\/GLS\/S\/Sport\/Super L.Ang","montadora_idmontadora":"59"}{"idmodelo":"3804","nome_modelo":"Parati 1.8 Mi Plus Total Flex 8V 4p","montadora_idmontadora":"59"}{"idmodelo":"3805","nome_modelo":"Parati COMFORTLINE 1.8 Mi Tot.Flex 8V 4p","montadora_idmontadora":"59"}{"idmodelo":"3806","nome_modelo":"Passat 2.0 FSI Tiptronic","montadora_idmontadora":"59"}{"idmodelo":"3807","nome_modelo":"Saveiro SPORTLINE 1.8 Mi Total Flex 8V","montadora_idmontadora":"59"}{"idmodelo":"3832","nome_modelo":"Gol City 1.6 Mi Total Flex 8V 2p","montadora_idmontadora":"59"}{"idmodelo":"3833","nome_modelo":"Gol Plus 1.0 Mi Total Flex 2p","montadora_idmontadora":"59"}{"idmodelo":"3834","nome_modelo":"Gol Plus 1.0 Mi Total Flex 4p","montadora_idmontadora":"59"}{"idmodelo":"3835","nome_modelo":"TOUAREG 3.2 24V V6 Tiptronic 5p","montadora_idmontadora":"59"}{"idmodelo":"3914","nome_modelo":"Golf Flash 1.6 Mi\/1.6 Mi Tot. Flex 8V 4p","montadora_idmontadora":"59"}{"idmodelo":"3915","nome_modelo":"Kombi Furg\u00e3o 1.4 Mi Total Flex 8V","montadora_idmontadora":"59"}{"idmodelo":"3916","nome_modelo":"Kombi Standard 1.4 Mi Total Flex 8V","montadora_idmontadora":"59"}{"idmodelo":"3917","nome_modelo":"Passat Variant 2.0 FSI 150cv Tiptron.5p","montadora_idmontadora":"59"}{"idmodelo":"3958","nome_modelo":"Gol COPA 1.0 Mi Total Flex 8V 4p","montadora_idmontadora":"59"}{"idmodelo":"3959","nome_modelo":"Gol COPA 1.6 Mi Total Flex 8V 4p","montadora_idmontadora":"59"}{"idmodelo":"3960","nome_modelo":"Parati COMFORTLINE 1.6 Mi Tot.Flex 8V 4p","montadora_idmontadora":"59"}{"idmodelo":"3961","nome_modelo":"Santana COMFORTLINE 1.8 Mi 8V 4p","montadora_idmontadora":"59"}{"idmodelo":"3962","nome_modelo":"Saveiro CROSSOVER 1.6 Mi Total Flex 8V","montadora_idmontadora":"59"}{"idmodelo":"3980","nome_modelo":"Kombi Escolar\/50 anos 1.4 Mi Total Flex","montadora_idmontadora":"59"}{"idmodelo":"3981","nome_modelo":"Kombi Lota\u00e7\u00e3o 1.4 Mi Total Flex 8V","montadora_idmontadora":"59"}{"idmodelo":"3982","nome_modelo":"Polo Sed. COMFORT. 1.6 Mi Tot. Flex 8v","montadora_idmontadora":"59"}{"idmodelo":"3983","nome_modelo":"Polo SPORTLINE 1.6 Mi Total Flex 8V 5p","montadora_idmontadora":"59"}{"idmodelo":"3984","nome_modelo":"Saveiro SPORTLINE 1.6 Mi Total Flex 8V","montadora_idmontadora":"59"}{"idmodelo":"4006","nome_modelo":"Golf 1.6 Mi Total Flex 8V 4p","montadora_idmontadora":"59"}{"idmodelo":"4007","nome_modelo":"SPACEFOX 1.6\/ 1.6 Trend Total Flex 8V 5p","montadora_idmontadora":"59"}{"idmodelo":"4008","nome_modelo":"SPACEFOX COMFORTLINE 1.6 Mi T.Flex 8V 5p","montadora_idmontadora":"59"}{"idmodelo":"4092","nome_modelo":"Gol TECH 1.0 Mi Total Flex 8V 2p","montadora_idmontadora":"59"}{"idmodelo":"4093","nome_modelo":"Gol TECH 1.0 Mi Total Flex 8V 4p","montadora_idmontadora":"59"}{"idmodelo":"4147","nome_modelo":"JETTA 2.5 20V 150\/170cv Tiptronic","montadora_idmontadora":"59"}{"idmodelo":"4148","nome_modelo":"Passat TB 2.0 FSI\/TSI 211cv Tiptronic 4p","montadora_idmontadora":"59"}{"idmodelo":"4149","nome_modelo":"Passat Variant Turbo 2.0 FSI Tiptron. 5p","montadora_idmontadora":"59"}{"idmodelo":"4300","nome_modelo":"Polo GTI 1.8 Mi 150cv 20V Turbo 3p","montadora_idmontadora":"59"}{"idmodelo":"4312","nome_modelo":"Golf Sportline 1.6 Mi Total Flex 8V 4p","montadora_idmontadora":"59"}{"idmodelo":"4322","nome_modelo":"Passat 3.2 V6 FSI 24V 250cv Tip.","montadora_idmontadora":"59"}{"idmodelo":"4323","nome_modelo":"Passat Variant 3.2 V6 FSI 24V 250cv Tip.","montadora_idmontadora":"59"}{"idmodelo":"4349","nome_modelo":"Fox Route 1.0 Mi Total Flex 8V 3p","montadora_idmontadora":"59"}{"idmodelo":"4350","nome_modelo":"Fox Route 1.0 Mi Total Flex 8V 5p","montadora_idmontadora":"59"}{"idmodelo":"4351","nome_modelo":"Fox Route 1.6 Mi Total Flex 8V 3p","montadora_idmontadora":"59"}{"idmodelo":"4352","nome_modelo":"Fox Route 1.6 Mi Total Flex 8V 5p","montadora_idmontadora":"59"}{"idmodelo":"4442","nome_modelo":"TOUAREG 3.6 24V V6 280cv Tiptronic 5p","montadora_idmontadora":"59"}{"idmodelo":"4451","nome_modelo":"Saveiro TITAN 1.6 Mi Total Flex 2p","montadora_idmontadora":"59"}{"idmodelo":"4521","nome_modelo":"Parati SURF 1.6 Mi Total Flex","montadora_idmontadora":"59"}{"idmodelo":"4522","nome_modelo":"Parati SURF 1.8 Mi Total Flex","montadora_idmontadora":"59"}{"idmodelo":"4523","nome_modelo":"Saveiro SURF 1.6 Mi Total Flex 2p","montadora_idmontadora":"59"}{"idmodelo":"4524","nome_modelo":"Saveiro SURF 1.8 Mi Total Flex 2p","montadora_idmontadora":"59"}{"idmodelo":"4649","nome_modelo":"JETTA Variant 2.5 20V 170cv Tiptronic","montadora_idmontadora":"59"}{"idmodelo":"4668","nome_modelo":"Fox extreme 1.6 Mi Total Flex 8V 5p","montadora_idmontadora":"59"}{"idmodelo":"4669","nome_modelo":"Golf TECH 1.6 Mi Total Flex 8V 4p","montadora_idmontadora":"59"}{"idmodelo":"4689","nome_modelo":"Gol (novo) 1.0 Mi Total Flex 8V 4p","montadora_idmontadora":"59"}{"idmodelo":"4690","nome_modelo":"Gol (novo) 1.6 Power\/Highi T.Flex 8v 4P","montadora_idmontadora":"59"}{"idmodelo":"4691","nome_modelo":"Gol (novo) 1.6 Mi Total Flex 8V 4p","montadora_idmontadora":"59"}{"idmodelo":"4703","nome_modelo":"Golf GT 2.0 Mi Total Flex 8V 4p","montadora_idmontadora":"59"}{"idmodelo":"4729","nome_modelo":"SPACEFOX SPORTLINE\/HIGHLINE 1.6 T.Flex","montadora_idmontadora":"59"}{"idmodelo":"4752","nome_modelo":"VOYAGE 1.0\/1.0 City Mi Total Flex 8V 4p","montadora_idmontadora":"59"}{"idmodelo":"4753","nome_modelo":"VOYAGE 1.6\/1.6 City Mi Total Flex 8V 4p","montadora_idmontadora":"59"}{"idmodelo":"4754","nome_modelo":"VOYAGE COMF\/Highli. 1.6 Mi T.Flex 8V 4p","montadora_idmontadora":"59"}{"idmodelo":"4755","nome_modelo":"VOYAGE TREND 1.6 Mi Total Flex 8V 4p","montadora_idmontadora":"59"}{"idmodelo":"4797","nome_modelo":"Polo GT 2.0 Mi Total Flex 8V 5p","montadora_idmontadora":"59"}{"idmodelo":"4835","nome_modelo":"Golf GT 2.0 Mi T. Flex 8V 4p Tiptronic","montadora_idmontadora":"59"}{"idmodelo":"4836","nome_modelo":"SPACEFOX Route 1.6 Mi T.Flex 5p","montadora_idmontadora":"59"}{"idmodelo":"4857","nome_modelo":"EOS Cab. 2.0 Turbo FSI Tiptronic","montadora_idmontadora":"59"}{"idmodelo":"4908","nome_modelo":"Parati TITAN 1.6 Mi Total Flex 8V 4p","montadora_idmontadora":"59"}{"idmodelo":"4909","nome_modelo":"Polo BLUEMOTION 1.6 Total Flex 8V 5p","montadora_idmontadora":"59"}{"idmodelo":"4928","nome_modelo":"Fox SUNRISE 1.0 Mi Total Flex 8V 5p","montadora_idmontadora":"59"}{"idmodelo":"4929","nome_modelo":"Passat CC 3.6 V6 FSI 300cv Tiptronic","montadora_idmontadora":"59"}{"idmodelo":"4930","nome_modelo":"Polo 1.6 E-Flex 8V 5p","montadora_idmontadora":"59"}{"idmodelo":"4931","nome_modelo":"TIGUAN 2.0 TSI 16V 200cv Tiptronic 5p","montadora_idmontadora":"59"}{"idmodelo":"4989","nome_modelo":"Polo I MOTION 1.6 Total Flex 5p","montadora_idmontadora":"59"}{"idmodelo":"4990","nome_modelo":"Polo Sed.COMFORT. I MOTION 1.6 T.Flex 4p","montadora_idmontadora":"59"}{"idmodelo":"4991","nome_modelo":"Polo Sedan I MOTION 1.6 Total Flex 4p","montadora_idmontadora":"59"}{"idmodelo":"4992","nome_modelo":"Polo SPORTLINE I MOTION 1.6 T.Flex 5p","montadora_idmontadora":"59"}{"idmodelo":"5007","nome_modelo":"Golf SILVER EDIT. 2.0 Mi T.Flex 8v Mec.","montadora_idmontadora":"59"}{"idmodelo":"5008","nome_modelo":"Golf SILVER EDIT. 2.0 Mi T.Flex 8V Tip.","montadora_idmontadora":"59"}{"idmodelo":"5009","nome_modelo":"Saveiro 1.6 Mi Total Flex 8V CE","montadora_idmontadora":"59"}{"idmodelo":"5010","nome_modelo":"Saveiro TROOPER 1.6 Mi Total Flex 8V","montadora_idmontadora":"59"}{"idmodelo":"5011","nome_modelo":"Saveiro TROOPER 1.6 Mi Total Flex 8V CE","montadora_idmontadora":"59"}{"idmodelo":"5082","nome_modelo":"Fox 1.0 Mi Total Flex 8V 3p","montadora_idmontadora":"59"}{"idmodelo":"5083","nome_modelo":"Fox 1.0 Mi Total Flex 8V 5p","montadora_idmontadora":"59"}{"idmodelo":"5084","nome_modelo":"Fox 1.6 Mi I MOTION Total Flex 8V 5p","montadora_idmontadora":"59"}{"idmodelo":"5085","nome_modelo":"Fox 1.6 Mi Total Flex 8V 5p","montadora_idmontadora":"59"}{"idmodelo":"5086","nome_modelo":"Fox PRIME\/Higli. 1.6 Total Flex 8V 5p","montadora_idmontadora":"59"}{"idmodelo":"5087","nome_modelo":"Fox PRIME\/Hghi. IMOTION 1.6 T.Flex 8V 5p","montadora_idmontadora":"59"}{"idmodelo":"5113","nome_modelo":"Gol I MOTION 1.6 Mi Total Flex 8V 4p","montadora_idmontadora":"59"}{"idmodelo":"5114","nome_modelo":"Gol 1.6 I MOTI.Power\/Highli T.Flex 8V 4p","montadora_idmontadora":"59"}{"idmodelo":"5115","nome_modelo":"Golf BLACK EDITON 2.0 Mi T. Flex 8V Tip","montadora_idmontadora":"59"}{"idmodelo":"5116","nome_modelo":"VOYAGE I MOTION 1.6 Mi Total Flex 8V","montadora_idmontadora":"59"}{"idmodelo":"5117","nome_modelo":"VOYAGE I MOTION COMF\/Hghli.1.6 T.Flex 8V","montadora_idmontadora":"59"}{"idmodelo":"5118","nome_modelo":"VOYAGE I MOTION TREND 1.6 Mi T. Flex 8V","montadora_idmontadora":"59"}{"idmodelo":"5195","nome_modelo":"Saveiro CROSS 1.6 Mi Total Flex 8V CE","montadora_idmontadora":"59"}{"idmodelo":"5218","nome_modelo":"Gol ECOMOTION 1.0 Mi Total Flex 8V 4p","montadora_idmontadora":"59"}{"idmodelo":"5219","nome_modelo":"Gol ECOMOTION 1.0 Mi Total Flex 8V 2p","montadora_idmontadora":"59"}{"idmodelo":"5220","nome_modelo":"Gol SELE\u00c7\u00c3O 1.0 Mi Total Flex 8V 5p","montadora_idmontadora":"59"}{"idmodelo":"5221","nome_modelo":"Golf Sportline 2.0 Mi Total F. 8V Tip.","montadora_idmontadora":"59"}{"idmodelo":"5261","nome_modelo":"AMAROK Highline CD 2.0 16V TDI 4x4 Dies.","montadora_idmontadora":"59"}{"idmodelo":"5314","nome_modelo":"SPACEFOX TREND I MOTION 1.6 T. Flex 8v","montadora_idmontadora":"59"}{"idmodelo":"5315","nome_modelo":"SPACEFOX SPORTLINE\/HIGHLINE I MOTION 1.6","montadora_idmontadora":"59"}{"idmodelo":"5350","nome_modelo":"AMAROK Trendline CD 2.0 16V TDI 4x4 Dies","montadora_idmontadora":"59"}{"idmodelo":"5404","nome_modelo":"Gol 1.6 Mi Rallye I MOTION T. Flex 8V 4p","montadora_idmontadora":"59"}{"idmodelo":"5476","nome_modelo":"AMAROK SE CD 2.0 16V TDI 4x4 Diesel","montadora_idmontadora":"59"}{"idmodelo":"5512","nome_modelo":"JETTA Comfortline 2.0 T.Flex 8V 4p Mec.","montadora_idmontadora":"59"}{"idmodelo":"5513","nome_modelo":"JETTA Comfortline 2.0 T.Flex 8V 4p Tipt.","montadora_idmontadora":"59"}{"idmodelo":"5514","nome_modelo":"JETTA Highline 2.0 TSI 16V 4p Tiptronic","montadora_idmontadora":"59"}{"idmodelo":"5585","nome_modelo":"AMAROK CD2.0 16V\/S CD2.0 16V TDI 4x2 Die","montadora_idmontadora":"59"}{"idmodelo":"5586","nome_modelo":"AMAROK CD2.0 16V\/S CD2.0 16V TDI 4x4 Die","montadora_idmontadora":"59"}{"idmodelo":"5599","nome_modelo":"Fox Rock in Rio 1.6 Mi Total Flex 8V 5p","montadora_idmontadora":"59"}{"idmodelo":"5600","nome_modelo":"Gol Rock in Rio 1.0 Mi Total Flex 8V 5p","montadora_idmontadora":"59"}{"idmodelo":"5654","nome_modelo":"Polo Sportline 2.0 Mi Total Flex 8V 5p","montadora_idmontadora":"59"}{"idmodelo":"5655","nome_modelo":"SpaceCross 1.6 Mi Total Flex 8V","montadora_idmontadora":"59"}{"idmodelo":"5656","nome_modelo":"SpaceCross I MOTION 1.6 Mi Total Flex 8V","montadora_idmontadora":"59"}{"idmodelo":"5748","nome_modelo":"AMAROK CS2.0 16V\/S2.0 16V TDI 4x2 Diesel","montadora_idmontadora":"59"}{"idmodelo":"5749","nome_modelo":"AMAROK CS2.0 16V\/S2.0 16V TDI 4x4 Diesel","montadora_idmontadora":"59"}{"idmodelo":"5750","nome_modelo":"Gol BLACK 1.0 Mi Total Flex 8V 4p","montadora_idmontadora":"59"}{"idmodelo":"5940","nome_modelo":"AMAROK High.CD 2.0 16V TDI 4x4 Dies. Aut","montadora_idmontadora":"59"}{"idmodelo":"5941","nome_modelo":"Gol 1.0 Total Flex 8V 5p (25 Anos)","montadora_idmontadora":"59"}{"idmodelo":"5983","nome_modelo":"CROSSFOX I MOTION 1.6 Mi T. Flex 8V 5p","montadora_idmontadora":"59"}{"idmodelo":"6039","nome_modelo":"Fox BlueMotion 1.6 Mi Total Flex 3p.","montadora_idmontadora":"59"}{"idmodelo":"6040","nome_modelo":"Fox BlueMotion 1.6 Mi Total Flex 5p.","montadora_idmontadora":"59"}{"idmodelo":"6277","nome_modelo":"AMAROK Trendline CD 2.0 TDI 4X4 Dies Aut","montadora_idmontadora":"59"}{"idmodelo":"6278","nome_modelo":"Fusca 2.0 TSI 16V Aut.","montadora_idmontadora":"59"}{"idmodelo":"6279","nome_modelo":"Fusca 2.0 TSI 16V Mec.","montadora_idmontadora":"59"}{"idmodelo":"6280","nome_modelo":"Gol (novo) 1.0 Mi Total Flex 8V 2p","montadora_idmontadora":"59"}{"idmodelo":"6281","nome_modelo":"Gol (novo) 1.6 Mi Total Flex 8V 2p","montadora_idmontadora":"59"}{"idmodelo":"6454","nome_modelo":"Gol 1.6 Mi I MOTION Total Flex 8V 3p","montadora_idmontadora":"59"}{"idmodelo":"6472","nome_modelo":"Gol TRACK 1.0 Mi Total Flex 8V 4p","montadora_idmontadora":"59"}{"idmodelo":"6548","nome_modelo":"Fox BLUEMOTION 1.0 Mi Total Flex 12V 3p","montadora_idmontadora":"59"}{"idmodelo":"6549","nome_modelo":"Fox BLUEMOTION 1.0 Mi Total Flex 12V 5p","montadora_idmontadora":"59"}{"idmodelo":"6600","nome_modelo":"Golf GTi 2.0 TSI 220cv Aut.","montadora_idmontadora":"59"}{"idmodelo":"6601","nome_modelo":"Golf Highline 1.4 TSI 140cv Aut.","montadora_idmontadora":"59"}{"idmodelo":"6602","nome_modelo":"Golf Highline 1.4 TSI 140cv Mec.","montadora_idmontadora":"59"}{"idmodelo":"6618","nome_modelo":"Kombi LAST EDITION 56 1.4 Mi Total Flex","montadora_idmontadora":"59"}{"idmodelo":"6667","nome_modelo":"Fox SELE\u00c7\u00c3O 1.0 Total Flex 8V 5p","montadora_idmontadora":"59"}{"idmodelo":"6668","nome_modelo":"Fox SELE\u00c7\u00c3O 1.6 Total Flex 8V 5p","montadora_idmontadora":"59"}{"idmodelo":"6669","nome_modelo":"Gol SELE\u00c7\u00c3O 1.6 I MOTION T.Flex 8V 5p","montadora_idmontadora":"59"}{"idmodelo":"6670","nome_modelo":"Gol SELE\u00c7\u00c3O 1.6 Total Flex 8V 5p","montadora_idmontadora":"59"}{"idmodelo":"6671","nome_modelo":"VOYAGE SELE\u00c7\u00c3O 1.0 Mi Total Flex 8V 4p","montadora_idmontadora":"59"}{"idmodelo":"6672","nome_modelo":"VOYAGE SELE\u00c7\u00c3O 1.6 I MOTION T.Flex 8V 4p","montadora_idmontadora":"59"}{"idmodelo":"6673","nome_modelo":"VOYAGE SELE\u00c7\u00c3O 1.6 Total Flex 8V 4p","montadora_idmontadora":"59"}{"idmodelo":"6715","nome_modelo":"up! black\/white\/red 1.0 T. Flex 12V 5p","montadora_idmontadora":"59"}{"idmodelo":"6716","nome_modelo":"up! high 1.0 Total Flex 12V 5p","montadora_idmontadora":"59"}{"idmodelo":"6717","nome_modelo":"up! move 1.0 Total Flex 12V 5p","montadora_idmontadora":"59"}{"idmodelo":"6718","nome_modelo":"up! take 1.0 Total Flex 12V 5p","montadora_idmontadora":"59"}{"idmodelo":"6784","nome_modelo":"Fox SELE\u00c7\u00c3O IMOTION 1.6 Mi T. Flex 8V 5p","montadora_idmontadora":"59"}{"idmodelo":"6785","nome_modelo":"Gol Trendline 1.0 T.Flex 8V 3p","montadora_idmontadora":"59"}{"idmodelo":"6786","nome_modelo":"Gol Trendline 1.0 T.Flex 8V 5p","montadora_idmontadora":"59"}{"idmodelo":"6787","nome_modelo":"Gol Comfortline 1.0 T. Flex 8V 3p","montadora_idmontadora":"59"}{"idmodelo":"6788","nome_modelo":"Gol Comfortline 1.0 T. Flex 8V 5p","montadora_idmontadora":"59"}{"idmodelo":"6789","nome_modelo":"Gol Comfortline 1.6 T. Flex 8V 3p","montadora_idmontadora":"59"}{"idmodelo":"6790","nome_modelo":"Gol Comfortline 1.6 T. Flex 8V 5p","montadora_idmontadora":"59"}{"idmodelo":"6791","nome_modelo":"Gol I MOTION Comfort. 1.6 T. Flex 8V 3p","montadora_idmontadora":"59"}{"idmodelo":"6792","nome_modelo":"Gol I MOTION Comfort. 1.6 T. Flex 8V 5p","montadora_idmontadora":"59"}{"idmodelo":"6793","nome_modelo":"Gol Rallye I MOTION 1.6 T. Flex 16V 5p","montadora_idmontadora":"59"}{"idmodelo":"6794","nome_modelo":"Gol I Motion Trendline 1.6 T. Flex 8V 5p","montadora_idmontadora":"59"}{"idmodelo":"6795","nome_modelo":"Gol Rallye 1.6 T. Flex 16V 5p","montadora_idmontadora":"59"}{"idmodelo":"6796","nome_modelo":"Gol Trendline 1.6 T.Flex 8V 5p","montadora_idmontadora":"59"}{"idmodelo":"6797","nome_modelo":"Golf Comfortline 1.4 TSI 140cv Aut.","montadora_idmontadora":"59"}{"idmodelo":"6798","nome_modelo":"Golf Comfortline 1.4 TSI 140cv Mec.","montadora_idmontadora":"59"}{"idmodelo":"6799","nome_modelo":"Saveiro Trendline 1.6 T.Flex 8V","montadora_idmontadora":"59"}{"idmodelo":"6800","nome_modelo":"Saveiro Trendline 1.6 T.Flex 8V CE","montadora_idmontadora":"59"}{"idmodelo":"6801","nome_modelo":"Saveiro CROSS 1.6 T. Flex 16V CE","montadora_idmontadora":"59"}{"idmodelo":"6802","nome_modelo":"Saveiro Startline 1.6 T.Flex 8V","montadora_idmontadora":"59"}{"idmodelo":"6803","nome_modelo":"up! black\/white\/red I MOTION 1.0 Flex 5p","montadora_idmontadora":"59"}{"idmodelo":"6804","nome_modelo":"up! high I MOTION 1.0 T. Flex 12V 5p","montadora_idmontadora":"59"}{"idmodelo":"6805","nome_modelo":"up! move 1.0 T. Flex 12V 3p","montadora_idmontadora":"59"}{"idmodelo":"6806","nome_modelo":"up! move I MOTION 1.0 T. Flex 12V 3p","montadora_idmontadora":"59"}{"idmodelo":"6807","nome_modelo":"up! take 1.0 T. Flex 12V 3p","montadora_idmontadora":"59"}{"idmodelo":"6808","nome_modelo":"VOYAGE Trendline 1.0 T.Flex 8V 4p","montadora_idmontadora":"59"}{"idmodelo":"6809","nome_modelo":"VOYAGE Trendline 1.6 T.Flex 8V 4p","montadora_idmontadora":"59"}{"idmodelo":"6810","nome_modelo":"VOYAGE Comfortline 1.0 T.Flex 8V 4p","montadora_idmontadora":"59"}{"idmodelo":"6811","nome_modelo":"VOYAGE Evidence 1.6 Total Flex 8V 4p","montadora_idmontadora":"59"}{"idmodelo":"6812","nome_modelo":"VOYAGE I MOTION Trendline 1.6 T.Flex 8V","montadora_idmontadora":"59"}{"idmodelo":"6813","nome_modelo":"VOYAGE I MOTION Evidence 1.6 T.Flex 8V","montadora_idmontadora":"59"}{"idmodelo":"6846","nome_modelo":"up! move I MOTION 1.0 T. Flex 12V 5p","montadora_idmontadora":"59"}{"idmodelo":"6896","nome_modelo":"Passat CC 2.0 TSI 211cv Tiptronic","montadora_idmontadora":"59"}{"idmodelo":"6934","nome_modelo":"Fox Comfortline 1.0 Flex 8V 5p","montadora_idmontadora":"59"}{"idmodelo":"6935","nome_modelo":"Fox Comfortline 1.6 Flex 8V 5p","montadora_idmontadora":"59"}{"idmodelo":"6936","nome_modelo":"Fox Comfortline I Motion 1.6 Flex 8V 5p","montadora_idmontadora":"59"}{"idmodelo":"6937","nome_modelo":"Fox Highline I MOTION 1.6 Flex 16V 5p","montadora_idmontadora":"59"}{"idmodelo":"6938","nome_modelo":"Fox Highline1.6 Flex 16V 5p","montadora_idmontadora":"59"}{"idmodelo":"6939","nome_modelo":"Fox Trendline 1.0 Flex 8V 5p","montadora_idmontadora":"59"}{"idmodelo":"6940","nome_modelo":"Fox Trendline 1.6 Flex 8V 5p","montadora_idmontadora":"59"}{"idmodelo":"6941","nome_modelo":"Saveiro CROSS 1.6 T.Flex 16v CD","montadora_idmontadora":"59"}{"idmodelo":"6942","nome_modelo":"Saveiro Highline 1.6 T. Flex 8V CD","montadora_idmontadora":"59"}{"idmodelo":"6943","nome_modelo":"Saveiro Trendline 1.6 T.Flex 8V CD","montadora_idmontadora":"59"}{"idmodelo":"6976","nome_modelo":"Gol I Motion Trendline 1.6 T. Flex 8V 3p","montadora_idmontadora":"59"}{"idmodelo":"6977","nome_modelo":"Gol Trendline 1.6 T.Flex 8V 3p","montadora_idmontadora":"59"}{"idmodelo":"7047","nome_modelo":"up! cross 1.0 T. Flex 12V 5p","montadora_idmontadora":"59"}{"idmodelo":"7048","nome_modelo":"up! cross I MOTION 1.0 T.Flex 12V 5p","montadora_idmontadora":"59"}{"idmodelo":"7049","nome_modelo":"Gol Special 1.0 Total Flex 8V 3p","montadora_idmontadora":"59"}{"idmodelo":"7050","nome_modelo":"Gol Special 1.0 Total Flex 8V 5p","montadora_idmontadora":"59"}{"idmodelo":"7051","nome_modelo":"Passat R-Line TB 2.0 TSI Tiptronic 4p","montadora_idmontadora":"59"}{"idmodelo":"7077","nome_modelo":"CROSSFOX 1.6 T. Flex 16V 5p","montadora_idmontadora":"59"}{"idmodelo":"7078","nome_modelo":"CROSSFOX I MOTION 1.6 T. Flex 16V 5p","montadora_idmontadora":"59"}{"idmodelo":"7079","nome_modelo":"Fusca 2.0 R-Line TSI 16V Aut.","montadora_idmontadora":"59"}{"idmodelo":"7172","nome_modelo":"Fox PEPPER 1.6 Flex 16V 5p","montadora_idmontadora":"59"}{"idmodelo":"7173","nome_modelo":"Fox PEPPER I MOTION 1.6 Flex 16V 5p","montadora_idmontadora":"59"}{"idmodelo":"7216","nome_modelo":"JETTA Trendline 2.0 T.Flex 8V 4p Tip.","montadora_idmontadora":"59"}{"idmodelo":"7217","nome_modelo":"SPACEFOX COMF. I MOTION 1.6 Flex 8V 5p","montadora_idmontadora":"59"}{"idmodelo":"7218","nome_modelo":"TOUAREG R-Line 4.2 V8 360cv Tiptronic 5p","montadora_idmontadora":"59"}{"idmodelo":"7235","nome_modelo":"SpaceCross 1.6 Mi Total Flex 16V","montadora_idmontadora":"59"}{"idmodelo":"7236","nome_modelo":"SpaceCross I MOTION 1.6 Mi T. Flex 16V","montadora_idmontadora":"59"}{"idmodelo":"7237","nome_modelo":"SPACEFOX HIGHLINE 1.6 T.Flex 16V","montadora_idmontadora":"59"}{"idmodelo":"7238","nome_modelo":"SPACEFOX HIGHLINE I MOT. 1.6 T.Flex 16V","montadora_idmontadora":"59"}{"idmodelo":"7269","nome_modelo":"Fox Comfortline 1.0 Flex 12V 5p","montadora_idmontadora":"59"}{"idmodelo":"7270","nome_modelo":"Golf Variant Comfortline 1.4 TSI Aut.","montadora_idmontadora":"59"}{"idmodelo":"7271","nome_modelo":"Golf Variant Highline 1.4 TSI Aut.","montadora_idmontadora":"59"}{"idmodelo":"7272","nome_modelo":"Saveiro Rock in Rio 1.6 Total Flex 8V CD","montadora_idmontadora":"59"}{"idmodelo":"7295","nome_modelo":"Fox Trendline 1.0 Flex 12V 5p","montadora_idmontadora":"59"}{"idmodelo":"7320","nome_modelo":"Passat Variant R-Line TB 2.0 TSI Tip. 5p","montadora_idmontadora":"59"}{"idmodelo":"7321","nome_modelo":"SPACEFOX 1.6 Trendline I MOT. T.Flex 8V","montadora_idmontadora":"59"}{"idmodelo":"7322","nome_modelo":"SPACEFOX 1.6 Trendline Total Flex 8v 5p","montadora_idmontadora":"59"}{"idmodelo":"7323","nome_modelo":"up! black\/white\/red 1.0 TSI TFlex 12V 5p","montadora_idmontadora":"59"}{"idmodelo":"7324","nome_modelo":"up! cross 1.0 TSI Total Flex 12V 5p","montadora_idmontadora":"59"}{"idmodelo":"7325","nome_modelo":"up! high 1.0 TSI Total Flex 12V 5p","montadora_idmontadora":"59"}{"idmodelo":"7326","nome_modelo":"up! move 1.0 TSI Total Flex 12V 5p","montadora_idmontadora":"59"}{"idmodelo":"7327","nome_modelo":"up! SPEED 1.0 TSI T. Flex 12V 5p","montadora_idmontadora":"59"}{"idmodelo":"7367","nome_modelo":"AMAROK T. Dark Label CD 2.0 4x4 Dies Aut","montadora_idmontadora":"59"}{"idmodelo":"7410","nome_modelo":"Fox TRACK 1.0 Flex 12V 5p","montadora_idmontadora":"59"}{"idmodelo":"7460","nome_modelo":"Golf Comfortline 1.6 MSI Total Flex Aut.","montadora_idmontadora":"59"}{"idmodelo":"7461","nome_modelo":"Golf Comfortline 1.6 MSI Total Flex Mec.","montadora_idmontadora":"59"}{"idmodelo":"7462","nome_modelo":"Golf Highline 1.4 TSI Total Flex Aut.","montadora_idmontadora":"59"}{"idmodelo":"7463","nome_modelo":"Golf Highline 1.4 TSI Total Flex Mec.","montadora_idmontadora":"59"}{"idmodelo":"7464","nome_modelo":"Golf Variant Comfortline 1.4 TSI Mec.","montadora_idmontadora":"59"}{"idmodelo":"7465","nome_modelo":"Passat Comfortline 2.0 TSI 220cv Tip.","montadora_idmontadora":"59"}{"idmodelo":"7466","nome_modelo":"Passat Highline 2.0 TSI 220cv Tip.","montadora_idmontadora":"59"}{"idmodelo":"7493","nome_modelo":"JETTA Comfortline 1.4 TSI 16V 4p Aut.","montadora_idmontadora":"59"}{"idmodelo":"7494","nome_modelo":"JETTA Trendline 1.4 TSI 16V 4p Aut.","montadora_idmontadora":"59"}{"idmodelo":"7495","nome_modelo":"JETTA Trendline 1.4 TSI 16V 4p Mec.","montadora_idmontadora":"59"}{"idmodelo":"7521","nome_modelo":"Gol Comfortline 1.0 T. Flex 12V 5p","montadora_idmontadora":"59"}{"idmodelo":"7522","nome_modelo":"Gol Trendline 1.0 T.Flex 12V 5p","montadora_idmontadora":"59"}{"idmodelo":"7523","nome_modelo":"VOYAGE Comfortline 1.0 T.Flex 12V 4p","montadora_idmontadora":"59"}{"idmodelo":"7524","nome_modelo":"VOYAGE Trendline 1.0 T.Flex 12V 4p","montadora_idmontadora":"59"}{"idmodelo":"7566","nome_modelo":"Saveiro Robust 1.6 Total Flex 8V","montadora_idmontadora":"59"}{"idmodelo":"7637","nome_modelo":"Fox RUN 1.6 Flex 8V 5p","montadora_idmontadora":"59"}{"idmodelo":"7638","nome_modelo":"Gol Trendline 1.0 T.Flex 12V 3p","montadora_idmontadora":"59"}{"idmodelo":"7639","nome_modelo":"up! Run 1.0 Total Flex 12V 5p","montadora_idmontadora":"59"}{"idmodelo":"7640","nome_modelo":"up! Run I MOTION 1.0 Total Flex 12V 5p","montadora_idmontadora":"59"}{"idmodelo":"7674","nome_modelo":"AMAROK Hig.ULTIMATE CD 2.0 4x4 Dies. Aut","montadora_idmontadora":"59"}{"idmodelo":"7748","nome_modelo":"Golf Variant Highli. 1.4 TSI T.Flex Aut","montadora_idmontadora":"59"}{"idmodelo":"7781","nome_modelo":"Golf Comfortline 1.0 TSI Total Flex Mec.","montadora_idmontadora":"59"}{"idmodelo":"7782","nome_modelo":"Golf Variant Comfort. 1.4 TSI T.Flex Aut","montadora_idmontadora":"59"}{"idmodelo":"7817","nome_modelo":"Gol TRACK 1.0 Total Flex 12V 5p","montadora_idmontadora":"59"}{"idmodelo":"7818","nome_modelo":"up! track 1.0 Total Flex 12V 5p","montadora_idmontadora":"59"}{"idmodelo":"7854","nome_modelo":"AMAROK Hig. Extreme CD 2.0 4x4 Dies. Aut","montadora_idmontadora":"59"}{"idmodelo":"7860","nome_modelo":"TIGUAN 1.4 TSI 16V 150cv 5p","montadora_idmontadora":"59"}{"idmodelo":"7960","nome_modelo":"Saveiro Robust 1.6 Total Flex 8V CD","montadora_idmontadora":"59"}{"idmodelo":"8026","nome_modelo":"Saveiro Pepper 1.6 Flex 8V CD","montadora_idmontadora":"59"}{"idmodelo":"8027","nome_modelo":"Saveiro Pepper 1.6 Flex 8V CE","montadora_idmontadora":"59"}{"idmodelo":"8028","nome_modelo":"up! Pepper 1.0 TSI T.Flex 12V 5p","montadora_idmontadora":"59"}{"idmodelo":"8067","nome_modelo":"Polo 1.6 MSI Flex 16V 5p","montadora_idmontadora":"59"}{"idmodelo":"8068","nome_modelo":"Polo Comfort. 200 TSI 1.0 Flex 12V Aut.","montadora_idmontadora":"59"}{"idmodelo":"8069","nome_modelo":"Polo Highline 200 TSI 1.0 Flex 12V Aut.","montadora_idmontadora":"59"}{"idmodelo":"8070","nome_modelo":"Polo 1.0 Flex 12V 5p","montadora_idmontadora":"59"}{"idmodelo":"8112","nome_modelo":"Fox Connect 1.6 Flex 8V 5p","montadora_idmontadora":"59"}{"idmodelo":"8113","nome_modelo":"Fox Xtreme 1.6 Flex 8V 5p","montadora_idmontadora":"59"}{"idmodelo":"8133","nome_modelo":"Fox Connect I Motion 1.6 Flex 8V 5p","montadora_idmontadora":"59"}{"idmodelo":"8183","nome_modelo":"AMAROK Highline CD 3.0 4x4 TB Dies. Aut.","montadora_idmontadora":"59"}{"idmodelo":"8184","nome_modelo":"VIRTUS 1.6 MSI Flex 16V 5p Mec.","montadora_idmontadora":"59"}{"idmodelo":"8185","nome_modelo":"VIRTUS Comfort. 200 TSI 1.0 Flex 12V Aut","montadora_idmontadora":"59"}{"idmodelo":"8186","nome_modelo":"VIRTUS Highline 200 TSI 1.0 Flex 12V Aut","montadora_idmontadora":"59"}{"idmodelo":"8300","nome_modelo":"TIGUAN Allspac 250 TSI 1.4 Flex","montadora_idmontadora":"59"}{"idmodelo":"8301","nome_modelo":"TIGUAN Allspac Comf 250 TSI 1.4 Flex","montadora_idmontadora":"59"}{"idmodelo":"8302","nome_modelo":"TIGUAN Allspac R-Line 350 TSI 2.0 4x4","montadora_idmontadora":"59"}{"idmodelo":"8323","nome_modelo":"Gol 1.0 Flex 12V 5p","montadora_idmontadora":"59"}{"idmodelo":"8324","nome_modelo":"Gol 1.6 MSI Flex 8V 5p","montadora_idmontadora":"59"}{"idmodelo":"8325","nome_modelo":"VOYAGE 1.0 Flex 12V 4p","montadora_idmontadora":"59"}{"idmodelo":"8326","nome_modelo":"VOYAGE 1.6 MSI Flex 8V 4p","montadora_idmontadora":"59"}{"idmodelo":"8369","nome_modelo":"Golf Comfort. 200 TSI 1.0 Flex 12V Aut.","montadora_idmontadora":"59"}{"idmodelo":"8370","nome_modelo":"Golf GTi 350 TSI 2.0 230cv 16V Aut.","montadora_idmontadora":"59"}{"idmodelo":"8371","nome_modelo":"Golf Highline 250 TSI 1.4 Flex 16V Aut.","montadora_idmontadora":"59"}{"idmodelo":"8372","nome_modelo":"Golf Variant Comf. 250 1.4 TSI Flex Aut.","montadora_idmontadora":"59"}{"idmodelo":"8373","nome_modelo":"Golf Variant High. 250 1.4 TSI Flex Aut.","montadora_idmontadora":"59"}