{"idmodelo":"5498","nome_modelo":"J3 1.4 16V 5p Mec.","montadora_idmontadora":"177"}{"idmodelo":"5499","nome_modelo":"J3 turin Sedan 1.4 16V 4p Mec.","montadora_idmontadora":"177"}{"idmodelo":"5579","nome_modelo":"J6 2.0 16V 5p Mec.","montadora_idmontadora":"177"}{"idmodelo":"5698","nome_modelo":"J3 Brasil 1.4 16V 5p Mec.","montadora_idmontadora":"177"}{"idmodelo":"5699","nome_modelo":"J3 turin Sedan Brasil 1.4 16V 4p Mec.","montadora_idmontadora":"177"}{"idmodelo":"5933","nome_modelo":"J5 Sedan 1.5 16V 4p Mec.","montadora_idmontadora":"177"}{"idmodelo":"6272","nome_modelo":"J2 1.4 16V 5p Mec.","montadora_idmontadora":"177"}{"idmodelo":"6384","nome_modelo":"J3 S 1.5 JET Flex 16V VVT 5p","montadora_idmontadora":"177"}{"idmodelo":"6440","nome_modelo":"T 140 2.8 2p (diesel)","montadora_idmontadora":"177"}{"idmodelo":"6713","nome_modelo":"T8 2.0 16V 5p Mec.","montadora_idmontadora":"177"}{"idmodelo":"6749","nome_modelo":"J3 S turin 1.5 JET Flex 16V 4p Mec.","montadora_idmontadora":"177"}{"idmodelo":"7100","nome_modelo":"J2 1.4 JET Flex 16V 5p Mec","montadora_idmontadora":"177"}{"idmodelo":"7101","nome_modelo":"J6 2.0 JET Flex 5p Mec.","montadora_idmontadora":"177"}{"idmodelo":"7102","nome_modelo":"T6 2.0 JET Flex 5p Mec.","montadora_idmontadora":"177"}{"idmodelo":"7482","nome_modelo":"T5 1.5 JET Flex 16V 5p Mec.","montadora_idmontadora":"177"}{"idmodelo":"7794","nome_modelo":"T5 1.5 JET Flex 16V 5p Aut.","montadora_idmontadora":"177"}{"idmodelo":"7972","nome_modelo":"T40 1.5 JET Flex 16V 5p Mec.","montadora_idmontadora":"177"}{"idmodelo":"8082","nome_modelo":"V260 2.0 16V Diesel","montadora_idmontadora":"177"}{"idmodelo":"8283","nome_modelo":"T40 1.6 16V 5p Aut.","montadora_idmontadora":"177"}