{"idmodelo":"4892","nome_modelo":"COOPER 1.6 Aut.","montadora_idmontadora":"156"}{"idmodelo":"4893","nome_modelo":"COOPER 1.6 Mec.","montadora_idmontadora":"156"}{"idmodelo":"4894","nome_modelo":"COOPER S 1.6 Aut.","montadora_idmontadora":"156"}{"idmodelo":"4895","nome_modelo":"COOPER S Clubman 1.6 Aut.","montadora_idmontadora":"156"}{"idmodelo":"5074","nome_modelo":"COOPER CABRIO 1.6 Aut.","montadora_idmontadora":"156"}{"idmodelo":"5075","nome_modelo":"COOPER CABRIO S 1.6 Aut.","montadora_idmontadora":"156"}{"idmodelo":"5472","nome_modelo":"COOPER Countryman S ALL4 1.6 Aut.","montadora_idmontadora":"156"}{"idmodelo":"5473","nome_modelo":"COOPER John Works 1.6 Mec.","montadora_idmontadora":"156"}{"idmodelo":"5501","nome_modelo":"COOPER Countryman 1.6 Aut.","montadora_idmontadora":"156"}{"idmodelo":"5502","nome_modelo":"COOPER Countryman S 1.6 Aut.","montadora_idmontadora":"156"}{"idmodelo":"5595","nome_modelo":"COOPER CABRIO John Works 1.6 Mec.","montadora_idmontadora":"156"}{"idmodelo":"5596","nome_modelo":"ONE 1.6 Mec.","montadora_idmontadora":"156"}{"idmodelo":"5687","nome_modelo":"COOPER COUPE 1.6 Aut.","montadora_idmontadora":"156"}{"idmodelo":"5688","nome_modelo":"COOPER COUPE S 1.6 Aut.","montadora_idmontadora":"156"}{"idmodelo":"5731","nome_modelo":"COOPER Clubman 1.6 Aut.","montadora_idmontadora":"156"}{"idmodelo":"5732","nome_modelo":"ONE 1.6 Aut.","montadora_idmontadora":"156"}{"idmodelo":"6069","nome_modelo":"COOPER ROADSTER 1.6 Aut.","montadora_idmontadora":"156"}{"idmodelo":"6070","nome_modelo":"COOPER ROADSTER S 1.6 Aut.","montadora_idmontadora":"156"}{"idmodelo":"6492","nome_modelo":"COOPER PACEMAN S 1.6 16V 184cv Aut.","montadora_idmontadora":"156"}{"idmodelo":"6543","nome_modelo":"COOPER CABRIO S HIGHGATE 1.6 Aut.","montadora_idmontadora":"156"}{"idmodelo":"6563","nome_modelo":"COOPER CABRIO John Works 1.6 Aut.","montadora_idmontadora":"156"}{"idmodelo":"6564","nome_modelo":"COOPER COUPE John Works 1.6 Aut.","montadora_idmontadora":"156"}{"idmodelo":"6565","nome_modelo":"COOPER John Works 1.6 Aut.","montadora_idmontadora":"156"}{"idmodelo":"6566","nome_modelo":"COOPER ROADSTER John Works 1.6 Aut.","montadora_idmontadora":"156"}{"idmodelo":"6592","nome_modelo":"COOPER S BAYSWATER 1.6 Aut.","montadora_idmontadora":"156"}{"idmodelo":"6643","nome_modelo":"COOPER PACEMAN S ALL4 1.6 16V Aut.","montadora_idmontadora":"156"}{"idmodelo":"6666","nome_modelo":"COOPER Country. John Works ALL4 1.6 Aut.","montadora_idmontadora":"156"}{"idmodelo":"6701","nome_modelo":"COOPER PACEMAN S John Works ALL4 1.6 Aut","montadora_idmontadora":"156"}{"idmodelo":"6868","nome_modelo":"COOPER 1.5 Turbo 12V 3p Aut.","montadora_idmontadora":"156"}{"idmodelo":"6869","nome_modelo":"COOPER S 2.0 Turbo 16v 3p Aut.","montadora_idmontadora":"156"}{"idmodelo":"7123","nome_modelo":"COOPER S 2.0 Turbo 16V 3p Mec.","montadora_idmontadora":"156"}{"idmodelo":"7162","nome_modelo":"COOPER 1.5 Turbo 12V 5p Aut.","montadora_idmontadora":"156"}{"idmodelo":"7163","nome_modelo":"COOPER S 2.0 Turbo 16V 5p Aut.","montadora_idmontadora":"156"}{"idmodelo":"7357","nome_modelo":"COOPER John Works 2.0 Turbo 3p Aut.","montadora_idmontadora":"156"}{"idmodelo":"7431","nome_modelo":"COOPER S Clubman 2.0 Aut.","montadora_idmontadora":"156"}{"idmodelo":"7720","nome_modelo":"COOPER CABRIO S 2.0 16V Aut.","montadora_idmontadora":"156"}{"idmodelo":"7906","nome_modelo":"COOPER Countryman 1.5 Turbo Aut.","montadora_idmontadora":"156"}{"idmodelo":"7907","nome_modelo":"COOPER Countryman S 2.0 Turbo Aut.","montadora_idmontadora":"156"}{"idmodelo":"7908","nome_modelo":"COOPER Countryman S ALL4 2.0 Turbo Aut.","montadora_idmontadora":"156"}{"idmodelo":"7909","nome_modelo":"COOPER S SEVEN 2.0 TURBO 16V 3p Aut.","montadora_idmontadora":"156"}{"idmodelo":"8131","nome_modelo":"COOPER Country. John Works ALL4 2.0 Aut.","montadora_idmontadora":"156"}{"idmodelo":"8242","nome_modelo":"ONE 1.2 12V Turbo 2p Mec.","montadora_idmontadora":"156"}