{"idmodelo":"417","nome_modelo":"348 GTS 3.4","montadora_idmontadora":"20"}{"idmodelo":"418","nome_modelo":"348 Spider 3.4","montadora_idmontadora":"20"}{"idmodelo":"419","nome_modelo":"348 TS\/TB 3.4","montadora_idmontadora":"20"}{"idmodelo":"420","nome_modelo":"355 Berlinetta","montadora_idmontadora":"20"}{"idmodelo":"421","nome_modelo":"355 Berlinetta F1","montadora_idmontadora":"20"}{"idmodelo":"422","nome_modelo":"355 GTS","montadora_idmontadora":"20"}{"idmodelo":"423","nome_modelo":"355 GTS F1","montadora_idmontadora":"20"}{"idmodelo":"424","nome_modelo":"355 GTS Spider","montadora_idmontadora":"20"}{"idmodelo":"425","nome_modelo":"355 GTS Targa","montadora_idmontadora":"20"}{"idmodelo":"426","nome_modelo":"355 Spider F1","montadora_idmontadora":"20"}{"idmodelo":"427","nome_modelo":"360 Challenge Stradale","montadora_idmontadora":"20"}{"idmodelo":"428","nome_modelo":"360 Modena","montadora_idmontadora":"20"}{"idmodelo":"429","nome_modelo":"360 Modena F1","montadora_idmontadora":"20"}{"idmodelo":"430","nome_modelo":"360 Spider 400cv","montadora_idmontadora":"20"}{"idmodelo":"431","nome_modelo":"360 Spider F1 400cv","montadora_idmontadora":"20"}{"idmodelo":"432","nome_modelo":"456 GT","montadora_idmontadora":"20"}{"idmodelo":"433","nome_modelo":"456 GTA","montadora_idmontadora":"20"}{"idmodelo":"434","nome_modelo":"456 M-GT 5.5 V12","montadora_idmontadora":"20"}{"idmodelo":"435","nome_modelo":"550 Maranello","montadora_idmontadora":"20"}{"idmodelo":"436","nome_modelo":"575M Maranello F1 V12 515cv","montadora_idmontadora":"20"}{"idmodelo":"3812","nome_modelo":"F430 F1","montadora_idmontadora":"20"}{"idmodelo":"3932","nome_modelo":"612 Scaglietti F1 V12 540cv","montadora_idmontadora":"20"}{"idmodelo":"4055","nome_modelo":"F430 Spider F1","montadora_idmontadora":"20"}{"idmodelo":"4289","nome_modelo":"F599 GTB Fiorano F1 6.0 V12 620cv","montadora_idmontadora":"20"}{"idmodelo":"4809","nome_modelo":"F430 SCUDERIA F1","montadora_idmontadora":"20"}{"idmodelo":"5058","nome_modelo":"California F1 V8 460cv","montadora_idmontadora":"20"}{"idmodelo":"6094","nome_modelo":"F458 Italia F1 4.5 V8 570cv","montadora_idmontadora":"20"}{"idmodelo":"6095","nome_modelo":"FF F1 6.3 V12 660cv","montadora_idmontadora":"20"}{"idmodelo":"6156","nome_modelo":"F458 Spider F1 4.5 V8 570cv","montadora_idmontadora":"20"}{"idmodelo":"6463","nome_modelo":"F12 Berlinetta 740cv","montadora_idmontadora":"20"}{"idmodelo":"6912","nome_modelo":"F458 Speciale F1 4.5 V8","montadora_idmontadora":"20"}{"idmodelo":"7179","nome_modelo":"California 3.9 Turbo F1 V8 560cv","montadora_idmontadora":"20"}{"idmodelo":"7502","nome_modelo":"488 GTB 3.9 V8 670cv","montadora_idmontadora":"20"}{"idmodelo":"7788","nome_modelo":"F12 TDF 780cv","montadora_idmontadora":"20"}{"idmodelo":"7876","nome_modelo":"488 Spider 3.9 V8 670cv","montadora_idmontadora":"20"}{"idmodelo":"7881","nome_modelo":"458 Speciale A","montadora_idmontadora":"20"}{"idmodelo":"8176","nome_modelo":"GTC4 LUSSO 6.3 V12 690cv","montadora_idmontadora":"20"}{"idmodelo":"8343","nome_modelo":"812 SUPERFAST V12 800cv","montadora_idmontadora":"20"}