{"idmodelo":"1390","nome_modelo":"Besta EST 2.7 Diesel (10\/12lug.)","montadora_idmontadora":"31"}{"idmodelo":"1391","nome_modelo":"Besta EST Full 2.7 Diesel (10\/12lug.)","montadora_idmontadora":"31"}{"idmodelo":"1392","nome_modelo":"Besta Furg\u00e3o 2.2 Diesel","montadora_idmontadora":"31"}{"idmodelo":"1393","nome_modelo":"Besta Furg\u00e3o 2.7 Diesel","montadora_idmontadora":"31"}{"idmodelo":"1394","nome_modelo":"Besta Furg\u00e3o Grand 3.0 Diesel","montadora_idmontadora":"31"}{"idmodelo":"1395","nome_modelo":"Besta GS 2.7 8V 12L Diesel","montadora_idmontadora":"31"}{"idmodelo":"1396","nome_modelo":"Besta GS Full 2.7 Diesel","montadora_idmontadora":"31"}{"idmodelo":"1397","nome_modelo":"Besta GS Grand 3.0 8V 16L Diesel","montadora_idmontadora":"31"}{"idmodelo":"1398","nome_modelo":"Besta ST 2.2 Diesel (12lug.)","montadora_idmontadora":"31"}{"idmodelo":"1399","nome_modelo":"Bongo K-2400 2.4 Diesel","montadora_idmontadora":"31"}{"idmodelo":"1400","nome_modelo":"Bongo K-2700 2.7 4x2\/4x4 Diesel","montadora_idmontadora":"31"}{"idmodelo":"1401","nome_modelo":"Bongo K-2700 2.7 4x4 CD Diesel","montadora_idmontadora":"31"}{"idmodelo":"1402","nome_modelo":"Bongo K-3500\/K-3600\/110 3.6 Diesel","montadora_idmontadora":"31"}{"idmodelo":"1403","nome_modelo":"Carens LS 1.8 16V 130cv Aut.","montadora_idmontadora":"31"}{"idmodelo":"1404","nome_modelo":"Carens LS 1.8 16V 130cv Mec.","montadora_idmontadora":"31"}{"idmodelo":"1405","nome_modelo":"Carnival 2.5 V6","montadora_idmontadora":"31"}{"idmodelo":"1406","nome_modelo":"Carnival GS 2.9 TDI 16V 125cv Diesel","montadora_idmontadora":"31"}{"idmodelo":"1407","nome_modelo":"Ceres Pick-Up 2.2 Diesel","montadora_idmontadora":"31"}{"idmodelo":"1408","nome_modelo":"Clarus GLX 2.0 16V Aut.","montadora_idmontadora":"31"}{"idmodelo":"1409","nome_modelo":"Clarus GLX 2.0 16V Mec","montadora_idmontadora":"31"}{"idmodelo":"1410","nome_modelo":"Clarus Wagon GLX 2.0 16V Aut.","montadora_idmontadora":"31"}{"idmodelo":"1411","nome_modelo":"Clarus Wagon GLX 2.0 16V Mec.","montadora_idmontadora":"31"}{"idmodelo":"1412","nome_modelo":"Opirus GL 3.5 V6 24V 202cv Aut.","montadora_idmontadora":"31"}{"idmodelo":"1413","nome_modelo":"Sephia GTX 1.5 16V","montadora_idmontadora":"31"}{"idmodelo":"1414","nome_modelo":"Sephia GTX 1.6","montadora_idmontadora":"31"}{"idmodelo":"1415","nome_modelo":"Sephia LS 1.5 16V Aut.","montadora_idmontadora":"31"}{"idmodelo":"1416","nome_modelo":"Sephia LS 1.5 16V Mec.","montadora_idmontadora":"31"}{"idmodelo":"1417","nome_modelo":"Sephia SLX","montadora_idmontadora":"31"}{"idmodelo":"1418","nome_modelo":"Shuma LS 1.5 16V Aut.","montadora_idmontadora":"31"}{"idmodelo":"1419","nome_modelo":"Shuma LS 1.5 16V Mec.","montadora_idmontadora":"31"}{"idmodelo":"1420","nome_modelo":"Sorento EX 2.5 140\/170cv 4x4 Aut.Diesel","montadora_idmontadora":"31"}{"idmodelo":"1421","nome_modelo":"Sorento EX 3.5 V6 24V 197cv 4x4 Aut.","montadora_idmontadora":"31"}{"idmodelo":"1422","nome_modelo":"Sorento LX 2.5 16V 140cv 4x4 Aut. Diesel","montadora_idmontadora":"31"}{"idmodelo":"1423","nome_modelo":"Sorento LX 2.5 16V 140cv 4x4 Mec. Diesel","montadora_idmontadora":"31"}{"idmodelo":"1424","nome_modelo":"Sportage 2.0 16V Aut.","montadora_idmontadora":"31"}{"idmodelo":"1425","nome_modelo":"Sportage 2.0 8V TB-IC Diesel","montadora_idmontadora":"31"}{"idmodelo":"1426","nome_modelo":"Sportage DLX 2.0 16V Aut.","montadora_idmontadora":"31"}{"idmodelo":"1427","nome_modelo":"Sportage DLX 2.0 16V Mec.","montadora_idmontadora":"31"}{"idmodelo":"1428","nome_modelo":"Sportage DLX 2.2 Diesel Mec","montadora_idmontadora":"31"}{"idmodelo":"1429","nome_modelo":"Sportage EX 2.7 V6 4x4 Aut.","montadora_idmontadora":"31"}{"idmodelo":"1430","nome_modelo":"Sportage Grand 2.0 16V Aut.","montadora_idmontadora":"31"}{"idmodelo":"1431","nome_modelo":"Sportage Grand 2.0 16V Mec.","montadora_idmontadora":"31"}{"idmodelo":"1432","nome_modelo":"Sportage Grand 2.0 8V TB-IC Diesel","montadora_idmontadora":"31"}{"idmodelo":"1433","nome_modelo":"Sportage GTE 2.2 4x4 Diesel","montadora_idmontadora":"31"}{"idmodelo":"1434","nome_modelo":"Sportage LX 2.0 16V 142cv 5p","montadora_idmontadora":"31"}{"idmodelo":"1435","nome_modelo":"Sportage Targa 2.0 16V","montadora_idmontadora":"31"}{"idmodelo":"3936","nome_modelo":"Cerato 1.6 16V Mec.","montadora_idmontadora":"31"}{"idmodelo":"3937","nome_modelo":"Cerato 2.0 16V Aut.","montadora_idmontadora":"31"}{"idmodelo":"3970","nome_modelo":"Sorento EX 2.5 16V 4x4 Mec. Diesel","montadora_idmontadora":"31"}{"idmodelo":"4119","nome_modelo":"Carnival EX 3.8 V6 24V 242cv Aut.","montadora_idmontadora":"31"}{"idmodelo":"4121","nome_modelo":"Magentis EX 2.0 16V Aut.","montadora_idmontadora":"31"}{"idmodelo":"4140","nome_modelo":"Bongo K-2700 2.7 4x4 Basculante Diesel","montadora_idmontadora":"31"}{"idmodelo":"4141","nome_modelo":"Picanto EX 1.1\/1.0\/ 1.0 Flex Aut.","montadora_idmontadora":"31"}{"idmodelo":"4142","nome_modelo":"Picanto EX 1.1\/1.0\/ 1.0 Flex Mec.","montadora_idmontadora":"31"}{"idmodelo":"4293","nome_modelo":"Sorento EX 3.8 V6 24V 267cv 4x4 Aut.","montadora_idmontadora":"31"}{"idmodelo":"4425","nome_modelo":"Magentis LX 2.0 16V Aut","montadora_idmontadora":"31"}{"idmodelo":"4440","nome_modelo":"Cerato 1.6 16V Aut.","montadora_idmontadora":"31"}{"idmodelo":"4441","nome_modelo":"Opirus GL 3.8 V6 24V 267cv Aut.","montadora_idmontadora":"31"}{"idmodelo":"4476","nome_modelo":"Bongo K-2500 2.5 4x2 TB Diesel","montadora_idmontadora":"31"}{"idmodelo":"4477","nome_modelo":"Sportage EX 2.0 16V Mec.","montadora_idmontadora":"31"}{"idmodelo":"4684","nome_modelo":"Carens EX 2.0 16V Aut.","montadora_idmontadora":"31"}{"idmodelo":"4863","nome_modelo":"MOHAVE EX 3.8 V6 24V 275cv 4x4 Aut.","montadora_idmontadora":"31"}{"idmodelo":"4891","nome_modelo":"MOHAVE EX 3.0 V6 24V 256cv TB Dies. Aut.","montadora_idmontadora":"31"}{"idmodelo":"4977","nome_modelo":"SOUL 1.6\/ 1.6 16V FLEX Aut.","montadora_idmontadora":"31"}{"idmodelo":"4978","nome_modelo":"SOUL 1.6\/ 1.6 16V FLEX Mec.","montadora_idmontadora":"31"}{"idmodelo":"4999","nome_modelo":"MOHAVE EX 4.6 V8 32V 340cv 4x4 Aut.","montadora_idmontadora":"31"}{"idmodelo":"5249","nome_modelo":"Sorento 2.4 16V 4x2 Aut.","montadora_idmontadora":"31"}{"idmodelo":"5250","nome_modelo":"Sorento 2.4 16V 4x4 Aut.","montadora_idmontadora":"31"}{"idmodelo":"5251","nome_modelo":"Sorento 3.5 V6 24V 4x2 Aut.","montadora_idmontadora":"31"}{"idmodelo":"5252","nome_modelo":"Sorento 3.5 V6 24V 4x4 Aut.","montadora_idmontadora":"31"}{"idmodelo":"5417","nome_modelo":"CADENZA EX 3.5 V6 24V 290cv Aut.","montadora_idmontadora":"31"}{"idmodelo":"5418","nome_modelo":"Sportage EX 2.0 16V\/ 2.0 16V Flex Aut.","montadora_idmontadora":"31"}{"idmodelo":"5419","nome_modelo":"Sportage LX 2.0 16V\/ 2.0 16V Flex Aut.","montadora_idmontadora":"31"}{"idmodelo":"5420","nome_modelo":"Sportage LX 2.0 16V\/ 2.0 16V Flex Mec.","montadora_idmontadora":"31"}{"idmodelo":"5580","nome_modelo":"Carnival EX 3.5 V6 24V 276cv Aut.","montadora_idmontadora":"31"}{"idmodelo":"5581","nome_modelo":"Cerato KOUP 2.0 16V Aut.","montadora_idmontadora":"31"}{"idmodelo":"5934","nome_modelo":"OPTIMA 2.4 16V 180cv Aut.","montadora_idmontadora":"31"}{"idmodelo":"6441","nome_modelo":"Cerato 1.6 16 V Flex Mec.","montadora_idmontadora":"31"}{"idmodelo":"6442","nome_modelo":"Cerato 1.6 16V Flex Aut.","montadora_idmontadora":"31"}{"idmodelo":"6891","nome_modelo":"OPTIMA 2.0 16V 165cv Aut.","montadora_idmontadora":"31"}{"idmodelo":"7073","nome_modelo":"QUORIS EX 3.8 V6 24V 294cv Aut.","montadora_idmontadora":"31"}{"idmodelo":"7351","nome_modelo":"Grand Carnival EX 3.3 V6 24V 270cv Aut.","montadora_idmontadora":"31"}{"idmodelo":"7352","nome_modelo":"Sorento 3.3 V6 24V 270cv 4x2 Aut.","montadora_idmontadora":"31"}{"idmodelo":"8213","nome_modelo":"Picanto GT 1.0 12V Flex Aut.","montadora_idmontadora":"31"}