{"idmodelo":"4500","nome_modelo":"SCORPIO 2.6 CD TB Diesel CRDe 4x4","montadora_idmontadora":"140"}{"idmodelo":"4501","nome_modelo":"SCORPIO 2.6 CS\/ Chassi TB Dies. CRDe 4x4","montadora_idmontadora":"140"}{"idmodelo":"4502","nome_modelo":"SCORPIO GLX SUV 2.6 TB Diesel CRDe 4WD","montadora_idmontadora":"140"}{"idmodelo":"6235","nome_modelo":"PIK-UP CD 2.2 4X4 (diesel) Mec.","montadora_idmontadora":"140"}{"idmodelo":"6236","nome_modelo":"PIK-UP CS 2.2 4X4 (diesel) Mec.","montadora_idmontadora":"140"}{"idmodelo":"6838","nome_modelo":"PIK-UP CD 2.2 4X2 (diesel) Mec.","montadora_idmontadora":"140"}{"idmodelo":"6839","nome_modelo":"PIK-UP CS 2.2 4X2 (diesel) Mec.","montadora_idmontadora":"140"}{"idmodelo":"6962","nome_modelo":"SUV 2.2 4x4 (diesel) Mec.","montadora_idmontadora":"140"}