{"idmodelo":"5346","nome_modelo":"320 ELITE 1.3 16V 88cv 5p","montadora_idmontadora":"168"}{"idmodelo":"5347","nome_modelo":"620 TALENT 1.6 16V 106cv 4p","montadora_idmontadora":"168"}{"idmodelo":"6467","nome_modelo":"X60 1.8 16V 128cv 5p Mec.","montadora_idmontadora":"168"}{"idmodelo":"6871","nome_modelo":"FOISON 1.3 16V 85cv 2p","montadora_idmontadora":"168"}{"idmodelo":"7037","nome_modelo":"530 1.5 16V 103cv 4p","montadora_idmontadora":"168"}{"idmodelo":"7038","nome_modelo":"530 TALENT 1.5 16V 103cv 4p","montadora_idmontadora":"168"}{"idmodelo":"7974","nome_modelo":"X60 VIP 1.8 16V 128cv 5p Aut.","montadora_idmontadora":"168"}