{"idmodelo":"4851","nome_modelo":"TOPIC ESCOLAR L 2.2 8V\/ 2.0 16V 4p","montadora_idmontadora":"154"}{"idmodelo":"4852","nome_modelo":"TOPIC ESCOLAR SL 2.2 8V\/ 2.0 16V 4p","montadora_idmontadora":"154"}{"idmodelo":"4853","nome_modelo":"TOPIC FURGAO L 2.2 8V\/ 2.0 16V 4p","montadora_idmontadora":"154"}{"idmodelo":"4854","nome_modelo":"TOPIC VAN L 2.2 8V\/ 2.0 16V 4p","montadora_idmontadora":"154"}{"idmodelo":"4855","nome_modelo":"TOPIC VAN SL 2.2 8V\/ 2.0 16V 4p","montadora_idmontadora":"154"}{"idmodelo":"5470","nome_modelo":"TOPIC VAN STD 2.0 16V 4p","montadora_idmontadora":"154"}{"idmodelo":"6108","nome_modelo":"TOPIC VAN Lon.\/GRAN TOPIC SL","montadora_idmontadora":"154"}{"idmodelo":"7666","nome_modelo":"VKN VAN 2.0 16V 4p","montadora_idmontadora":"154"}