{"idmodelo":"1351","nome_modelo":"Daimler LWB 4.0","montadora_idmontadora":"28"}{"idmodelo":"1352","nome_modelo":"S-Type 3.0\/ 3.0 SE V6","montadora_idmontadora":"28"}{"idmodelo":"1353","nome_modelo":"S-Type 4.2\/4.2 SE\/4.0 V8 32V","montadora_idmontadora":"28"}{"idmodelo":"1354","nome_modelo":"S-Type R 4.2 V8 32V 400cv","montadora_idmontadora":"28"}{"idmodelo":"1355","nome_modelo":"XJ Super 4.2 V8 32V 400cv 4p","montadora_idmontadora":"28"}{"idmodelo":"1356","nome_modelo":"XJ-12","montadora_idmontadora":"28"}{"idmodelo":"1357","nome_modelo":"XJ-12 Conv.","montadora_idmontadora":"28"}{"idmodelo":"1358","nome_modelo":"XJ-6","montadora_idmontadora":"28"}{"idmodelo":"1359","nome_modelo":"XJ-8 Daimler","montadora_idmontadora":"28"}{"idmodelo":"1360","nome_modelo":"XJ-8 Executive\/ Centenary 4.0","montadora_idmontadora":"28"}{"idmodelo":"1361","nome_modelo":"XJ-8 Executive\/ SE 4.2 V8 32V 300cv 4p","montadora_idmontadora":"28"}{"idmodelo":"1362","nome_modelo":"XJ-8 Sovereign LWB 4.0","montadora_idmontadora":"28"}{"idmodelo":"1363","nome_modelo":"XJR 4.2 V8 32V 400cv 4p","montadora_idmontadora":"28"}{"idmodelo":"1364","nome_modelo":"XJS 4.0 24V","montadora_idmontadora":"28"}{"idmodelo":"1365","nome_modelo":"XJS-C 6.0 V12","montadora_idmontadora":"28"}{"idmodelo":"1366","nome_modelo":"XK-8 BR Convers\u00edvel \/ XK-8 Convers\u00edvel","montadora_idmontadora":"28"}{"idmodelo":"1367","nome_modelo":"XK-8 BR Coupe\/ XK-8 Coupe","montadora_idmontadora":"28"}{"idmodelo":"1368","nome_modelo":"X-Type ESTATE 3.0 24V 230cv","montadora_idmontadora":"28"}{"idmodelo":"1369","nome_modelo":"X-Type SE 2.5 V6 194cv","montadora_idmontadora":"28"}{"idmodelo":"1370","nome_modelo":"X-Type SE 3.0 V6 231cv","montadora_idmontadora":"28"}{"idmodelo":"4437","nome_modelo":"XKR Convers\u00edvel 4.2\/5.0 32V","montadora_idmontadora":"28"}{"idmodelo":"4438","nome_modelo":"XKR Coupe 4.2\/5.0 32V","montadora_idmontadora":"28"}{"idmodelo":"4704","nome_modelo":"XF 3.0 V6 24V 240cv Aut.","montadora_idmontadora":"28"}{"idmodelo":"4705","nome_modelo":"XF 4.2 V8 32V 300cv Aut.","montadora_idmontadora":"28"}{"idmodelo":"4706","nome_modelo":"XF SV8 4.2 V8 32V 420cv Aut.","montadora_idmontadora":"28"}{"idmodelo":"5130","nome_modelo":"XFR Supercharged 5.0 V8 510cv Aut.","montadora_idmontadora":"28"}{"idmodelo":"5305","nome_modelo":"XF 5.0 32V V8 385cv Aut.","montadora_idmontadora":"28"}{"idmodelo":"5453","nome_modelo":"XJ S.Sport Supercharged 5.0 V8 32V Aut.","montadora_idmontadora":"28"}{"idmodelo":"6465","nome_modelo":"XF 2.0 Turbo 16V 240cv Aut.","montadora_idmontadora":"28"}{"idmodelo":"6536","nome_modelo":"XF 3.0 Portfolio Supercharged V6 Aut.","montadora_idmontadora":"28"}{"idmodelo":"6588","nome_modelo":"F-Type S Supercharged Conversivel 3.0 V6","montadora_idmontadora":"28"}{"idmodelo":"6589","nome_modelo":"F-Type S Supercharged Conversivel 5.0 V8","montadora_idmontadora":"28"}{"idmodelo":"6590","nome_modelo":"F-Type Supercharged Conversivel 3.0 V6","montadora_idmontadora":"28"}{"idmodelo":"6750","nome_modelo":"XFR-S Supercharged 5.0 V8 550cv Aut.","montadora_idmontadora":"28"}{"idmodelo":"6751","nome_modelo":"XJ 2.0 Turbo 16V 240cv Aut.","montadora_idmontadora":"28"}{"idmodelo":"6752","nome_modelo":"XJ 3.0 Portfolio Supercharged V6 Aut.","montadora_idmontadora":"28"}{"idmodelo":"6753","nome_modelo":"XKR-S Coupe Supercharged 5.0 32V","montadora_idmontadora":"28"}{"idmodelo":"6888","nome_modelo":"F-Type R Supercharged Coupe 5.0 V8","montadora_idmontadora":"28"}{"idmodelo":"6889","nome_modelo":"F-Type S Supercharged Coupe 3.0 V6","montadora_idmontadora":"28"}{"idmodelo":"6890","nome_modelo":"F-Type Supercharged Coupe 3.0 V6","montadora_idmontadora":"28"}{"idmodelo":"7071","nome_modelo":"XF 2.0 GTDI SPORT LUXURY 240cv Aut.","montadora_idmontadora":"28"}{"idmodelo":"7072","nome_modelo":"XF 2.0 GTDI SPORT PREMIUM TECH 240cv Aut","montadora_idmontadora":"28"}{"idmodelo":"7348","nome_modelo":"XE 2.0 Turbocharged Pure 240cv Aut.","montadora_idmontadora":"28"}{"idmodelo":"7349","nome_modelo":"XE 2.0 Turboch. R-Sport Aut.","montadora_idmontadora":"28"}{"idmodelo":"7350","nome_modelo":"XE 3.0 Supercharged S 380cv Aut.","montadora_idmontadora":"28"}{"idmodelo":"7429","nome_modelo":"F-Type R AWD Supercharged Coupe 5.0 V8","montadora_idmontadora":"28"}{"idmodelo":"7506","nome_modelo":"XF 2.0 GTDi Prestige 16V 240cv Aut.","montadora_idmontadora":"28"}{"idmodelo":"7592","nome_modelo":"XF 2.0 GTDI R-SPORT 240cv Aut.","montadora_idmontadora":"28"}{"idmodelo":"7593","nome_modelo":"XF 3.0 S V6 380cv Aut.","montadora_idmontadora":"28"}{"idmodelo":"7662","nome_modelo":"F-Pace 2.0 Prestige 180cv Diesel Aut.","montadora_idmontadora":"28"}{"idmodelo":"7663","nome_modelo":"F-Pace 3.0 FIRST EDITION 380cv Aut.","montadora_idmontadora":"28"}{"idmodelo":"7664","nome_modelo":"F-Pace 3.0 R-Sport 340cv Aut.","montadora_idmontadora":"28"}{"idmodelo":"7665","nome_modelo":"F-Pace 3.0 S 380cv Aut.","montadora_idmontadora":"28"}{"idmodelo":"7795","nome_modelo":"XJ 3.0 R-Sport Supercharged V6 Aut.","montadora_idmontadora":"28"}{"idmodelo":"8126","nome_modelo":"F-Pace 2.0 Prestige 250cv Aut.","montadora_idmontadora":"28"}{"idmodelo":"8127","nome_modelo":"F-Pace 2.0 R-Sport 250cv Aut.","montadora_idmontadora":"28"}{"idmodelo":"8284","nome_modelo":"E-Pace 2.0 AWD 249cv Aut.","montadora_idmontadora":"28"}{"idmodelo":"8285","nome_modelo":"E-Pace FIRST EDITION 2.0 AWD 249cv Aut.","montadora_idmontadora":"28"}{"idmodelo":"8286","nome_modelo":"E-Pace R-Dynamic S 2.0 AWD 249cv Aut.","montadora_idmontadora":"28"}{"idmodelo":"8287","nome_modelo":"E-Pace R-Dynamic SE 2.0 AWD 300cv Aut.","montadora_idmontadora":"28"}{"idmodelo":"8318","nome_modelo":"F-Type SVR AWD Supercharged Coupe 5.0 V8","montadora_idmontadora":"28"}