{"idmodelo":"6348","nome_modelo":"AUMARK 3.50AK 2.8 4x2 TB Diesel","montadora_idmontadora":"190"}{"idmodelo":"7028","nome_modelo":"AUMARK 3.5 - 11DT 2.8 4x2 TB Diesel","montadora_idmontadora":"190"}{"idmodelo":"7029","nome_modelo":"AUMARK 3.5 - 11ST 2.8 4x2 TB Diesel","montadora_idmontadora":"190"}{"idmodelo":"7030","nome_modelo":"AUMARK 3.5 - 14ST 2.8 4x2 TB Diesel","montadora_idmontadora":"190"}{"idmodelo":"7922","nome_modelo":"MINITRUCK 3.5-12DT 4x2 Diesel(E5)","montadora_idmontadora":"190"}{"idmodelo":"7923","nome_modelo":"MINITRUCK 3.5-14ST 4x2 Diesel(E5)","montadora_idmontadora":"190"}{"idmodelo":"7924","nome_modelo":"MINITRUCK 3.5 14DT 4x2 Diesel(E5)","montadora_idmontadora":"190"}{"idmodelo":"8010","nome_modelo":"MINITRUCK 3.5-12ST 4X2 Diesel (E5)","montadora_idmontadora":"190"}