{"idmodelo":"5","nome_modelo":"145 Elegant 1.7\/1.8 16V","montadora_idmontadora":"3"}{"idmodelo":"6","nome_modelo":"145 Elegant 2.0 16V","montadora_idmontadora":"3"}{"idmodelo":"7","nome_modelo":"145 Quadrifoglio 2.0","montadora_idmontadora":"3"}{"idmodelo":"8","nome_modelo":"145 QV","montadora_idmontadora":"3"}{"idmodelo":"9","nome_modelo":"147 2.0 16V 148cv 4p Semi-Aut.","montadora_idmontadora":"3"}{"idmodelo":"10","nome_modelo":"155","montadora_idmontadora":"3"}{"idmodelo":"11","nome_modelo":"155 Super","montadora_idmontadora":"3"}{"idmodelo":"12","nome_modelo":"156 2.5 V6 24V 190cv 4p Aut.","montadora_idmontadora":"3"}{"idmodelo":"13","nome_modelo":"156 Sport Wagon 2.0 16V","montadora_idmontadora":"3"}{"idmodelo":"14","nome_modelo":"156 Sport Wagon 2.5 V6 24V 4p Aut.","montadora_idmontadora":"3"}{"idmodelo":"15","nome_modelo":"156 TS\/Sport\/Elegant 2.0 16V","montadora_idmontadora":"3"}{"idmodelo":"16","nome_modelo":"164 3.0 V6","montadora_idmontadora":"3"}{"idmodelo":"17","nome_modelo":"164 Super V6 24V","montadora_idmontadora":"3"}{"idmodelo":"18","nome_modelo":"166 3.0 V6 24V","montadora_idmontadora":"3"}{"idmodelo":"19","nome_modelo":"2300 TI\/TI-4","montadora_idmontadora":"3"}{"idmodelo":"20","nome_modelo":"Spider 2.0\/3.0","montadora_idmontadora":"3"}