{"idmodelo":"437","nome_modelo":"147 C\/ CL","montadora_idmontadora":"21"}{"idmodelo":"438","nome_modelo":"147 Furg\u00e3o (todos)","montadora_idmontadora":"21"}{"idmodelo":"439","nome_modelo":"147 Pick-Up (todas)","montadora_idmontadora":"21"}{"idmodelo":"440","nome_modelo":"Brava ELX 1.6 16V 4p","montadora_idmontadora":"21"}{"idmodelo":"441","nome_modelo":"Brava HGT 1.8 mpi 16V 4p","montadora_idmontadora":"21"}{"idmodelo":"442","nome_modelo":"Brava SX 1.6 16V 4p","montadora_idmontadora":"21"}{"idmodelo":"443","nome_modelo":"Bravo SX 1.6","montadora_idmontadora":"21"}{"idmodelo":"444","nome_modelo":"Cinquecento 0.7","montadora_idmontadora":"21"}{"idmodelo":"445","nome_modelo":"Coupe 16V","montadora_idmontadora":"21"}{"idmodelo":"446","nome_modelo":"Doblo Adventure\/ Adv.ER 1.8 mpi 8V 103cv","montadora_idmontadora":"21"}{"idmodelo":"447","nome_modelo":"Doblo Cargo 1.3 Fire 16V 4\/5p","montadora_idmontadora":"21"}{"idmodelo":"448","nome_modelo":"Doblo Cargo 1.6 16V 4\/5p","montadora_idmontadora":"21"}{"idmodelo":"449","nome_modelo":"Doblo Cargo 1.8 mpi 8V 103cv","montadora_idmontadora":"21"}{"idmodelo":"450","nome_modelo":"Doblo ELX 1.6 16V 4\/5p","montadora_idmontadora":"21"}{"idmodelo":"451","nome_modelo":"Doblo ELX 1.8 mpi 8V 103cv","montadora_idmontadora":"21"}{"idmodelo":"452","nome_modelo":"Doblo EX 1.3 Fire 16V 80cv 4\/5p","montadora_idmontadora":"21"}{"idmodelo":"453","nome_modelo":"Ducato Cargo 2.8 Curto\/Longo TB Diesel","montadora_idmontadora":"21"}{"idmodelo":"454","nome_modelo":"Ducato Combinato 2.8 Diesel","montadora_idmontadora":"21"}{"idmodelo":"455","nome_modelo":"Ducato Combinato 2.8 Turbo Diesel","montadora_idmontadora":"21"}{"idmodelo":"456","nome_modelo":"Ducato Furg\u00e3o Maxi 2.8 Diesel","montadora_idmontadora":"21"}{"idmodelo":"457","nome_modelo":"Ducato MaxiCargo\/Furg\u00e3o Maxi 2.8 TB Dies","montadora_idmontadora":"21"}{"idmodelo":"458","nome_modelo":"Ducato Minibus 2.8 Diesel","montadora_idmontadora":"21"}{"idmodelo":"459","nome_modelo":"Ducato Minibus 2.8 Turbo Diesel","montadora_idmontadora":"21"}{"idmodelo":"460","nome_modelo":"Ducato Mult\/ Vetrato 2.8 T.Alto TB Dies.","montadora_idmontadora":"21"}{"idmodelo":"461","nome_modelo":"Ducato Mult\/ Vetrato 2.8 T.Baixo TB Dies","montadora_idmontadora":"21"}{"idmodelo":"462","nome_modelo":"Ducato Van 2.5 Diesel","montadora_idmontadora":"21"}{"idmodelo":"463","nome_modelo":"Ducato-10 Furg\u00e3o 2.5 Diesel","montadora_idmontadora":"21"}{"idmodelo":"464","nome_modelo":"Ducato-15 2.8 Furg\u00e3o TB Diesel","montadora_idmontadora":"21"}{"idmodelo":"465","nome_modelo":"Ducato-15 Furg\u00e3o 2.8 Diesel","montadora_idmontadora":"21"}{"idmodelo":"466","nome_modelo":"Ducato-8 Furg\u00e3o 2.5 Diesel","montadora_idmontadora":"21"}{"idmodelo":"467","nome_modelo":"Duna 1.6ie","montadora_idmontadora":"21"}{"idmodelo":"468","nome_modelo":"Elba 1.6i.e\/Top\/CSL\/ 1.6i.e\/1.5 2p e 4p","montadora_idmontadora":"21"}{"idmodelo":"469","nome_modelo":"Elba CS 1.6 \/ 1.5 \/1.3","montadora_idmontadora":"21"}{"idmodelo":"470","nome_modelo":"Elba S 1.6\/ 1.5ie \/ 1.5 \/ 1.3","montadora_idmontadora":"21"}{"idmodelo":"471","nome_modelo":"Elba Weekend 1.5 i.e. 2p e 4p","montadora_idmontadora":"21"}{"idmodelo":"472","nome_modelo":"Fiorino Furg\u00e3o 1.0","montadora_idmontadora":"21"}{"idmodelo":"473","nome_modelo":"Fiorino Furg.1.5\/1.3\/1.3 Fire\/1.3 F.Flex","montadora_idmontadora":"21"}{"idmodelo":"474","nome_modelo":"Fiorino Furg\u00e3o 1.5 mpi \/ i.e.","montadora_idmontadora":"21"}{"idmodelo":"475","nome_modelo":"Fiorino Pick-Up 1.0","montadora_idmontadora":"21"}{"idmodelo":"476","nome_modelo":"Fiorino Pick-Up 1.5 i.e.\/1.3\/1.5\/HD","montadora_idmontadora":"21"}{"idmodelo":"477","nome_modelo":"Fiorino Pick-Up LX (todas)","montadora_idmontadora":"21"}{"idmodelo":"478","nome_modelo":"Fiorino Pick-Up Trekking 1.5 mpi \/ i.e.","montadora_idmontadora":"21"}{"idmodelo":"479","nome_modelo":"Fiorino Pick-Up Working 1.5 mpi \/ i.e.","montadora_idmontadora":"21"}{"idmodelo":"480","nome_modelo":"Idea ELX 1.4 mpi Fire Flex 8V 5p","montadora_idmontadora":"21"}{"idmodelo":"481","nome_modelo":"Idea HLX 1.8 mpi Flex 8V 5p","montadora_idmontadora":"21"}{"idmodelo":"482","nome_modelo":"Marea City","montadora_idmontadora":"21"}{"idmodelo":"483","nome_modelo":"Marea ELX 1.8 mpi 16V 132cv 4p","montadora_idmontadora":"21"}{"idmodelo":"484","nome_modelo":"Marea ELX 2.0 20V 4p","montadora_idmontadora":"21"}{"idmodelo":"485","nome_modelo":"Marea ELX 2.4 mpi 20V 4p","montadora_idmontadora":"21"}{"idmodelo":"486","nome_modelo":"Marea HLX 2.0 20V 4p","montadora_idmontadora":"21"}{"idmodelo":"487","nome_modelo":"Marea HLX 2.4 mpi 20V 4p Aut.","montadora_idmontadora":"21"}{"idmodelo":"488","nome_modelo":"Marea HLX 2.4 mpi 20V 4p Mec.","montadora_idmontadora":"21"}{"idmodelo":"489","nome_modelo":"Marea SX 1.6 mpi 16V 106cv 4p","montadora_idmontadora":"21"}{"idmodelo":"490","nome_modelo":"Marea SX 1.8 16V 4p","montadora_idmontadora":"21"}{"idmodelo":"491","nome_modelo":"Marea SX 2.0 20V 4p","montadora_idmontadora":"21"}{"idmodelo":"492","nome_modelo":"Marea Turbo 2.0 20V 4p","montadora_idmontadora":"21"}{"idmodelo":"493","nome_modelo":"Marea Weekend City 4p","montadora_idmontadora":"21"}{"idmodelo":"494","nome_modelo":"Marea Weekend ELX 1.8 mpi 16V 132cv 4p","montadora_idmontadora":"21"}{"idmodelo":"495","nome_modelo":"Marea Weekend ELX 2.0 20V 4p","montadora_idmontadora":"21"}{"idmodelo":"496","nome_modelo":"Marea Weekend ELX 2.4 mpi 20V 4p","montadora_idmontadora":"21"}{"idmodelo":"497","nome_modelo":"Marea Weekend HLX 2.0 20V 4p","montadora_idmontadora":"21"}{"idmodelo":"498","nome_modelo":"Marea Weekend HLX 2.4 mpi 20V 4p Aut.","montadora_idmontadora":"21"}{"idmodelo":"499","nome_modelo":"Marea Weekend HLX 2.4 mpi 20V 4p Mec.","montadora_idmontadora":"21"}{"idmodelo":"500","nome_modelo":"Marea Weekend SX 1.6 mpi 16V 106cv 4p","montadora_idmontadora":"21"}{"idmodelo":"501","nome_modelo":"Marea Weekend SX 1.8 16V 4p","montadora_idmontadora":"21"}{"idmodelo":"502","nome_modelo":"Marea Weekend SX 2.0 20V 4p","montadora_idmontadora":"21"}{"idmodelo":"503","nome_modelo":"Marea Weekend Turbo 2.0 20V 4p","montadora_idmontadora":"21"}{"idmodelo":"504","nome_modelo":"Oggi","montadora_idmontadora":"21"}{"idmodelo":"505","nome_modelo":"Palio 1.0\/ Trofeo 1.0 Fire\/ Fire Flex 2p","montadora_idmontadora":"21"}{"idmodelo":"506","nome_modelo":"Palio 1.0\/ Trofeo 1.0 Fire\/ Fire Flex 4p","montadora_idmontadora":"21"}{"idmodelo":"507","nome_modelo":"Palio 1.5 mpi 8V 2p","montadora_idmontadora":"21"}{"idmodelo":"508","nome_modelo":"Palio 1.5 mpi 8V 4p","montadora_idmontadora":"21"}{"idmodelo":"509","nome_modelo":"Palio 1.6 mpi 16V 2p","montadora_idmontadora":"21"}{"idmodelo":"510","nome_modelo":"Palio 1.6 mpi 16V 4p","montadora_idmontadora":"21"}{"idmodelo":"511","nome_modelo":"Palio City 1.0 4p","montadora_idmontadora":"21"}{"idmodelo":"512","nome_modelo":"Palio City 1.5\/1.6 4p","montadora_idmontadora":"21"}{"idmodelo":"513","nome_modelo":"Palio CityMatic 1.0 mpi","montadora_idmontadora":"21"}{"idmodelo":"514","nome_modelo":"Palio ED 1.0 mpi 2p e 4p","montadora_idmontadora":"21"}{"idmodelo":"515","nome_modelo":"Palio EDX 1.0 mpi 2p","montadora_idmontadora":"21"}{"idmodelo":"516","nome_modelo":"Palio EDX 1.0 mpi 4p","montadora_idmontadora":"21"}{"idmodelo":"517","nome_modelo":"Palio EL 1.5 mpi 2p e 4p","montadora_idmontadora":"21"}{"idmodelo":"518","nome_modelo":"Palio EL 1.6 spi 2p e 4p","montadora_idmontadora":"21"}{"idmodelo":"519","nome_modelo":"Palio ELX 1.0\/ 1.0 Fire Flex 8V 2p","montadora_idmontadora":"21"}{"idmodelo":"520","nome_modelo":"Palio ELX 1.0 mpi Fire 16v 4p (25 anos)","montadora_idmontadora":"21"}{"idmodelo":"521","nome_modelo":"Palio ELX 1.0 Fire\/30 Anos F. Flex 8V 4p","montadora_idmontadora":"21"}{"idmodelo":"522","nome_modelo":"Palio ELX 1.3 mpi Fire 16V 4p","montadora_idmontadora":"21"}{"idmodelo":"523","nome_modelo":"Palio ELX 1.3 mpi Flex 8V 4p","montadora_idmontadora":"21"}{"idmodelo":"524","nome_modelo":"Palio ELX 1.4 mpi Fire Flex 8V 4p","montadora_idmontadora":"21"}{"idmodelo":"525","nome_modelo":"Palio ELX 1.5 4p","montadora_idmontadora":"21"}{"idmodelo":"526","nome_modelo":"Palio ELX 1.6 4p","montadora_idmontadora":"21"}{"idmodelo":"527","nome_modelo":"Palio ELX 1.6 mpi 16v 4p","montadora_idmontadora":"21"}{"idmodelo":"528","nome_modelo":"Palio ELX 1.8\/ 1.8 mpi Flex 8V 4p","montadora_idmontadora":"21"}{"idmodelo":"529","nome_modelo":"Palio ELX\/ 500 1.0 4p","montadora_idmontadora":"21"}{"idmodelo":"530","nome_modelo":"Palio EX 1.0 mpi 2p","montadora_idmontadora":"21"}{"idmodelo":"531","nome_modelo":"Palio EX 1.0 mpi 4p","montadora_idmontadora":"21"}{"idmodelo":"532","nome_modelo":"Palio EX 1.0 mpi Fire\/ Fire Flex 8v 2p","montadora_idmontadora":"21"}{"idmodelo":"533","nome_modelo":"Palio EX 1.0 mpi Fire 8v 4p","montadora_idmontadora":"21"}{"idmodelo":"534","nome_modelo":"Palio EX 1.3 mpi Fire 8V 67cv 2p","montadora_idmontadora":"21"}{"idmodelo":"535","nome_modelo":"Palio EX 1.3 mpi Fire 8V 67cv 4p","montadora_idmontadora":"21"}{"idmodelo":"536","nome_modelo":"Palio EX 1.8 mpi 8V 103cv 4p","montadora_idmontadora":"21"}{"idmodelo":"537","nome_modelo":"Palio EX Century 1.0 mpi Fire 16v 2p","montadora_idmontadora":"21"}{"idmodelo":"538","nome_modelo":"Palio EX Century 1.0 mpi Fire 16v 4p","montadora_idmontadora":"21"}{"idmodelo":"539","nome_modelo":"Palio HLX 1.8 mpi 8V 103cv 4p","montadora_idmontadora":"21"}{"idmodelo":"540","nome_modelo":"Palio HLX 1.8 mpi Flex 8V 4p","montadora_idmontadora":"21"}{"idmodelo":"541","nome_modelo":"Palio Stile 1.6 mpi 16v 4p","montadora_idmontadora":"21"}{"idmodelo":"542","nome_modelo":"Palio Weekend 1.0 6-marchas","montadora_idmontadora":"21"}{"idmodelo":"543","nome_modelo":"Palio Weekend 1.5 mpi 4p","montadora_idmontadora":"21"}{"idmodelo":"544","nome_modelo":"Palio Weekend 1.6 mpi 16V 4p","montadora_idmontadora":"21"}{"idmodelo":"545","nome_modelo":"Palio Weekend Adventure 1.6 8V\/16V","montadora_idmontadora":"21"}{"idmodelo":"546","nome_modelo":"Palio Weekend Adventure 1.8 8V 103cv 4p","montadora_idmontadora":"21"}{"idmodelo":"547","nome_modelo":"Palio Week. Adv\/Adv TRYON 1.8 mpi Flex","montadora_idmontadora":"21"}{"idmodelo":"548","nome_modelo":"Palio Weekend City 1.5\/ 1.6 4p","montadora_idmontadora":"21"}{"idmodelo":"549","nome_modelo":"Palio Weekend ELX 1.0 mpi Fire 16V","montadora_idmontadora":"21"}{"idmodelo":"550","nome_modelo":"Palio Weekend ELX 1.3 mpi Fire 16V","montadora_idmontadora":"21"}{"idmodelo":"551","nome_modelo":"Palio Weekend ELX 1.3 mpi Flex 8V 4p","montadora_idmontadora":"21"}{"idmodelo":"552","nome_modelo":"Palio Weekend ELX 1.4 mpi Fire Flex 8V","montadora_idmontadora":"21"}{"idmodelo":"553","nome_modelo":"Palio Weekend ELX 1.5 mpi 4p","montadora_idmontadora":"21"}{"idmodelo":"554","nome_modelo":"Palio Weekend ELX 1.6 mpi","montadora_idmontadora":"21"}{"idmodelo":"555","nome_modelo":"Palio Weekend EX 1.3 mpi Fire 8V 67cv 4p","montadora_idmontadora":"21"}{"idmodelo":"556","nome_modelo":"Palio Weekend EX 1.5 mpi","montadora_idmontadora":"21"}{"idmodelo":"557","nome_modelo":"Palio Weekend EX 1.8 mpi 8V 103cv 4p","montadora_idmontadora":"21"}{"idmodelo":"558","nome_modelo":"Palio Weekend HLX 1.8 mpi Flex 4p","montadora_idmontadora":"21"}{"idmodelo":"559","nome_modelo":"Palio Weekend Sport 1.6 mpi 16V 4p","montadora_idmontadora":"21"}{"idmodelo":"560","nome_modelo":"Palio Weekend Stile 1.6 mpi 16V 4p","montadora_idmontadora":"21"}{"idmodelo":"561","nome_modelo":"Palio Weekend Stile 1.8 mpi 8V 103cv 4p","montadora_idmontadora":"21"}{"idmodelo":"562","nome_modelo":"Palio Young 1.0 mpi 8v 2p","montadora_idmontadora":"21"}{"idmodelo":"563","nome_modelo":"Palio Young 1.0 mpi 8v 4p","montadora_idmontadora":"21"}{"idmodelo":"564","nome_modelo":"Palio Young 1.0 mpi Fire 8V 2p","montadora_idmontadora":"21"}{"idmodelo":"565","nome_modelo":"Palio Young 1.0 mpi Fire 8V 4p","montadora_idmontadora":"21"}{"idmodelo":"566","nome_modelo":"Panorama C\/CL","montadora_idmontadora":"21"}{"idmodelo":"567","nome_modelo":"Premio CS 1.5 i.e. 2p\/ SL 1.6\/1.5\/1.3 4p","montadora_idmontadora":"21"}{"idmodelo":"568","nome_modelo":"Premio CS 1.6\/ 1.5\/ 1.3 2p","montadora_idmontadora":"21"}{"idmodelo":"569","nome_modelo":"Premio CSL 1.6 i.e.\/ 1.5 4p","montadora_idmontadora":"21"}{"idmodelo":"570","nome_modelo":"Premio CSL 1.6\/ 1.5","montadora_idmontadora":"21"}{"idmodelo":"571","nome_modelo":"Premio S 1.5 i.e.\/ 1.5 \/ 1.3","montadora_idmontadora":"21"}{"idmodelo":"572","nome_modelo":"Punto Cabrio","montadora_idmontadora":"21"}{"idmodelo":"573","nome_modelo":"Punto EL\/ELX","montadora_idmontadora":"21"}{"idmodelo":"574","nome_modelo":"Punto S","montadora_idmontadora":"21"}{"idmodelo":"575","nome_modelo":"Punto SX","montadora_idmontadora":"21"}{"idmodelo":"576","nome_modelo":"Siena 1.0 mpi\/ 500 1.0 mpi","montadora_idmontadora":"21"}{"idmodelo":"577","nome_modelo":"Siena 1.0\/ EX 1.0 mpi Fire\/ Fire Flex 8v","montadora_idmontadora":"21"}{"idmodelo":"578","nome_modelo":"Siena 1.5 mpi 8V 4p","montadora_idmontadora":"21"}{"idmodelo":"579","nome_modelo":"Siena City 4p","montadora_idmontadora":"21"}{"idmodelo":"580","nome_modelo":"Siena EL 1.6 mpi 16V","montadora_idmontadora":"21"}{"idmodelo":"581","nome_modelo":"Siena EL 1.6 spi","montadora_idmontadora":"21"}{"idmodelo":"582","nome_modelo":"Siena ELX 1.0 mpi Fire 16v 4p (25 anos)","montadora_idmontadora":"21"}{"idmodelo":"583","nome_modelo":"Siena ELX 1.0 mpi Fire\/Fire Flex 8V 4p","montadora_idmontadora":"21"}{"idmodelo":"584","nome_modelo":"Siena ELX 1.3 mpi Fire 16V 4p","montadora_idmontadora":"21"}{"idmodelo":"585","nome_modelo":"Siena ELX 1.3 mpi Flex 8V 4p","montadora_idmontadora":"21"}{"idmodelo":"586","nome_modelo":"Siena ELX 1.4 mpi Fire Flex 8V 4p","montadora_idmontadora":"21"}{"idmodelo":"587","nome_modelo":"Siena ELX 1.5 mpi 4p","montadora_idmontadora":"21"}{"idmodelo":"588","nome_modelo":"Siena ELX 1.6 mpi 8V\/16V 4p","montadora_idmontadora":"21"}{"idmodelo":"589","nome_modelo":"Siena ELX 1.8 mpi 8V 103cv 4p","montadora_idmontadora":"21"}{"idmodelo":"590","nome_modelo":"Siena EX 1.0 mpi Fire 16v 4p","montadora_idmontadora":"21"}{"idmodelo":"591","nome_modelo":"Siena EX 1.3 mpi Fire 8V 67cv 4p","montadora_idmontadora":"21"}{"idmodelo":"592","nome_modelo":"Siena EX 1.8 mpi 8V 103cv 4p","montadora_idmontadora":"21"}{"idmodelo":"593","nome_modelo":"Siena HL 1.6 mpi 16V","montadora_idmontadora":"21"}{"idmodelo":"594","nome_modelo":"Siena HLX 1.8 mpi Flex 8V 4p","montadora_idmontadora":"21"}{"idmodelo":"595","nome_modelo":"Siena Stile\/Sport MTV 1.6 mpi 16V","montadora_idmontadora":"21"}{"idmodelo":"596","nome_modelo":"Stilo 1.8\/ 1.8 Connect 8V 103cv 5p","montadora_idmontadora":"21"}{"idmodelo":"597","nome_modelo":"Stilo 1.8 MS Lim.Edit.\/ MS Season 16V","montadora_idmontadora":"21"}{"idmodelo":"598","nome_modelo":"Stilo 1.8\/ 1.8 SP\/ Connect 16V 122cv 5p","montadora_idmontadora":"21"}{"idmodelo":"599","nome_modelo":"Stilo 2.4 Abarth 20V 167cv 5p","montadora_idmontadora":"21"}{"idmodelo":"600","nome_modelo":"Strada 1.3 mpi Fire 8V 67cv CE","montadora_idmontadora":"21"}{"idmodelo":"601","nome_modelo":"Strada 1.3 mpi Fire 8V 67cv CS","montadora_idmontadora":"21"}{"idmodelo":"602","nome_modelo":"Strada 1.4 mpi Fire Flex 8V CE","montadora_idmontadora":"21"}{"idmodelo":"603","nome_modelo":"Strada 1.4 mpi Fire Flex 8V CS","montadora_idmontadora":"21"}{"idmodelo":"604","nome_modelo":"Strada Adventure 1.6 mpi 16V CE","montadora_idmontadora":"21"}{"idmodelo":"605","nome_modelo":"Strada Adventure 1.8 mpi 8V 103cv CE","montadora_idmontadora":"21"}{"idmodelo":"606","nome_modelo":"Strada Adv\/Adv TRYON 1.8 mpi Flex 8V CE","montadora_idmontadora":"21"}{"idmodelo":"607","nome_modelo":"Strada LX 1.6 16V CE","montadora_idmontadora":"21"}{"idmodelo":"608","nome_modelo":"Strada LX 1.6 mpi 16V","montadora_idmontadora":"21"}{"idmodelo":"609","nome_modelo":"Strada Trekking 1.6 mpi","montadora_idmontadora":"21"}{"idmodelo":"610","nome_modelo":"Strada Trekking 1.8 mpi Flex 8V CE","montadora_idmontadora":"21"}{"idmodelo":"611","nome_modelo":"Strada Trekking 1.8 mpi Flex 8V CS","montadora_idmontadora":"21"}{"idmodelo":"612","nome_modelo":"Strada Working 1.6 mpi 16V CE","montadora_idmontadora":"21"}{"idmodelo":"613","nome_modelo":"Strada Working 1.6 mpi 16V CS","montadora_idmontadora":"21"}{"idmodelo":"614","nome_modelo":"Strada Working 1.8 mpi 8v 103cv CE","montadora_idmontadora":"21"}{"idmodelo":"615","nome_modelo":"Strada Working 1.8 mpi 8V 103cv CS","montadora_idmontadora":"21"}{"idmodelo":"616","nome_modelo":"Strada\/ Strada Working 1.5 mpi 8V CE","montadora_idmontadora":"21"}{"idmodelo":"617","nome_modelo":"Strada\/ Strada Working 1.5 mpi 8V CS","montadora_idmontadora":"21"}{"idmodelo":"618","nome_modelo":"Tempra 2.0 i.e 16V 2p e 4p","montadora_idmontadora":"21"}{"idmodelo":"619","nome_modelo":"Tempra 2.0 i.e. 8V 2p e 4p","montadora_idmontadora":"21"}{"idmodelo":"620","nome_modelo":"Tempra 2.0 mpi 16V","montadora_idmontadora":"21"}{"idmodelo":"621","nome_modelo":"Tempra 8V\/ City 8V","montadora_idmontadora":"21"}{"idmodelo":"622","nome_modelo":"Tempra HLX 2.0 16V 4p","montadora_idmontadora":"21"}{"idmodelo":"623","nome_modelo":"Tempra Ouro 16V 2p e 4p","montadora_idmontadora":"21"}{"idmodelo":"624","nome_modelo":"Tempra Ouro\/Prata 2.0 2p e 4p","montadora_idmontadora":"21"}{"idmodelo":"625","nome_modelo":"Tempra Stile 2.0 i.e. Turbo 4p","montadora_idmontadora":"21"}{"idmodelo":"626","nome_modelo":"Tempra SW SLX 2.0 i.e.","montadora_idmontadora":"21"}{"idmodelo":"627","nome_modelo":"Tempra SX 2.0 16V 4p","montadora_idmontadora":"21"}{"idmodelo":"628","nome_modelo":"Tempra SX 2.0 i.e. 8V 4p","montadora_idmontadora":"21"}{"idmodelo":"629","nome_modelo":"Tempra Turbo 2.0 i.e. 2p","montadora_idmontadora":"21"}{"idmodelo":"630","nome_modelo":"Tipo 1.6 i.e. 2p e 4p","montadora_idmontadora":"21"}{"idmodelo":"631","nome_modelo":"Tipo 1.6 mpi 4p","montadora_idmontadora":"21"}{"idmodelo":"632","nome_modelo":"Tipo 2.0 16V 2p\/4p","montadora_idmontadora":"21"}{"idmodelo":"633","nome_modelo":"Tipo 2.0 SLX 4p","montadora_idmontadora":"21"}{"idmodelo":"634","nome_modelo":"Uno 1.6 mpi 2p e 4p","montadora_idmontadora":"21"}{"idmodelo":"635","nome_modelo":"Uno 1.6R mpi \/ 1.6R \/ 1.5R","montadora_idmontadora":"21"}{"idmodelo":"636","nome_modelo":"Uno City \/ Smart City 1.0 4p","montadora_idmontadora":"21"}{"idmodelo":"637","nome_modelo":"Uno CS\/Top\/Sport 1.5 i.e. \/ 1.5 \/1.3","montadora_idmontadora":"21"}{"idmodelo":"638","nome_modelo":"Uno CS\/Top\/Sport 1.5 i.e. \/ 1.5 4p","montadora_idmontadora":"21"}{"idmodelo":"639","nome_modelo":"Uno CSL 1.6 4p (Argentino)","montadora_idmontadora":"21"}{"idmodelo":"640","nome_modelo":"Uno Furg\u00e3o 1.3 mpi Fire\/ Fire Flex 8V","montadora_idmontadora":"21"}{"idmodelo":"641","nome_modelo":"Uno Furg\u00e3o 1.5 mpi\/i.e.","montadora_idmontadora":"21"}{"idmodelo":"642","nome_modelo":"Uno Furg\u00e3o 1.5\/ 1.3","montadora_idmontadora":"21"}{"idmodelo":"643","nome_modelo":"Uno Mille ELX 2p e 4p","montadora_idmontadora":"21"}{"idmodelo":"644","nome_modelo":"Uno Mille 1.0 Fire\/ F.Flex\/ ECONOMY 2p","montadora_idmontadora":"21"}{"idmodelo":"645","nome_modelo":"Uno Mille 1.0 Fire\/ F.Flex\/ ECONOMY 4p","montadora_idmontadora":"21"}{"idmodelo":"646","nome_modelo":"Uno Mille 1.0 Electronic 4p","montadora_idmontadora":"21"}{"idmodelo":"647","nome_modelo":"Uno Mille 1.0\/ i.e.\/ Electronic\/ Brio","montadora_idmontadora":"21"}{"idmodelo":"648","nome_modelo":"Uno Mille EP 2p e 4p","montadora_idmontadora":"21"}{"idmodelo":"649","nome_modelo":"Uno Mille\/ Mille EX\/ Smart 2p","montadora_idmontadora":"21"}{"idmodelo":"650","nome_modelo":"Uno Mille SX 2p e 4p","montadora_idmontadora":"21"}{"idmodelo":"651","nome_modelo":"Uno Mille SX Young 1.0 IE","montadora_idmontadora":"21"}{"idmodelo":"652","nome_modelo":"Uno Mille\/ Mille EX\/ Smart 4p","montadora_idmontadora":"21"}{"idmodelo":"653","nome_modelo":"Uno S 1.5 i.e. \/ 1.5 \/ 1.3\/ SX 1.3","montadora_idmontadora":"21"}{"idmodelo":"654","nome_modelo":"Uno Turbo 1.4 i.e. 2p","montadora_idmontadora":"21"}{"idmodelo":"3813","nome_modelo":"Stilo 1.8\/ 1.8 Connect Flex 8V 5p","montadora_idmontadora":"21"}{"idmodelo":"3883","nome_modelo":"Palio 1.8R mpi Flex 8V 4p","montadora_idmontadora":"21"}{"idmodelo":"3884","nome_modelo":"Strada Trekking 1.4 mpi Fire Flex 8V CE","montadora_idmontadora":"21"}{"idmodelo":"3885","nome_modelo":"Strada Trekking 1.4 mpi Fire Flex 8V CS","montadora_idmontadora":"21"}{"idmodelo":"3933","nome_modelo":"Doblo Adv\/Adv TRYON\/LOCKER 1.8 Flex","montadora_idmontadora":"21"}{"idmodelo":"3934","nome_modelo":"Doblo Cargo 1.8 mpi Fire Flex 8V\/16V 4p","montadora_idmontadora":"21"}{"idmodelo":"3935","nome_modelo":"Doblo ELX 1.8 mpi 8V Flex","montadora_idmontadora":"21"}{"idmodelo":"3965","nome_modelo":"Palio Celebration 1.0 Fire Flex 8V 2p","montadora_idmontadora":"21"}{"idmodelo":"3966","nome_modelo":"Palio Celebration 1.0 Fire Flex 8V 4p","montadora_idmontadora":"21"}{"idmodelo":"3967","nome_modelo":"Siena Celebration 1.0 Fire Flex 8V 4p","montadora_idmontadora":"21"}{"idmodelo":"4097","nome_modelo":"Doblo HLX 1.8 mpi Flex 5p","montadora_idmontadora":"21"}{"idmodelo":"4133","nome_modelo":"Siena TETRAFUEL 1.4 mpi Fire Flex 8v 4p","montadora_idmontadora":"21"}{"idmodelo":"4160","nome_modelo":"Idea Advent.\/ Adv.LOCKER 1.8 mpi Flex 5p","montadora_idmontadora":"21"}{"idmodelo":"4187","nome_modelo":"Stilo 1.8 SP Flex 8V 5p","montadora_idmontadora":"21"}{"idmodelo":"4290","nome_modelo":"Palio 1.8R mpi Flex 8V 2p","montadora_idmontadora":"21"}{"idmodelo":"4316","nome_modelo":"Uno Mille Celeb\/Celeb.ECON 1.0 F.Flex 2p","montadora_idmontadora":"21"}{"idmodelo":"4317","nome_modelo":"Uno Mille Celeb\/Celeb.ECON 1.0 F.Flex 4p","montadora_idmontadora":"21"}{"idmodelo":"4329","nome_modelo":"Stilo 1.8 Sporting Flex 8V 5P","montadora_idmontadora":"21"}{"idmodelo":"4421","nome_modelo":"Punto ELX 1.4 Fire Flex 8V 5p","montadora_idmontadora":"21"}{"idmodelo":"4422","nome_modelo":"Punto 1.4 Fire Flex 8V 5p","montadora_idmontadora":"21"}{"idmodelo":"4423","nome_modelo":"Punto HLX 1.8 Flex 8V 5p","montadora_idmontadora":"21"}{"idmodelo":"4424","nome_modelo":"Punto Sporting 1.8 Flex 8V\/16V 5p","montadora_idmontadora":"21"}{"idmodelo":"4529","nome_modelo":"Stilo Dualogic 1.8 Flex 8V 5p","montadora_idmontadora":"21"}{"idmodelo":"4530","nome_modelo":"Stilo Dualogic 1.8 SP Flex 8V 5p","montadora_idmontadora":"21"}{"idmodelo":"4531","nome_modelo":"Stilo Dualogic 1.8 Sporting Flex 8V 5p","montadora_idmontadora":"21"}{"idmodelo":"4673","nome_modelo":"Palio Weekend Adventure LOCKER 1.8 Flex","montadora_idmontadora":"21"}{"idmodelo":"4674","nome_modelo":"Palio Weekend Trekking 1.4 Fire Flex 8V","montadora_idmontadora":"21"}{"idmodelo":"4733","nome_modelo":"Strada Adventure 1.8\/ 1.8 LOCKER Flex CE","montadora_idmontadora":"21"}{"idmodelo":"4748","nome_modelo":"LINEA 1.9\/ HLX 1.9\/ 1.8 Flex 16V 4p","montadora_idmontadora":"21"}{"idmodelo":"4749","nome_modelo":"LINEA ABSOLUTE 1.9\/1.8 Flex Dualogic 4p","montadora_idmontadora":"21"}{"idmodelo":"4750","nome_modelo":"LINEA 1.9\/ HLX 1.9\/1.8 Flex Dualogic 4p","montadora_idmontadora":"21"}{"idmodelo":"4751","nome_modelo":"LINEA T-JET 1.4 16V Turbo 4p","montadora_idmontadora":"21"}{"idmodelo":"4763","nome_modelo":"Uno Mille Celeb. WAY ECON. 1.0 F.Flex 2p","montadora_idmontadora":"21"}{"idmodelo":"4764","nome_modelo":"Uno Mille Celeb. WAY ECON. 1.0 F.Flex 4p","montadora_idmontadora":"21"}{"idmodelo":"4765","nome_modelo":"Uno Mille WAY ECONOMY 1.0 F.Flex 2p","montadora_idmontadora":"21"}{"idmodelo":"4766","nome_modelo":"Uno Mille WAY ECONOMY 1.0 F.Flex 4p","montadora_idmontadora":"21"}{"idmodelo":"4825","nome_modelo":"Palio 1.0 Celebr. ECONOMY F.Flex 8V 2p","montadora_idmontadora":"21"}{"idmodelo":"4826","nome_modelo":"Palio 1.0 Cel. ECON.\/ITALIA F.Flex 8V 4p","montadora_idmontadora":"21"}{"idmodelo":"4827","nome_modelo":"Palio 1.0 ECONOMY Fire Flex 8V 2p","montadora_idmontadora":"21"}{"idmodelo":"4828","nome_modelo":"Palio 1.0 ECONOMY Fire Flex 8V 4p","montadora_idmontadora":"21"}{"idmodelo":"4859","nome_modelo":"Punto T-JET 1.4 16V Turbo 5p","montadora_idmontadora":"21"}{"idmodelo":"4860","nome_modelo":"Siena EL 1.0 mpi Fire Flex 8V 4p","montadora_idmontadora":"21"}{"idmodelo":"4861","nome_modelo":"Siena EL Celeb. 1.0 mpi Fire Flex 8V 4p","montadora_idmontadora":"21"}{"idmodelo":"4862","nome_modelo":"Stilo Dualogic 1.8 BlackMotion Flex 8V","montadora_idmontadora":"21"}{"idmodelo":"4920","nome_modelo":"LINEA LX 1.9\/ 1.8 Flex 16V Dualogic 4p","montadora_idmontadora":"21"}{"idmodelo":"4921","nome_modelo":"LINEA LX 1.9\/ 1.8 Flex 16V 4p","montadora_idmontadora":"21"}{"idmodelo":"4962","nome_modelo":"Idea ELX 1.8 mpi Flex 8V 5p","montadora_idmontadora":"21"}{"idmodelo":"4966","nome_modelo":"Idea Adv.\/ Adv.LOCK.Dualogic 1.8 Flex 5p","montadora_idmontadora":"21"}{"idmodelo":"4967","nome_modelo":"Palio ELX Dualogic 1.8 mpi Flex 8V 4p","montadora_idmontadora":"21"}{"idmodelo":"4968","nome_modelo":"Palio Week.Adv.LOCK.Dualogic 1.8 Flex","montadora_idmontadora":"21"}{"idmodelo":"4969","nome_modelo":"Siena HLX Dualogic 1.8 mpi Flex 8V 4p","montadora_idmontadora":"21"}{"idmodelo":"4970","nome_modelo":"Strada Adventure1.8\/ 1.8 LOCKER Flex CD","montadora_idmontadora":"21"}{"idmodelo":"5022","nome_modelo":"Ducato Cargo Curto 2.3 ME Diesel","montadora_idmontadora":"21"}{"idmodelo":"5023","nome_modelo":"Ducato Cargo Longo 2.3 ME Diesel","montadora_idmontadora":"21"}{"idmodelo":"5024","nome_modelo":"Ducato Combinato 2.3 ME Diesel","montadora_idmontadora":"21"}{"idmodelo":"5025","nome_modelo":"Ducato Maxi. Curta 2.3 T.Alto ME Diesel","montadora_idmontadora":"21"}{"idmodelo":"5026","nome_modelo":"Ducato Maxi. Long. 2.3 T.Alto ME Diesel","montadora_idmontadora":"21"}{"idmodelo":"5027","nome_modelo":"Ducato Minibus 2.3 ME Diesel","montadora_idmontadora":"21"}{"idmodelo":"5028","nome_modelo":"Ducato Minibus 2.3 T.Alto ME Diesel","montadora_idmontadora":"21"}{"idmodelo":"5029","nome_modelo":"Ducato Multi Long. 2.3 T.Alto ME Diesel","montadora_idmontadora":"21"}{"idmodelo":"5059","nome_modelo":"500 LOUNGE 1.4 16V 100cv Mec.","montadora_idmontadora":"21"}{"idmodelo":"5060","nome_modelo":"500 LOUNGE 1.4 16V 100cv Dualogic","montadora_idmontadora":"21"}{"idmodelo":"5061","nome_modelo":"500 SPORT 1.4 16V 100cv Dualogic","montadora_idmontadora":"21"}{"idmodelo":"5062","nome_modelo":"500 SPORT 1.4 16V 100cv Mec.","montadora_idmontadora":"21"}{"idmodelo":"5063","nome_modelo":"Palio Weekend Trekking 1.8 mpi Flex 8V","montadora_idmontadora":"21"}{"idmodelo":"5064","nome_modelo":"Stilo 1.8 ATTRACTIVE Flex 8V 5p","montadora_idmontadora":"21"}{"idmodelo":"5065","nome_modelo":"Stilo Duologic 1.8 ATTRACTIVE Flex 8V 5p","montadora_idmontadora":"21"}{"idmodelo":"5066","nome_modelo":"Strada Working 1.4 mpi Fire Flex 8V CD","montadora_idmontadora":"21"}{"idmodelo":"5067","nome_modelo":"Strada Working 1.4 mpi Fire Flex 8V CE","montadora_idmontadora":"21"}{"idmodelo":"5068","nome_modelo":"Strada Working 1.4 mpi Fire Flex 8V CS","montadora_idmontadora":"21"}{"idmodelo":"5104","nome_modelo":"Doblo 1.4 mpi Fire Flex 8V 4p","montadora_idmontadora":"21"}{"idmodelo":"5105","nome_modelo":"Doblo Cargo 1.4 mpi Fire Flex 8V 3p","montadora_idmontadora":"21"}{"idmodelo":"5106","nome_modelo":"Doblo ELX 1.4 mpi Fire Flex 8V 4p","montadora_idmontadora":"21"}{"idmodelo":"5239","nome_modelo":"UNO ATTRACTIVE 1.4 EVO Fire Flex 8V 4p","montadora_idmontadora":"21"}{"idmodelo":"5240","nome_modelo":"UNO ATTRACTI. Celeb.1.4 EVO F.Flex 8V 4p","montadora_idmontadora":"21"}{"idmodelo":"5241","nome_modelo":"UNO VIVACE\/RUA 1.0 EVO Fire Flex 8V 5p","montadora_idmontadora":"21"}{"idmodelo":"5242","nome_modelo":"UNO VIVACE Celeb. 1.0 EVO F.Flex 8V 5p","montadora_idmontadora":"21"}{"idmodelo":"5243","nome_modelo":"UNO WAY 1.0 EVO Fire Flex 8V 5p","montadora_idmontadora":"21"}{"idmodelo":"5244","nome_modelo":"UNO WAY 1.4 EVO Fire Flex 8V 5p","montadora_idmontadora":"21"}{"idmodelo":"5245","nome_modelo":"UNO WAY Celeb. 1.0 EVO Fire Flex 8V 5p","montadora_idmontadora":"21"}{"idmodelo":"5246","nome_modelo":"UNO WAY Celeb. 1.4 EVO Fire Flex 8V 5p","montadora_idmontadora":"21"}{"idmodelo":"5271","nome_modelo":"Palio ATTRA.\/IT\u00c1LIA 1.4 EVO F.Flex 8V 5p","montadora_idmontadora":"21"}{"idmodelo":"5272","nome_modelo":"Palio Week. ATTRACTIVE 1.4 Fire Flex 8V","montadora_idmontadora":"21"}{"idmodelo":"5273","nome_modelo":"Punto ATTRACTIVE 1.4 Fire Flex 8V 5p","montadora_idmontadora":"21"}{"idmodelo":"5274","nome_modelo":"Strada Celeb. 1.4 mpi Fire Flex 8V CE","montadora_idmontadora":"21"}{"idmodelo":"5275","nome_modelo":"Strada Celeb. 1.4 mpi Fire Flex 8V CS","montadora_idmontadora":"21"}{"idmodelo":"5293","nome_modelo":"Palio ESSENCE 1.6 Flex 16V 5p","montadora_idmontadora":"21"}{"idmodelo":"5294","nome_modelo":"Palio ESSENCE Dualogic 1.6 Flex 16V 5p","montadora_idmontadora":"21"}{"idmodelo":"5295","nome_modelo":"Punto ESSENCE 1.6 Flex 16V 5p","montadora_idmontadora":"21"}{"idmodelo":"5296","nome_modelo":"Punto ESSENCE 1.8 Flex 16V 5p","montadora_idmontadora":"21"}{"idmodelo":"5297","nome_modelo":"Punto ESSENCE Dualogic 1.8 Flex 16V 5p","montadora_idmontadora":"21"}{"idmodelo":"5298","nome_modelo":"Punto Sporting Dualogic 1.8 Flex 16V 5p","montadora_idmontadora":"21"}{"idmodelo":"5299","nome_modelo":"Siena ATTRACTIVE 1.0 Fire Flex 8V 4p","montadora_idmontadora":"21"}{"idmodelo":"5300","nome_modelo":"Siena ATTRACTIVE 1.4 Fire Flex 8V 4p","montadora_idmontadora":"21"}{"idmodelo":"5301","nome_modelo":"Siena ESSENCE 1.6 Flex 16V 4p","montadora_idmontadora":"21"}{"idmodelo":"5302","nome_modelo":"Siena ESSENCE Dualogic 1.6 Flex 16V 4p","montadora_idmontadora":"21"}{"idmodelo":"5340","nome_modelo":"Idea ATTRACTIVE 1.4 Fire Flex 8V 5p","montadora_idmontadora":"21"}{"idmodelo":"5341","nome_modelo":"Idea ESSENCE 1.6 Flex 16V 5p","montadora_idmontadora":"21"}{"idmodelo":"5342","nome_modelo":"Idea ESSENCE Dualogic 1.6 Flex 16V 5p","montadora_idmontadora":"21"}{"idmodelo":"5343","nome_modelo":"Idea SPORTING 1.8 Flex 16V 5p","montadora_idmontadora":"21"}{"idmodelo":"5344","nome_modelo":"Idea SPORTING Dualogic 1.8 Flex 16V 5p","montadora_idmontadora":"21"}{"idmodelo":"5361","nome_modelo":"Siena EL 1.4 mpi Fire Flex 8V 4p","montadora_idmontadora":"21"}{"idmodelo":"5362","nome_modelo":"Siena EL Celeb. 1.4 mpi Fire Flex 8V 4p","montadora_idmontadora":"21"}{"idmodelo":"5363","nome_modelo":"Siena Sporting 1.6 Flex 16V 4p","montadora_idmontadora":"21"}{"idmodelo":"5364","nome_modelo":"Siena Sporting Dualogic 1.6 Flex 16V 4p","montadora_idmontadora":"21"}{"idmodelo":"5412","nome_modelo":"Palio Weekend Trekking 1.6 Flex 16V 5p","montadora_idmontadora":"21"}{"idmodelo":"5446","nome_modelo":"Bravo ABSOLUTE 1.8 Flex 16V 5p","montadora_idmontadora":"21"}{"idmodelo":"5447","nome_modelo":"Bravo ABSOLUTE Dualogic 1.8 Flex 16V 5p","montadora_idmontadora":"21"}{"idmodelo":"5448","nome_modelo":"Bravo ESSENCE 1.8 Flex 16V 5p","montadora_idmontadora":"21"}{"idmodelo":"5449","nome_modelo":"Bravo ESSENCE Dualogic 1.8 Flex 16V 5p","montadora_idmontadora":"21"}{"idmodelo":"5463","nome_modelo":"Punto ESSENCE Dualogic 1.6 Flex 16V 5p","montadora_idmontadora":"21"}{"idmodelo":"5464","nome_modelo":"Strada Sporting 1.8 Flex 16V CE","montadora_idmontadora":"21"}{"idmodelo":"5465","nome_modelo":"UNO SPORTING 1.4 EVO Fire Flex 8V 4p","montadora_idmontadora":"21"}{"idmodelo":"5480","nome_modelo":"UNO ATTRACTI. Celeb.1.4 EVO F.Flex 8V 2p","montadora_idmontadora":"21"}{"idmodelo":"5481","nome_modelo":"UNO ATTRACTIVE 1.4 EVO Fire Flex 8V 2p","montadora_idmontadora":"21"}{"idmodelo":"5482","nome_modelo":"UNO SPORTING 1.4 EVO Fire Flex 8V 2p","montadora_idmontadora":"21"}{"idmodelo":"5483","nome_modelo":"UNO VIVACE 1.0 EVO Fire Flex 8V 3p","montadora_idmontadora":"21"}{"idmodelo":"5484","nome_modelo":"UNO VIVACE Celeb. 1.0 EVO F. Flex 8V 3p","montadora_idmontadora":"21"}{"idmodelo":"5485","nome_modelo":"UNO WAY 1.0 EVO Fire Flex 8V 2p","montadora_idmontadora":"21"}{"idmodelo":"5486","nome_modelo":"UNO WAY 1.4 EVO Fire Flex 8V 2p","montadora_idmontadora":"21"}{"idmodelo":"5487","nome_modelo":"UNO WAY Celeb. 1.0 EVO Fire Flex 8V 2p","montadora_idmontadora":"21"}{"idmodelo":"5488","nome_modelo":"UNO WAY Celeb. 1.4 EVO Fire Flex 8V 2p","montadora_idmontadora":"21"}{"idmodelo":"5535","nome_modelo":"Doblo ATTRACTIVE 1.4 Fire Flex 8V 5p","montadora_idmontadora":"21"}{"idmodelo":"5536","nome_modelo":"Doblo ESSENCE 1.8 Flex 16V 5p","montadora_idmontadora":"21"}{"idmodelo":"5577","nome_modelo":"LINEA ESSENCE 1.8 Flex 16V 4p","montadora_idmontadora":"21"}{"idmodelo":"5578","nome_modelo":"LINEA ESSENCE Dualogic 1.8 Flex 16V 4p","montadora_idmontadora":"21"}{"idmodelo":"5591","nome_modelo":"Bravo T-JET 1.4 16V Turbo 5p","montadora_idmontadora":"21"}{"idmodelo":"5613","nome_modelo":"500 Cult 1.4 Flex 8V EVO Dualogic","montadora_idmontadora":"21"}{"idmodelo":"5614","nome_modelo":"500 Cult 1.4 Flex 8V EVO Mec.","montadora_idmontadora":"21"}{"idmodelo":"5615","nome_modelo":"500 Lounge Air 1.4\/ 1.4 Flex 16V Aut.","montadora_idmontadora":"21"}{"idmodelo":"5616","nome_modelo":"500 Sport Air 1.4 16V\/1.4 Flex 16V Aut.","montadora_idmontadora":"21"}{"idmodelo":"5617","nome_modelo":"500 Sport Air 1.4 16V\/1.4 Flex Mec.","montadora_idmontadora":"21"}{"idmodelo":"5618","nome_modelo":"FREEMONT 2.4 16V 5p Aut.","montadora_idmontadora":"21"}{"idmodelo":"5619","nome_modelo":"Palio Week. Adv. Dualogic 1.8 Flex","montadora_idmontadora":"21"}{"idmodelo":"5620","nome_modelo":"Strada Adv.1.8 16V Dualogic Flex CD","montadora_idmontadora":"21"}{"idmodelo":"5621","nome_modelo":"Strada Adv.1.8 16V LOCKER Dualo. Flex CD","montadora_idmontadora":"21"}{"idmodelo":"5664","nome_modelo":"UNO ECONOMY 1.4 EVO Fire Flex 8V 2p","montadora_idmontadora":"21"}{"idmodelo":"5665","nome_modelo":"UNO ECONOMY 1.4 EVO Fire Flex 8V 4p","montadora_idmontadora":"21"}{"idmodelo":"5666","nome_modelo":"UNO ECONOMY Celeb. 1.4 EVO F. Flex 8V 2p","montadora_idmontadora":"21"}{"idmodelo":"5667","nome_modelo":"UNO ECONOMY Celeb. 1.4 EVO F. Flex 8V 4p","montadora_idmontadora":"21"}{"idmodelo":"5696","nome_modelo":"Palio SPORTING 1.6 Flex 16V 5p","montadora_idmontadora":"21"}{"idmodelo":"5697","nome_modelo":"Palio SPORTING Dualogic 1.6 Flex 16V 5p","montadora_idmontadora":"21"}{"idmodelo":"5721","nome_modelo":"Palio ATTRACTIVE 1.0 EVO Fire Flex 8v 5p","montadora_idmontadora":"21"}{"idmodelo":"5879","nome_modelo":"Palio W.Adv. LOC. ITAL.Dual.1.8 Flex 16V","montadora_idmontadora":"21"}{"idmodelo":"5880","nome_modelo":"Palio Week. Adv. ITALIA 1.8 Flex 16V","montadora_idmontadora":"21"}{"idmodelo":"5881","nome_modelo":"Palio W.ADV. LOCK. ITALIA 1.8 Flex 16V","montadora_idmontadora":"21"}{"idmodelo":"5882","nome_modelo":"Palio Week.Adv. ITAL. Dual. 1.8 Flex 16V","montadora_idmontadora":"21"}{"idmodelo":"5883","nome_modelo":"Punto ATTRACTIVE ITALIA 1.4 F.Flex 8V 5p","montadora_idmontadora":"21"}{"idmodelo":"5925","nome_modelo":"Grand Siena ATTRAC. 1.4 EVO F.Flex 8V","montadora_idmontadora":"21"}{"idmodelo":"5926","nome_modelo":"Grand Siena ESSENCE 1.6 Flex 16V","montadora_idmontadora":"21"}{"idmodelo":"5927","nome_modelo":"Grand Siena ESSENCE Dual. 1.6 Flex 16V","montadora_idmontadora":"21"}{"idmodelo":"5928","nome_modelo":"Grand Siena TETRAFUEL 1.4 Evo F. Flex 8V","montadora_idmontadora":"21"}{"idmodelo":"6051","nome_modelo":"Bravo SPORTING 1.8 Dualogic Flex 16V 5p","montadora_idmontadora":"21"}{"idmodelo":"6052","nome_modelo":"Bravo SPORTING 1.8 Flex 16V 5p","montadora_idmontadora":"21"}{"idmodelo":"6053","nome_modelo":"Doblo Adv. XINGU 1.8 Flex 16V 5p","montadora_idmontadora":"21"}{"idmodelo":"6054","nome_modelo":"Doblo Adv. XINGU LOCKER 1.8 Flex 16V 5p","montadora_idmontadora":"21"}{"idmodelo":"6055","nome_modelo":"Strada Trekking 1.6 16V Flex CD","montadora_idmontadora":"21"}{"idmodelo":"6056","nome_modelo":"Strada Trekking 1.6 16V Flex CE","montadora_idmontadora":"21"}{"idmodelo":"6057","nome_modelo":"Strada Trekking 1.6 16V Flex CS","montadora_idmontadora":"21"}{"idmodelo":"6096","nome_modelo":"Strada Working Celeb.1.4 Fire Flex 8V CD","montadora_idmontadora":"21"}{"idmodelo":"6097","nome_modelo":"Strada Working Celeb.1.4 Fire Flex 8V CE","montadora_idmontadora":"21"}{"idmodelo":"6098","nome_modelo":"Strada Working Celeb.1.4 Fire Flex 8V CS","montadora_idmontadora":"21"}{"idmodelo":"6262","nome_modelo":"500 Cabrio\/500 Coupe Gucci\/Flex 1.4 Aut.","montadora_idmontadora":"21"}{"idmodelo":"6318","nome_modelo":"Palio SPORT.INTERLAGOS 1.6 Flex 16V","montadora_idmontadora":"21"}{"idmodelo":"6319","nome_modelo":"Palio SPORT.INTERLAGOS Dual.1.6 Flex 16V","montadora_idmontadora":"21"}{"idmodelo":"6320","nome_modelo":"UNO MILLE WAY ECO.XINGU 1.0 F.Flex 8v 5p","montadora_idmontadora":"21"}{"idmodelo":"6321","nome_modelo":"UNO SPORT.INTERLAGOS 1.4 EVO F.Flex 8v","montadora_idmontadora":"21"}{"idmodelo":"6322","nome_modelo":"UNO WAY XINGU 1.0 EVO F.Flex 8V 5P","montadora_idmontadora":"21"}{"idmodelo":"6323","nome_modelo":"UNO WAY XINGU 1.4 EVO F.Flex 8V 5p","montadora_idmontadora":"21"}{"idmodelo":"6488","nome_modelo":"Grand Siena ESSEN.SUBLIME 1.6 Flex","montadora_idmontadora":"21"}{"idmodelo":"6489","nome_modelo":"Grand Siena ESSEN.SUBLIME Dual. 1.6 Flex","montadora_idmontadora":"21"}{"idmodelo":"6515","nome_modelo":"Bravo WOLVERINE 1.8 Dualogic Flex 16V 5p","montadora_idmontadora":"21"}{"idmodelo":"6516","nome_modelo":"Bravo WOLVERINE 1.8 Flex 16V 5p","montadora_idmontadora":"21"}{"idmodelo":"6517","nome_modelo":"Strada Adv. M. March. 1.8 Flex 16V CD","montadora_idmontadora":"21"}{"idmodelo":"6518","nome_modelo":"Strada Adv. M. March.1.8 Dual. Flex CD","montadora_idmontadora":"21"}{"idmodelo":"6519","nome_modelo":"Strada Trek. M. March. 1.6 Flex 16V CE","montadora_idmontadora":"21"}{"idmodelo":"6520","nome_modelo":"UNO VIVACE College 1.0 EVO FireFlex 5p","montadora_idmontadora":"21"}{"idmodelo":"6560","nome_modelo":"Punto BLACKMOTION 1.8 Flex 16V 5p.","montadora_idmontadora":"21"}{"idmodelo":"6561","nome_modelo":"Punto BLACKMOTION Dual. 1.8 Flex 16v 5p","montadora_idmontadora":"21"}{"idmodelo":"6581","nome_modelo":"LINEA ESSEN.SUBLIME 1.8 Flex 16V 4p","montadora_idmontadora":"21"}{"idmodelo":"6582","nome_modelo":"LINEA ESSEN.SUBLIME Dual.1.8 Flex 16V 4p","montadora_idmontadora":"21"}{"idmodelo":"6636","nome_modelo":"Strada Adv.1.8 16V LOCKER Dual. Flex CE","montadora_idmontadora":"21"}{"idmodelo":"6637","nome_modelo":"Strada Adv.1.8 16V Dualogic Flex CE","montadora_idmontadora":"21"}{"idmodelo":"6662","nome_modelo":"Fiorino Furg\u00e3o Celeb. EVO 1.4 Flex 8V 2p","montadora_idmontadora":"21"}{"idmodelo":"6663","nome_modelo":"Fiorino Furg\u00e3o EVO 1.4 Flex 8V 2p","montadora_idmontadora":"21"}{"idmodelo":"6692","nome_modelo":"Uno Mille Grazie 1.0 Fire Flex 8v 4p","montadora_idmontadora":"21"}{"idmodelo":"6711","nome_modelo":"Idea ESSENCE SUBLIME 1.6 Flex 16V 5p","montadora_idmontadora":"21"}{"idmodelo":"6712","nome_modelo":"Idea ESSENCE SUBLIME Dual.1.6 Flex16V 5p","montadora_idmontadora":"21"}{"idmodelo":"6836","nome_modelo":"Palio Way 1.0 Fire Flex 8V 5p","montadora_idmontadora":"21"}{"idmodelo":"6837","nome_modelo":"Palio Way Celebration 1.0 F. Flex 8V 5p","montadora_idmontadora":"21"}{"idmodelo":"6885","nome_modelo":"500 Cabrio Dualogic Flex 1.4 8V","montadora_idmontadora":"21"}{"idmodelo":"6886","nome_modelo":"500 Cabrio Flex 1.4 8V Mec.","montadora_idmontadora":"21"}{"idmodelo":"6955","nome_modelo":"Grand Siena ESSEN. ITALIA Dual. 1.6 Flex","montadora_idmontadora":"21"}{"idmodelo":"6956","nome_modelo":"Grand Siena ESSENCE ITALIA 1.6 Flex 16V","montadora_idmontadora":"21"}{"idmodelo":"6957","nome_modelo":"UNO ATTRACTIVE 1.0 Fire Flex 8V 5p","montadora_idmontadora":"21"}{"idmodelo":"6958","nome_modelo":"UNO EVOLUTION 1.4 Fire Flex 8V 5p","montadora_idmontadora":"21"}{"idmodelo":"7026","nome_modelo":"Palio Rua 1.0 Fire Flex 8V 5p","montadora_idmontadora":"21"}{"idmodelo":"7027","nome_modelo":"UNO WAY 1.4 EVO Dualogic Flex 8V 5p","montadora_idmontadora":"21"}{"idmodelo":"7070","nome_modelo":"UNO SPORTING Dualogic 1.4 EVO Flex 8V 4p","montadora_idmontadora":"21"}{"idmodelo":"7097","nome_modelo":"500 ABARTH MULTIAIR 1.4 TB 16V 3p","montadora_idmontadora":"21"}{"idmodelo":"7119","nome_modelo":"UNO Furg\u00e3o 1.0 Fire Flex 8V 3p","montadora_idmontadora":"21"}{"idmodelo":"7132","nome_modelo":"Bravo BlackMotion 1.8 Dualogic Flex 5p","montadora_idmontadora":"21"}{"idmodelo":"7133","nome_modelo":"Bravo BlackMotion 1.8 Flex 16v 5p","montadora_idmontadora":"21"}{"idmodelo":"7134","nome_modelo":"Strada Working HARD 1.4 Fire Flex 8V CD","montadora_idmontadora":"21"}{"idmodelo":"7135","nome_modelo":"Strada Working HARD 1.4 Fire Flex 8V CE","montadora_idmontadora":"21"}{"idmodelo":"7136","nome_modelo":"Strada Working HARD 1.4 Fire Flex 8V CS","montadora_idmontadora":"21"}{"idmodelo":"7149","nome_modelo":"UNO VIVACE ITALIA 1.0 EVO F. Flex 8V 5p","montadora_idmontadora":"21"}{"idmodelo":"7180","nome_modelo":"Palio ATTRA. Best Seller 1.0 EVO Flex 5p","montadora_idmontadora":"21"}{"idmodelo":"7181","nome_modelo":"Palio ATTRA. Best Seller 1.4 EVO Flex 5p","montadora_idmontadora":"21"}{"idmodelo":"7182","nome_modelo":"Punto ESSENCE SP 1.6 Flex 16V 5p","montadora_idmontadora":"21"}{"idmodelo":"7183","nome_modelo":"UNO WAY RIO 450 1.0 EVO Flex 8V 5p","montadora_idmontadora":"21"}{"idmodelo":"7226","nome_modelo":"Punto ESSENCE SP Dualogic 1.6 Flex 16V","montadora_idmontadora":"21"}{"idmodelo":"7227","nome_modelo":"Strada Trekking 1.6 16V LOCKER Flex CD","montadora_idmontadora":"21"}{"idmodelo":"7450","nome_modelo":"Strada Adv. Ext. 1.8 LOCKER Dual.Flex CE","montadora_idmontadora":"21"}{"idmodelo":"7451","nome_modelo":"Strada Adv. Ext.\/ Ext.1.8 LOCKER Flex CE","montadora_idmontadora":"21"}{"idmodelo":"7452","nome_modelo":"Strada Adv. Extreme 1.8 Dual. Flex CE","montadora_idmontadora":"21"}{"idmodelo":"7453","nome_modelo":"Strada Adv.Ext. 1.8 LOCKER Dual. Flex CD","montadora_idmontadora":"21"}{"idmodelo":"7454","nome_modelo":"Strada Adv.Ext.\/ Ext. 1.8 LOCKER Flex CD","montadora_idmontadora":"21"}{"idmodelo":"7455","nome_modelo":"Strada Adventure Ext. 1.8 Dual. Flex CD","montadora_idmontadora":"21"}{"idmodelo":"7475","nome_modelo":"Toro Freedom 1.8 16V Flex Aut.","montadora_idmontadora":"21"}{"idmodelo":"7476","nome_modelo":"Toro Freedom 2.0 16V 4x2 TB Diesel Mec.","montadora_idmontadora":"21"}{"idmodelo":"7477","nome_modelo":"Toro Freedom 2.0 16V 4x4 TB Diesel Mec.","montadora_idmontadora":"21"}{"idmodelo":"7478","nome_modelo":"Toro Opening Edition 1.8 16V Flex Aut.","montadora_idmontadora":"21"}{"idmodelo":"7479","nome_modelo":"Toro Volcano 2.0 16V 4x4 TB Diesel Aut.","montadora_idmontadora":"21"}{"idmodelo":"7503","nome_modelo":"Doblo Adv.Ext.\/Adv.Ext.Loc. 1.8 16V Flex","montadora_idmontadora":"21"}{"idmodelo":"7504","nome_modelo":"Idea A.Ext.\/A..Ext.Loc.Dual. 1.8 Flex 5p","montadora_idmontadora":"21"}{"idmodelo":"7505","nome_modelo":"Idea Adv.Ext.\/Adv.Ext. Loc. 1.8 Flex 5p","montadora_idmontadora":"21"}{"idmodelo":"7538","nome_modelo":"MOBI EASY 1.0 Fire Flex 5p.","montadora_idmontadora":"21"}{"idmodelo":"7539","nome_modelo":"MOBI EASY on 1.0 Fire Flex 5p.","montadora_idmontadora":"21"}{"idmodelo":"7540","nome_modelo":"MOBI LIKE 1.0 Fire Flex 5p.","montadora_idmontadora":"21"}{"idmodelo":"7541","nome_modelo":"MOBI LIKE ON 1.0 Fire Flex 5p.","montadora_idmontadora":"21"}{"idmodelo":"7542","nome_modelo":"Palio Weekend Adv. Ext. 1.8 Dual. Flex","montadora_idmontadora":"21"}{"idmodelo":"7543","nome_modelo":"Palio Weekend Adv. Ext. 1.8 Flex","montadora_idmontadora":"21"}{"idmodelo":"7544","nome_modelo":"Palio Weekend Adv. Loc.Ext.1.8 Dual.Flex","montadora_idmontadora":"21"}{"idmodelo":"7545","nome_modelo":"Palio Weekend Adv. LOCKER Ext. 1.8 Flex","montadora_idmontadora":"21"}{"idmodelo":"7612","nome_modelo":"MOBI WAY 1.0 Fire Flex 5p.","montadora_idmontadora":"21"}{"idmodelo":"7613","nome_modelo":"MOBI WAY on 1.0 Fire Flex 5p.","montadora_idmontadora":"21"}{"idmodelo":"7614","nome_modelo":"Palio SPORTING B.Edit. 1.6 Flex 16V 5p","montadora_idmontadora":"21"}{"idmodelo":"7615","nome_modelo":"Palio SPORTING Dual. B.Edit. 1.6 Flex 5p","montadora_idmontadora":"21"}{"idmodelo":"7616","nome_modelo":"UNO SPORT. Dual. 1.4 B.Edit. Flex 8V 5p","montadora_idmontadora":"21"}{"idmodelo":"7617","nome_modelo":"UNO SPORTING 1.4 B.Edit. Flex 8V 5p","montadora_idmontadora":"21"}{"idmodelo":"7732","nome_modelo":"UNO ATTRACTIVE 1.0 Flex 6V 5p","montadora_idmontadora":"21"}{"idmodelo":"7733","nome_modelo":"UNO SPORTING 1.3 Flex 8V 5p","montadora_idmontadora":"21"}{"idmodelo":"7734","nome_modelo":"UNO SPORTING Dual.\/GSR 1.3 Flex 8V 5p","montadora_idmontadora":"21"}{"idmodelo":"7735","nome_modelo":"UNO WAY 1.0 Flex 6V 5p","montadora_idmontadora":"21"}{"idmodelo":"7736","nome_modelo":"UNO WAY 1.3 Flex 8V 5p","montadora_idmontadora":"21"}{"idmodelo":"7737","nome_modelo":"UNO WAY Dual.\/GSR 1.3 Flex 8V 5p","montadora_idmontadora":"21"}{"idmodelo":"7751","nome_modelo":"Fiorino Furg\u00e3o Work. HARD 1.4 Flex 8V 2p","montadora_idmontadora":"21"}{"idmodelo":"7752","nome_modelo":"Strada Working Plus 1.4 8V Flex CS","montadora_idmontadora":"21"}{"idmodelo":"7789","nome_modelo":"Toro Freedom 2.4 16V Flex Aut.","montadora_idmontadora":"21"}{"idmodelo":"7824","nome_modelo":"Grand Siena ATTRACTIVE 1.0 Flex 8V 4p","montadora_idmontadora":"21"}{"idmodelo":"7825","nome_modelo":"MOBI DRIVE 1.0 Flex 6V 5p","montadora_idmontadora":"21"}{"idmodelo":"7920","nome_modelo":"MOBI DRIVE GSR 1.0 Flex 6V 5p","montadora_idmontadora":"21"}{"idmodelo":"7921","nome_modelo":"Toro Opening Ed. Plus 1.8 16V Flex Aut.","montadora_idmontadora":"21"}{"idmodelo":"7949","nome_modelo":"Toro Freedom 2.0 16V 4x4 Diesel Aut.","montadora_idmontadora":"21"}{"idmodelo":"7950","nome_modelo":"Toro Freedom Road 1.8 16V Flex Aut.","montadora_idmontadora":"21"}{"idmodelo":"7951","nome_modelo":"Toro Freedom Road 2.4 16V Flex Aut.","montadora_idmontadora":"21"}{"idmodelo":"7952","nome_modelo":"UNO DRIVE 1.0 Flex 6V 5p","montadora_idmontadora":"21"}{"idmodelo":"7965","nome_modelo":"ARGO DRIVE 1.0 6V Flex","montadora_idmontadora":"21"}{"idmodelo":"7966","nome_modelo":"ARGO DRIVE 1.3 8V Flex","montadora_idmontadora":"21"}{"idmodelo":"7967","nome_modelo":"ARGO DRIVE GSR 1.3 8V Flex","montadora_idmontadora":"21"}{"idmodelo":"7968","nome_modelo":"ARGO HGT 1.8 16V Flex Aut.","montadora_idmontadora":"21"}{"idmodelo":"7969","nome_modelo":"ARGO HGT 1.8 16V Flex Mec.","montadora_idmontadora":"21"}{"idmodelo":"7970","nome_modelo":"ARGO PRECISION 1.8 16V Flex Mec.","montadora_idmontadora":"21"}{"idmodelo":"7971","nome_modelo":"ARGO PRECISION 1.8 16VFlex Aut.","montadora_idmontadora":"21"}{"idmodelo":"8046","nome_modelo":"Toro Blackjack 2.4 16V flex Aut","montadora_idmontadora":"21"}{"idmodelo":"8199","nome_modelo":"CRONOS 1.3 8V Flex","montadora_idmontadora":"21"}{"idmodelo":"8200","nome_modelo":"CRONOS DRIVE 1.3 8V Flex","montadora_idmontadora":"21"}{"idmodelo":"8201","nome_modelo":"CRONOS DRIVE GSR 1.3 8V Flex","montadora_idmontadora":"21"}{"idmodelo":"8202","nome_modelo":"CRONOS PRECISION 1.8 16V Flex Aut.","montadora_idmontadora":"21"}{"idmodelo":"8203","nome_modelo":"CRONOS PRECISION 1.8 16V Flex Mec.","montadora_idmontadora":"21"}{"idmodelo":"8204","nome_modelo":"Ducato Cargo Curto 2.3 16V Diesel","montadora_idmontadora":"21"}{"idmodelo":"8205","nome_modelo":"Ducato Cargo M\u00e9dio 2.3 16V Diesel","montadora_idmontadora":"21"}{"idmodelo":"8206","nome_modelo":"Ducato Chassi 2.3 16V Diesel","montadora_idmontadora":"21"}{"idmodelo":"8207","nome_modelo":"Ducato MaxiCargo 2.3 16V Diesel","montadora_idmontadora":"21"}{"idmodelo":"8208","nome_modelo":"Ducato MaxiMulti 2.3 16V Diesel","montadora_idmontadora":"21"}{"idmodelo":"8209","nome_modelo":"Ducato Multi 2.3 16V Diesel","montadora_idmontadora":"21"}{"idmodelo":"8236","nome_modelo":"Toro Endurence 1.8 16V Flex Aut.","montadora_idmontadora":"21"}{"idmodelo":"8237","nome_modelo":"Toro Volcano 2.4 16V Flex Aut.","montadora_idmontadora":"21"}{"idmodelo":"8315","nome_modelo":"ARGO 1.0 6V Flex.","montadora_idmontadora":"21"}{"idmodelo":"8344","nome_modelo":"MOBI EASY COMFORT 1.0 Flex 5p.","montadora_idmontadora":"21"}