{"idmodelo":"388","nome_modelo":"Avenger ES 2.0\/2.5 16V","montadora_idmontadora":"17"}{"idmodelo":"389","nome_modelo":"Dakota 2.5","montadora_idmontadora":"17"}{"idmodelo":"390","nome_modelo":"Dakota Club 2.5","montadora_idmontadora":"17"}{"idmodelo":"391","nome_modelo":"Dakota Durango 5.9 4x4 V8","montadora_idmontadora":"17"}{"idmodelo":"392","nome_modelo":"Dakota Durango SLT 5.2 4x4 V8","montadora_idmontadora":"17"}{"idmodelo":"393","nome_modelo":"Intrepid 3.3 V6","montadora_idmontadora":"17"}{"idmodelo":"394","nome_modelo":"Dakota RT 5.2 Aut.","montadora_idmontadora":"17"}{"idmodelo":"395","nome_modelo":"Dakota RT 5.2 CE Aut.","montadora_idmontadora":"17"}{"idmodelo":"396","nome_modelo":"Dakota Sport 2.5 4x4","montadora_idmontadora":"17"}{"idmodelo":"397","nome_modelo":"Dakota Sport 2.5 CD Diesel","montadora_idmontadora":"17"}{"idmodelo":"398","nome_modelo":"Dakota Sport 2.5 Diesel","montadora_idmontadora":"17"}{"idmodelo":"399","nome_modelo":"Dakota Sport 3.9 V6","montadora_idmontadora":"17"}{"idmodelo":"400","nome_modelo":"Dakota Sport 3.9 V6 CD Aut.","montadora_idmontadora":"17"}{"idmodelo":"401","nome_modelo":"Dakota Sport 3.9 V6 CD Mec.","montadora_idmontadora":"17"}{"idmodelo":"402","nome_modelo":"Dakota Sport 5.2 V8","montadora_idmontadora":"17"}{"idmodelo":"403","nome_modelo":"Dakota Sport 5.2 V8 CD Aut.","montadora_idmontadora":"17"}{"idmodelo":"404","nome_modelo":"Dakota Sport CE 2.5 Diesel","montadora_idmontadora":"17"}{"idmodelo":"405","nome_modelo":"Dakota Sport CE 3.9 V6","montadora_idmontadora":"17"}{"idmodelo":"406","nome_modelo":"Ram 2500 H.DUTY 5.9 SLT 24V CD 4x4 Dies.","montadora_idmontadora":"17"}{"idmodelo":"407","nome_modelo":"Ram Laramie 5.9 V8","montadora_idmontadora":"17"}{"idmodelo":"408","nome_modelo":"Ram Laramie\/SLT 5.2 V8","montadora_idmontadora":"17"}{"idmodelo":"409","nome_modelo":"Ram Sport 5.9 V8","montadora_idmontadora":"17"}{"idmodelo":"410","nome_modelo":"Stealth 3.0 MPI","montadora_idmontadora":"17"}{"idmodelo":"3931","nome_modelo":"Ram 2500 H.DUTY 5.9 SLT TDI CS 4x4 Dies.","montadora_idmontadora":"17"}{"idmodelo":"4575","nome_modelo":"Ram 2500 TROPIVAN 5.9 SLT TDI 4x4 Dies.","montadora_idmontadora":"17"}{"idmodelo":"4732","nome_modelo":"JOURNEY SXT 2.7 V6 185cv Aut.","montadora_idmontadora":"17"}{"idmodelo":"5150","nome_modelo":"Ram 2500 TROPIVAN 5.9 SLT Exec.TDI Dies.","montadora_idmontadora":"17"}{"idmodelo":"5238","nome_modelo":"JOURNEY RT 2.7 V6 185cv Aut.","montadora_idmontadora":"17"}{"idmodelo":"5270","nome_modelo":"JOURNEY SE 2.7 V6 185cv Aut.","montadora_idmontadora":"17"}{"idmodelo":"5694","nome_modelo":"JOURNEY SXT 3.6 V6 Aut.","montadora_idmontadora":"17"}{"idmodelo":"5695","nome_modelo":"JOURNEY RT 3.6 V6 Aut.","montadora_idmontadora":"17"}{"idmodelo":"5924","nome_modelo":"Ram 2500 LARAMIE 6.7 TDI CD 4x4 Dies","montadora_idmontadora":"17"}{"idmodelo":"6316","nome_modelo":"Durango Citadel 3.6 24V 4x4 Aut.","montadora_idmontadora":"17"}{"idmodelo":"6317","nome_modelo":"Durango Crew 3.6 24V 4x4 Aut.","montadora_idmontadora":"17"}{"idmodelo":"6953","nome_modelo":"JOURNEY Crossroad 3.6 V6 Aut.","montadora_idmontadora":"17"}{"idmodelo":"6954","nome_modelo":"JOURNEY RT 3.6 AWD V6 Aut.","montadora_idmontadora":"17"}{"idmodelo":"7131","nome_modelo":"Durango Limited 3.6 24V 4x4 Aut.","montadora_idmontadora":"17"}