{"idmodelo":"1697","nome_modelo":"3000 GT SL 3.0","montadora_idmontadora":"41"}{"idmodelo":"1698","nome_modelo":"3000 GT VR-4","montadora_idmontadora":"41"}{"idmodelo":"1699","nome_modelo":"Airtrek 2.4 16V 163cv\/ 136cv 4x4 5p Aut.","montadora_idmontadora":"41"}{"idmodelo":"1700","nome_modelo":"Colt GLXi","montadora_idmontadora":"41"}{"idmodelo":"1701","nome_modelo":"Colt GTi Mec","montadora_idmontadora":"41"}{"idmodelo":"1702","nome_modelo":"Diamant LS 3.0 V6","montadora_idmontadora":"41"}{"idmodelo":"1703","nome_modelo":"Eclipse GS\/ GS Turbo Mec","montadora_idmontadora":"41"}{"idmodelo":"1704","nome_modelo":"Eclipse GST 2.0 16V Turbo","montadora_idmontadora":"41"}{"idmodelo":"1705","nome_modelo":"Eclipse GSX 2.0 V6 16V Turbo","montadora_idmontadora":"41"}{"idmodelo":"1706","nome_modelo":"Eclipse GT 3.0 V6 24V","montadora_idmontadora":"41"}{"idmodelo":"1707","nome_modelo":"Expo LRV Sport 2.3 16V","montadora_idmontadora":"41"}{"idmodelo":"1708","nome_modelo":"Expo SP Van 2.3 16V","montadora_idmontadora":"41"}{"idmodelo":"1709","nome_modelo":"Galant 2.0","montadora_idmontadora":"41"}{"idmodelo":"1710","nome_modelo":"Galant 2.5 V6","montadora_idmontadora":"41"}{"idmodelo":"1711","nome_modelo":"Galant ES","montadora_idmontadora":"41"}{"idmodelo":"1712","nome_modelo":"Galant GS 2.0 V6","montadora_idmontadora":"41"}{"idmodelo":"1713","nome_modelo":"GRANDIS 2.4 16V 163cv 5p Aut.","montadora_idmontadora":"41"}{"idmodelo":"1714","nome_modelo":"L200 2.5 4x2 CD Turbo Diesel","montadora_idmontadora":"41"}{"idmodelo":"1715","nome_modelo":"L200 2.5 4x2 Turbo Diesel","montadora_idmontadora":"41"}{"idmodelo":"1716","nome_modelo":"L200 2.5 4x4 CD Turbo Diesel","montadora_idmontadora":"41"}{"idmodelo":"1717","nome_modelo":"L200 Evolution 3.2 4x4 TB Int. Diesel","montadora_idmontadora":"41"}{"idmodelo":"1718","nome_modelo":"L200 GL 2.5 4X4 CD Diesel","montadora_idmontadora":"41"}{"idmodelo":"1719","nome_modelo":"L200 GLS 2.5 4X4 CD Diesel","montadora_idmontadora":"41"}{"idmodelo":"1720","nome_modelo":"L200 GLS Sport 2.5 4x4 121cv CD DTI Dies","montadora_idmontadora":"41"}{"idmodelo":"1721","nome_modelo":"L200 HPE 2.5 8V 95cv\/118cv TB-IC Diesel","montadora_idmontadora":"41"}{"idmodelo":"1722","nome_modelo":"L200 L 2.5 4X4 CD Turbo Diesel","montadora_idmontadora":"41"}{"idmodelo":"1723","nome_modelo":"L200 RI\/ RII\/ RIII CD 2.5 TB Int. Diesel","montadora_idmontadora":"41"}{"idmodelo":"1724","nome_modelo":"L200 Savana 2.5 4x4 121cv CD DTI Dies.","montadora_idmontadora":"41"}{"idmodelo":"1725","nome_modelo":"L200 Sport 2.5 4x4 CD Turbo Diesel","montadora_idmontadora":"41"}{"idmodelo":"1726","nome_modelo":"L200 Sport HPE 2.5 4x4 CD DTI Dies. Aut.","montadora_idmontadora":"41"}{"idmodelo":"1727","nome_modelo":"L200 Sport HPE 2.5 4x4 CD DTI Dies. Mec.","montadora_idmontadora":"41"}{"idmodelo":"1728","nome_modelo":"L200 Sport RS 2.5 CD DTI (passeio) Dies.","montadora_idmontadora":"41"}{"idmodelo":"1729","nome_modelo":"L300 Base\/DX\/Canter 2.5 Diesel","montadora_idmontadora":"41"}{"idmodelo":"1730","nome_modelo":"L300 Top\/Luxo 2.5 Diesel","montadora_idmontadora":"41"}{"idmodelo":"1731","nome_modelo":"Lancer Evol. 2.0 Turbo","montadora_idmontadora":"41"}{"idmodelo":"1732","nome_modelo":"Lancer Evol. VI 2.0 Turbo 4p","montadora_idmontadora":"41"}{"idmodelo":"1733","nome_modelo":"Lancer Evolut. VII\/ VIII\/ IX 2.0 280cv T","montadora_idmontadora":"41"}{"idmodelo":"1734","nome_modelo":"Lancer GLX","montadora_idmontadora":"41"}{"idmodelo":"1735","nome_modelo":"Lancer GTi Mec","montadora_idmontadora":"41"}{"idmodelo":"1736","nome_modelo":"Lancer LS 1.8","montadora_idmontadora":"41"}{"idmodelo":"1737","nome_modelo":"Mirage ES","montadora_idmontadora":"41"}{"idmodelo":"1738","nome_modelo":"Mirage GS 16V\/ GLSi1.6","montadora_idmontadora":"41"}{"idmodelo":"1739","nome_modelo":"Mirage LS","montadora_idmontadora":"41"}{"idmodelo":"1740","nome_modelo":"Montero 2.8 Diesel","montadora_idmontadora":"41"}{"idmodelo":"1741","nome_modelo":"Pajero Evolution 4x4 3.5 V6","montadora_idmontadora":"41"}{"idmodelo":"1742","nome_modelo":"Pajero GLS 2.8 Diesel Turbo Aut.","montadora_idmontadora":"41"}{"idmodelo":"1743","nome_modelo":"Pajero GLS 2.8 Diesel Turbo Mec.","montadora_idmontadora":"41"}{"idmodelo":"1744","nome_modelo":"Pajero GLS 3.0 V6 2p Aut.","montadora_idmontadora":"41"}{"idmodelo":"1745","nome_modelo":"Pajero GLS 3.0 V6 2p Mec.","montadora_idmontadora":"41"}{"idmodelo":"1746","nome_modelo":"Pajero GLS 3.0 V6 4p Aut.","montadora_idmontadora":"41"}{"idmodelo":"1747","nome_modelo":"Pajero GLS 3.0 V6 4p Mec.","montadora_idmontadora":"41"}{"idmodelo":"1748","nome_modelo":"Pajero GLS 3.5 V6 2p Aut","montadora_idmontadora":"41"}{"idmodelo":"1749","nome_modelo":"Pajero GLS 3.5 V6 2p Mec.","montadora_idmontadora":"41"}{"idmodelo":"1750","nome_modelo":"Pajero GLS 3.5 V6 4p Aut.","montadora_idmontadora":"41"}{"idmodelo":"1751","nome_modelo":"Pajero GLS 3.5 V6 4p Mec.","montadora_idmontadora":"41"}{"idmodelo":"1752","nome_modelo":"Pajero GLS 3.5 V6 Top 2p Aut","montadora_idmontadora":"41"}{"idmodelo":"1753","nome_modelo":"Pajero GLS 3.5 V6 Top 4p Aut","montadora_idmontadora":"41"}{"idmodelo":"1754","nome_modelo":"Pajero GLS HPE\/HPE Full 3.8 233cv 3p Aut","montadora_idmontadora":"41"}{"idmodelo":"1755","nome_modelo":"Pajero GLS HPE\/HPE Full 3.8 233cv 5p Aut","montadora_idmontadora":"41"}{"idmodelo":"1757","nome_modelo":"Pajero GLX 2.8 Diesel 4p Mec","montadora_idmontadora":"41"}{"idmodelo":"1758","nome_modelo":"Pajero GLX 3.0 V6 4p Mec","montadora_idmontadora":"41"}{"idmodelo":"1759","nome_modelo":"Pajero GLZ 2.8 4x4 Turbo Diesel","montadora_idmontadora":"41"}{"idmodelo":"1760","nome_modelo":"Pajero GLZ 3.0 4x4 V6","montadora_idmontadora":"41"}{"idmodelo":"1761","nome_modelo":"Pajero iO Aut.","montadora_idmontadora":"41"}{"idmodelo":"1762","nome_modelo":"Pajero iO Mec.","montadora_idmontadora":"41"}{"idmodelo":"1763","nome_modelo":"Pajero iO SE 1.8 16V Aut.","montadora_idmontadora":"41"}{"idmodelo":"1764","nome_modelo":"Pajero iO SE 1.8 16V Mec.","montadora_idmontadora":"41"}{"idmodelo":"1765","nome_modelo":"Pajero Sport 2.8 4x4 Diesel Aut.","montadora_idmontadora":"41"}{"idmodelo":"1766","nome_modelo":"Pajero Sport 2.8 4x4 Diesel Mec.","montadora_idmontadora":"41"}{"idmodelo":"1767","nome_modelo":"Pajero Sport 3.0 4x2 V6 Mec.\/Aut.","montadora_idmontadora":"41"}{"idmodelo":"1768","nome_modelo":"Pajero Sport 3.0 4x4 V6 Mec.\/Aut.","montadora_idmontadora":"41"}{"idmodelo":"1769","nome_modelo":"Pajero Sport SE 3.0 4x2 V6 177cv Aut.","montadora_idmontadora":"41"}{"idmodelo":"1770","nome_modelo":"Pajero Sport SE\/ HPE 2.8 4x4 Diesel Aut.","montadora_idmontadora":"41"}{"idmodelo":"1771","nome_modelo":"Pajero Sport SE\/ HPE 3.0 4x4 177cv Aut.","montadora_idmontadora":"41"}{"idmodelo":"1772","nome_modelo":"Pajero TR4 2.0\/ 2.0 Flex 16V 4x4 Aut.","montadora_idmontadora":"41"}{"idmodelo":"1773","nome_modelo":"Pajero TR4 2.0\/ 2.0 Flex 16V 4x4 Mec.","montadora_idmontadora":"41"}{"idmodelo":"1774","nome_modelo":"Pajero TR4 2.0 Blind. 16V 131cv 4x4 Aut.","montadora_idmontadora":"41"}{"idmodelo":"1775","nome_modelo":"Pajero TR4 2.0 Blind. 16V 131cv 4x4 Mec.","montadora_idmontadora":"41"}{"idmodelo":"1776","nome_modelo":"Space Wagon GLS 2.0","montadora_idmontadora":"41"}{"idmodelo":"1777","nome_modelo":"Space Wagon GLS 2.4","montadora_idmontadora":"41"}{"idmodelo":"1778","nome_modelo":"Space Wagon GLXi 2.4 (Nova S\u00e9rie)","montadora_idmontadora":"41"}{"idmodelo":"1779","nome_modelo":"Space Wagon\/ GLXi 2.4","montadora_idmontadora":"41"}{"idmodelo":"3972","nome_modelo":"Pajero HPE Full 3.2 4x4 T.I.Dies.3p Aut.","montadora_idmontadora":"41"}{"idmodelo":"3973","nome_modelo":"Pajero Sport HPE 3.5 4x4 200cv Aut.","montadora_idmontadora":"41"}{"idmodelo":"4065","nome_modelo":"Pajero Sport HPE 2.5 4x4 Diesel Aut.","montadora_idmontadora":"41"}{"idmodelo":"4066","nome_modelo":"Pajero Sport HPE 2.5 4x4 Diesel Mec.","montadora_idmontadora":"41"}{"idmodelo":"4122","nome_modelo":"L200 OUTDOOR GLS 2.5 4X4 CD TDI Diesel","montadora_idmontadora":"41"}{"idmodelo":"4123","nome_modelo":"L200 OUTDOOR HPE 2.5 4x4 CD T.Dies. Mec.","montadora_idmontadora":"41"}{"idmodelo":"4124","nome_modelo":"L200 OUTDOOR HPE 2.5 4x4 CD T.Dies. Aut.","montadora_idmontadora":"41"}{"idmodelo":"4143","nome_modelo":"Lancer Evolut. IX MR 2.0 290cv TB-IC","montadora_idmontadora":"41"}{"idmodelo":"4192","nome_modelo":"Eclipse GT 3.8 V6 267cv","montadora_idmontadora":"41"}{"idmodelo":"4251","nome_modelo":"Airtrek 2.0 16V TB-IC 202cv 4x4 5p","montadora_idmontadora":"41"}{"idmodelo":"4333","nome_modelo":"Pajero GLS Full 3.8 V6 250cv 5p Aut.","montadora_idmontadora":"41"}{"idmodelo":"4334","nome_modelo":"Pajero HPE Full 3.8 V6 250cv 3p Aut.","montadora_idmontadora":"41"}{"idmodelo":"4335","nome_modelo":"Pajero HPE Full 3.8 V6 250cv 5p Aut.","montadora_idmontadora":"41"}{"idmodelo":"4411","nome_modelo":"OUTLANDER 3.0\/ GT 3.0 V6 Aut.","montadora_idmontadora":"41"}{"idmodelo":"4478","nome_modelo":"L200 Triton HPE 3.2 CD TB Int.Diesel Aut","montadora_idmontadora":"41"}{"idmodelo":"4479","nome_modelo":"L200 Triton HPE 3.5 CD V6 24V Flex Aut.","montadora_idmontadora":"41"}{"idmodelo":"4503","nome_modelo":"L200 Triton HPE 3.2 CD TB Int.Diesel Mec","montadora_idmontadora":"41"}{"idmodelo":"4642","nome_modelo":"Pajero TR4 GLS 2.0 Flex 16V 4x4 Mec.","montadora_idmontadora":"41"}{"idmodelo":"4802","nome_modelo":"Pajero Full GLS\/GLS\/PKHPE 3.2 Dies.TI 5p","montadora_idmontadora":"41"}{"idmodelo":"4803","nome_modelo":"Pajero HPE Full 3.2 4x4 T.I.Dies. 5p Aut","montadora_idmontadora":"41"}{"idmodelo":"4813","nome_modelo":"OUTLANDER 2.4 16V 170cv Aut.","montadora_idmontadora":"41"}{"idmodelo":"4979","nome_modelo":"Pajero DAKAR 3.2 4x4 T.I. Dies. 5p Aut.","montadora_idmontadora":"41"}{"idmodelo":"4980","nome_modelo":"Pajero DAKAR 3.2 4x4 T.I. Dies. 5p Mec.","montadora_idmontadora":"41"}{"idmodelo":"4981","nome_modelo":"Pajero Sport 3.5 V6 Flex 4x4 Aut.","montadora_idmontadora":"41"}{"idmodelo":"5381","nome_modelo":"Lancer Evolution X 2.0 16V 295cv TB Int.","montadora_idmontadora":"41"}{"idmodelo":"5424","nome_modelo":"ASX 2.0 16V 160cv Aut.","montadora_idmontadora":"41"}{"idmodelo":"5425","nome_modelo":"ASX 2.0 16V 160cv Mec.","montadora_idmontadora":"41"}{"idmodelo":"5426","nome_modelo":"ASX 2.0 16V 4x4 160cv Aut.","montadora_idmontadora":"41"}{"idmodelo":"5503","nome_modelo":"OUTLANDER 2.0 16V 160cv Aut.","montadora_idmontadora":"41"}{"idmodelo":"5560","nome_modelo":"L200 Triton XB 3.2 CD TB Int.Diesel Mec.","montadora_idmontadora":"41"}{"idmodelo":"5583","nome_modelo":"Pajero DAKAR\/HPE 3.5 4x4 Flex 5p Aut.","montadora_idmontadora":"41"}{"idmodelo":"5689","nome_modelo":"Lancer GT 2.0 16V 160cv Aut.","montadora_idmontadora":"41"}{"idmodelo":"5690","nome_modelo":"Lancer Sport Ralliart 2.0 16V TB Int. 5p","montadora_idmontadora":"41"}{"idmodelo":"5733","nome_modelo":"Lancer 2.0 16V 160cv Aut.","montadora_idmontadora":"41"}{"idmodelo":"5734","nome_modelo":"Lancer 2.0 16V 160cv Mec.","montadora_idmontadora":"41"}{"idmodelo":"5735","nome_modelo":"Pajero TR4 2.0 Flex 16V 4X2 Aut.","montadora_idmontadora":"41"}{"idmodelo":"5736","nome_modelo":"Pajero TR4 2.0 Flex 16V 4X2 Mec.","montadora_idmontadora":"41"}{"idmodelo":"5936","nome_modelo":"L200 Triton GLS 3.2 CD TB Int.Diesel Mec","montadora_idmontadora":"41"}{"idmodelo":"5937","nome_modelo":"L200 Triton GLX 3.2 CD TB Int.Diesel Mec","montadora_idmontadora":"41"}{"idmodelo":"6071","nome_modelo":"Pajero DAKAR HPE 3.2 4x4 T.I Dies 5p Aut","montadora_idmontadora":"41"}{"idmodelo":"6240","nome_modelo":"L200 Triton Savana 3.2 CD TBI Dies. Mec.","montadora_idmontadora":"41"}{"idmodelo":"6301","nome_modelo":"Lancer GT 2.0 16V 4X4 160cv Aut.","montadora_idmontadora":"41"}{"idmodelo":"6544","nome_modelo":"L200 Triton HLS 2.4 Flex 16V CD Mec.","montadora_idmontadora":"41"}{"idmodelo":"7142","nome_modelo":"Lancer Evol. X J. Easton 2.0 16V TB Int.","montadora_idmontadora":"41"}{"idmodelo":"7198","nome_modelo":"Pajero 3.2 4x4 T.I. Dies. 5p Aut","montadora_idmontadora":"41"}{"idmodelo":"7199","nome_modelo":"Pajero HPE 3.2 4x4 T.I. Dies. 5p Aut.","montadora_idmontadora":"41"}{"idmodelo":"7200","nome_modelo":"Pajero HPE 3.5 4x4 Flex 5p Aut.","montadora_idmontadora":"41"}{"idmodelo":"7230","nome_modelo":"L200 Triton Savanaoff 3.2 CD TBI Die.Mec","montadora_idmontadora":"41"}{"idmodelo":"7231","nome_modelo":"OUTLANDER PHEV (Hybrid) 2.0 16V 4x4 Aut.","montadora_idmontadora":"41"}{"idmodelo":"7263","nome_modelo":"Lancer HL 2.0 16V 160cv Aut.","montadora_idmontadora":"41"}{"idmodelo":"7264","nome_modelo":"Lancer HLE 2.0 16V 160cv Aut.","montadora_idmontadora":"41"}{"idmodelo":"7265","nome_modelo":"OUTLANDER 2.2 165cv Diesel Aut.","montadora_idmontadora":"41"}{"idmodelo":"7288","nome_modelo":"ASX 2.0 16V 4x4 Aut.(By Armura-Blind.)","montadora_idmontadora":"41"}{"idmodelo":"7310","nome_modelo":"ASX 2.0 16V 4x2 Aut.(By Amura-Blind.)","montadora_idmontadora":"41"}{"idmodelo":"7311","nome_modelo":"ASX O NEILL 2.0 16V 160cv Aut.","montadora_idmontadora":"41"}{"idmodelo":"7312","nome_modelo":"L200 Tri.HLS Chrome Ed. 2.4 CD Flex Mec.","montadora_idmontadora":"41"}{"idmodelo":"7313","nome_modelo":"Lancer GT 2.0 16V Aut.(By Armura-Blind.)","montadora_idmontadora":"41"}{"idmodelo":"7314","nome_modelo":"Lancer HL 2.0 16V Aut.(By Armura-Blind.)","montadora_idmontadora":"41"}{"idmodelo":"7315","nome_modelo":"Lancer HLE 2.0 16V Aut.(By Armura-Blind)","montadora_idmontadora":"41"}{"idmodelo":"7358","nome_modelo":"Pajero HPE-S 3.2 4x4 T.I.Diesel 5p Aut.","montadora_idmontadora":"41"}{"idmodelo":"7432","nome_modelo":"ASX OUTDOOR 2.0 4X4 16V 160 cv Mec.","montadora_idmontadora":"41"}{"idmodelo":"7433","nome_modelo":"Lancer HL-T 2.0 16V 160cv Aut.","montadora_idmontadora":"41"}{"idmodelo":"7487","nome_modelo":"L200 T. OUTDOOR 3.2 CD TB Int.Dies. Mec.","montadora_idmontadora":"41"}{"idmodelo":"7488","nome_modelo":"L200 Triton Savana 3.2 CD TBI Dies. Aut.","montadora_idmontadora":"41"}{"idmodelo":"7489","nome_modelo":"L200 T.OUTDOOR 3.2 CD TB Int. Dies. Aut.","montadora_idmontadora":"41"}{"idmodelo":"7490","nome_modelo":"L200 Triton OUTDOOR 2.4 Flex 16V CD Mec.","montadora_idmontadora":"41"}{"idmodelo":"7513","nome_modelo":"ASX OUTDOOR 2.0 4x2 16V 160cv Aut.","montadora_idmontadora":"41"}{"idmodelo":"7514","nome_modelo":"ASX-S 2.0 16V 160cv Aut.","montadora_idmontadora":"41"}{"idmodelo":"7515","nome_modelo":"L200 Triton KTM 3.2 CD TB Int.Dies. Mec.","montadora_idmontadora":"41"}{"idmodelo":"7621","nome_modelo":"Pajero OUTDOOR 3.2 4x4 T.I. Dies.5p Aut.","montadora_idmontadora":"41"}{"idmodelo":"7740","nome_modelo":"L200 Triton S. HPE FTP 2.4 CD Dies. Aut.","montadora_idmontadora":"41"}{"idmodelo":"7741","nome_modelo":"L200 Triton Sport GLS 2.4 CD Diesel Mec.","montadora_idmontadora":"41"}{"idmodelo":"7742","nome_modelo":"L200 Triton Sport HPE 2.4 CD Diesel Aut.","montadora_idmontadora":"41"}{"idmodelo":"7979","nome_modelo":"ASX 2.0 16V 4x2 Flex Aut.","montadora_idmontadora":"41"}{"idmodelo":"7980","nome_modelo":"ASX 2.0 16V 4x4 Flex Aut.","montadora_idmontadora":"41"}{"idmodelo":"7981","nome_modelo":"OUTLANDER COMFORT 2.0 16V Aut.","montadora_idmontadora":"41"}{"idmodelo":"8182","nome_modelo":"L200 Triton Sport GLS 2.4 CD Diesel Aut.","montadora_idmontadora":"41"}{"idmodelo":"8217","nome_modelo":"L200 Triton Sport GLX 2.4 CD Diesel Mec.","montadora_idmontadora":"41"}{"idmodelo":"8218","nome_modelo":"L200 Triton Sport HPE-S 2.4 CD Dies. Aut","montadora_idmontadora":"41"}{"idmodelo":"8219","nome_modelo":"Pajero HD-S 3.2 4x4 T.I. Diesel 5p Mec.","montadora_idmontadora":"41"}{"idmodelo":"8321","nome_modelo":"L200 Triton GL 3.2 CD TB Int. Dies. Mec.","montadora_idmontadora":"41"}