{"idmodelo":"1483","nome_modelo":"222 SE\/SR 2.0 V6","montadora_idmontadora":"36"}{"idmodelo":"1484","nome_modelo":"228","montadora_idmontadora":"36"}{"idmodelo":"1485","nome_modelo":"3200 GT Cup\u00ea","montadora_idmontadora":"36"}{"idmodelo":"1486","nome_modelo":"3200 GT Cup\u00ea Aut.","montadora_idmontadora":"36"}{"idmodelo":"1487","nome_modelo":"430 2.0 V6","montadora_idmontadora":"36"}{"idmodelo":"1488","nome_modelo":"430 II 2.0 V6","montadora_idmontadora":"36"}{"idmodelo":"1489","nome_modelo":"Coup\u00e9 CC 4.2 V8 32V 390cv","montadora_idmontadora":"36"}{"idmodelo":"1490","nome_modelo":"Ghibli 2.0 V6","montadora_idmontadora":"36"}{"idmodelo":"1491","nome_modelo":"Quattroporte Evolucione Aut.","montadora_idmontadora":"36"}{"idmodelo":"1492","nome_modelo":"Quattroporte Evolucione Mec.","montadora_idmontadora":"36"}{"idmodelo":"1493","nome_modelo":"Quattroporte Executive 4.2 32V 400cv","montadora_idmontadora":"36"}{"idmodelo":"1494","nome_modelo":"Quattroporte Sport 4.2 32V 400cv\/430cv","montadora_idmontadora":"36"}{"idmodelo":"1495","nome_modelo":"Shamal 3.2 V8","montadora_idmontadora":"36"}{"idmodelo":"1496","nome_modelo":"Spyder IE 2.0 V6","montadora_idmontadora":"36"}{"idmodelo":"1497","nome_modelo":"Spyder CC 4.2 V8 32V 390cv","montadora_idmontadora":"36"}{"idmodelo":"4062","nome_modelo":"GranSport 4.2 V8 32V 400cv","montadora_idmontadora":"36"}{"idmodelo":"4063","nome_modelo":"GranSport Spyder 4.2 V8 32V 400cv","montadora_idmontadora":"36"}{"idmodelo":"4695","nome_modelo":"GranTurismo 4.2 V8 32V 405cv","montadora_idmontadora":"36"}{"idmodelo":"4696","nome_modelo":"Quattroporte Automatica 4.2 32V 400cv","montadora_idmontadora":"36"}{"idmodelo":"5000","nome_modelo":"GranTurismo S 4.7 V8 32V\/ MC Line","montadora_idmontadora":"36"}{"idmodelo":"5001","nome_modelo":"Quattroporte S 4.7 V8 32V 430cv","montadora_idmontadora":"36"}{"idmodelo":"5422","nome_modelo":"Quattroporte Sport GT-S 4.7 V8 32V 440cv","montadora_idmontadora":"36"}{"idmodelo":"5471","nome_modelo":"GranCabrio 4.7 V8 32V 440cv","montadora_idmontadora":"36"}{"idmodelo":"6178","nome_modelo":"GranTurismo MC Stradale 4.7 V8 32V 450cv","montadora_idmontadora":"36"}{"idmodelo":"6539","nome_modelo":"Quattroporte GTS 3.8 V8 32V 530cv","montadora_idmontadora":"36"}{"idmodelo":"6926","nome_modelo":"Ghibli 3.0 V6 330cv Aut.","montadora_idmontadora":"36"}{"idmodelo":"6927","nome_modelo":"Ghibli S Q4 3.0 V6 410cv Aut.","montadora_idmontadora":"36"}{"idmodelo":"7074","nome_modelo":"Gran Turismo Sport 4.7 V8 32V 460cv","montadora_idmontadora":"36"}{"idmodelo":"7799","nome_modelo":"Levante 3.0 V6 350cv Aut.","montadora_idmontadora":"36"}{"idmodelo":"7885","nome_modelo":"Levante S 3.0 V6 430cv Aut.","montadora_idmontadora":"36"}