{"idmodelo":"358","nome_modelo":"Espero 2.0","montadora_idmontadora":"15"}{"idmodelo":"359","nome_modelo":"Espero CD \/ DLX 2.0","montadora_idmontadora":"15"}{"idmodelo":"360","nome_modelo":"Lanos Hatch SX 1.6 16V","montadora_idmontadora":"15"}{"idmodelo":"361","nome_modelo":"Lanos SX 1.6 16V","montadora_idmontadora":"15"}{"idmodelo":"362","nome_modelo":"Lanos SX 1.6 16V Aut.","montadora_idmontadora":"15"}{"idmodelo":"363","nome_modelo":"Leganza CDX 2.0 16V Aut.","montadora_idmontadora":"15"}{"idmodelo":"364","nome_modelo":"Leganza CDX 2.0 16V Mec.","montadora_idmontadora":"15"}{"idmodelo":"365","nome_modelo":"Nubira CDX 2.0 16V Aut.","montadora_idmontadora":"15"}{"idmodelo":"366","nome_modelo":"Nubira CDX 2.0 16V Mec.","montadora_idmontadora":"15"}{"idmodelo":"367","nome_modelo":"Nubira SW CDX 2.0 16V Aut.","montadora_idmontadora":"15"}{"idmodelo":"368","nome_modelo":"Nubira SW CDX 2.0 16V Mec.","montadora_idmontadora":"15"}{"idmodelo":"369","nome_modelo":"Prince Ace 2.0","montadora_idmontadora":"15"}{"idmodelo":"370","nome_modelo":"Racer GTi 1.5 16V","montadora_idmontadora":"15"}{"idmodelo":"371","nome_modelo":"Super Salon Ace","montadora_idmontadora":"15"}{"idmodelo":"372","nome_modelo":"Tico","montadora_idmontadora":"15"}