{"idmodelo":"2164","nome_modelo":"Baleno 1.6 16V Aut.","montadora_idmontadora":"55"}{"idmodelo":"2165","nome_modelo":"Baleno 1.6 16V Mec.","montadora_idmontadora":"55"}{"idmodelo":"2166","nome_modelo":"Baleno Wagon 1.6 16V Aut.","montadora_idmontadora":"55"}{"idmodelo":"2167","nome_modelo":"Grand Vitara 1.6 16V Aut.","montadora_idmontadora":"55"}{"idmodelo":"2168","nome_modelo":"Grand Vitara 1.6 16V Mec.","montadora_idmontadora":"55"}{"idmodelo":"2169","nome_modelo":"Grand Vitara 2.0 16V 3p","montadora_idmontadora":"55"}{"idmodelo":"2170","nome_modelo":"Grand Vitara 2.0 16V 4x2\/4x4 5p Aut.","montadora_idmontadora":"55"}{"idmodelo":"2171","nome_modelo":"Grand Vitara 2.0 16V 4x2\/4x4 5p Mec.","montadora_idmontadora":"55"}{"idmodelo":"2172","nome_modelo":"Grand Vitara 2.0 16V 5p\/Gold Aut. (Arg.)","montadora_idmontadora":"55"}{"idmodelo":"2173","nome_modelo":"Grand Vitara 2.0 16V 5p\/Gold Mec. (Arg.)","montadora_idmontadora":"55"}{"idmodelo":"2174","nome_modelo":"Grand Vitara 2.0 16V Ed. Special 5p Aut.","montadora_idmontadora":"55"}{"idmodelo":"2175","nome_modelo":"Grand Vitara 2.0 16V Ed. Special 5p Mec.","montadora_idmontadora":"55"}{"idmodelo":"2176","nome_modelo":"Grand Vitara 2.0 TB-IC Diesel 4p","montadora_idmontadora":"55"}{"idmodelo":"2177","nome_modelo":"Grand Vitara 2.5 V6 5p Aut.","montadora_idmontadora":"55"}{"idmodelo":"2178","nome_modelo":"Grand Vitara 2.5 V6 5p Mec.","montadora_idmontadora":"55"}{"idmodelo":"2179","nome_modelo":"Grand Vitara Sport 2.0 16V Aut.","montadora_idmontadora":"55"}{"idmodelo":"2180","nome_modelo":"Grand Vitara Sport 2.0 16V Mec.","montadora_idmontadora":"55"}{"idmodelo":"2181","nome_modelo":"Grand Vitara XL_7 2.7 24V 173cv 4p Aut.","montadora_idmontadora":"55"}{"idmodelo":"2182","nome_modelo":"Grand Vitara XL_7 2.7 24V 173cv 4p Mec.","montadora_idmontadora":"55"}{"idmodelo":"2183","nome_modelo":"Ignis 1.3 16V 82cv 4p Aut.","montadora_idmontadora":"55"}{"idmodelo":"2184","nome_modelo":"Ignis 1.3 16V 82cv 4p Mec.","montadora_idmontadora":"55"}{"idmodelo":"2185","nome_modelo":"Ignis WRS 1.3 16V 82cv 4x4 4p","montadora_idmontadora":"55"}{"idmodelo":"2186","nome_modelo":"Jimny Wide\/ Jimny\/4ALL 1.3 16V","montadora_idmontadora":"55"}{"idmodelo":"2187","nome_modelo":"Samurai JX Canvas 1.3","montadora_idmontadora":"55"}{"idmodelo":"2188","nome_modelo":"Samurai JX Metal 1.3","montadora_idmontadora":"55"}{"idmodelo":"2189","nome_modelo":"Sidekick Canvas","montadora_idmontadora":"55"}{"idmodelo":"2190","nome_modelo":"Sidekick Metal","montadora_idmontadora":"55"}{"idmodelo":"2191","nome_modelo":"Super Carry Van\/ Furg\u00e3o 1.0","montadora_idmontadora":"55"}{"idmodelo":"2192","nome_modelo":"Swift GL","montadora_idmontadora":"55"}{"idmodelo":"2193","nome_modelo":"Swift GTi 1.3 3p","montadora_idmontadora":"55"}{"idmodelo":"2194","nome_modelo":"Swift GTI Convers. 16V","montadora_idmontadora":"55"}{"idmodelo":"2195","nome_modelo":"Swift Hatch 1.0 3p e 5p","montadora_idmontadora":"55"}{"idmodelo":"2196","nome_modelo":"Swift Hatch\/ Sedan 1.3","montadora_idmontadora":"55"}{"idmodelo":"2197","nome_modelo":"Swift Sedan 1.6 16V","montadora_idmontadora":"55"}{"idmodelo":"2198","nome_modelo":"Vitara JLX 1.6 16V 4x4 4p Aut.","montadora_idmontadora":"55"}{"idmodelo":"2199","nome_modelo":"Vitara JLX 1.6 16V 4x4 4p Mec.","montadora_idmontadora":"55"}{"idmodelo":"2200","nome_modelo":"Vitara JLX 2.0 V6 4x4","montadora_idmontadora":"55"}{"idmodelo":"2201","nome_modelo":"Vitara JLX Canvas 1.6 8V 2p","montadora_idmontadora":"55"}{"idmodelo":"2202","nome_modelo":"Vitara JLX Metal 1.6 8V 2p","montadora_idmontadora":"55"}{"idmodelo":"2203","nome_modelo":"Wagon R+ 1.0 Mec.","montadora_idmontadora":"55"}{"idmodelo":"4904","nome_modelo":"Grand Vitara 3.2 24V 4WD 5p Aut.","montadora_idmontadora":"55"}{"idmodelo":"5005","nome_modelo":"SX4 2.0 16V 145cv 4WD 5p Aut.","montadora_idmontadora":"55"}{"idmodelo":"5006","nome_modelo":"SX4 2.0 16V 145cv 4WD 5p Mec.","montadora_idmontadora":"55"}{"idmodelo":"6073","nome_modelo":"Jimny 4S 1.3 16V","montadora_idmontadora":"55"}{"idmodelo":"6074","nome_modelo":"Jimny 4SPORT\/ 4WORK 1.3 16V","montadora_idmontadora":"55"}{"idmodelo":"6075","nome_modelo":"Jimny 4STREET 1.3 16V","montadora_idmontadora":"55"}{"idmodelo":"6244","nome_modelo":"Jimny 4SUN 1.3 16V","montadora_idmontadora":"55"}{"idmodelo":"6745","nome_modelo":"Grand Vitara L.EDI. 2.0 16V 4x2\/4x4 Aut.","montadora_idmontadora":"55"}{"idmodelo":"6931","nome_modelo":"Swift Sport 1.6 16V 5p Mec.","montadora_idmontadora":"55"}{"idmodelo":"6932","nome_modelo":"Swift Sport R 1.6 16V 5p Mec.","montadora_idmontadora":"55"}{"idmodelo":"7075","nome_modelo":"Grand Vitara S. EDITI. 2.0 16V 4x2 Aut.","montadora_idmontadora":"55"}{"idmodelo":"7210","nome_modelo":"SX4 S-CROSS ALLGRIP GLX 1.6 16V Aut.","montadora_idmontadora":"55"}{"idmodelo":"7211","nome_modelo":"SX4 S-CROSS ALLGRIP GLS 1.6 16V Aut.","montadora_idmontadora":"55"}{"idmodelo":"7212","nome_modelo":"SX4 S-CROSS GL 1.6 16V Mec.","montadora_idmontadora":"55"}{"idmodelo":"7213","nome_modelo":"SX4 S-CROSS GLX 1.6 16V Aut.","montadora_idmontadora":"55"}{"idmodelo":"7361","nome_modelo":"Grand Vitara 4SPORT 2.0 16V 4x4 5p Aut.","montadora_idmontadora":"55"}{"idmodelo":"7380","nome_modelo":"Grand Vitara 4SPORT 2.0 16V 4x4 5p Mec.","montadora_idmontadora":"55"}{"idmodelo":"7404","nome_modelo":"Grand Vitara 4SPORT 2.0 16V 4x2 5P Aut.","montadora_idmontadora":"55"}{"idmodelo":"7636","nome_modelo":"Jimny 4WORK OFF ROAD 1.3 16V","montadora_idmontadora":"55"}{"idmodelo":"7771","nome_modelo":"Vitara 4ALL 1.6 16V Aut.","montadora_idmontadora":"55"}{"idmodelo":"7772","nome_modelo":"Vitara 4ALL 1.6 16V Mec.","montadora_idmontadora":"55"}{"idmodelo":"7773","nome_modelo":"Vitara 4SPORT 1.4 TB 16V Aut.","montadora_idmontadora":"55"}{"idmodelo":"7774","nome_modelo":"Vitara 4SPORT ALLGRIP 1.4 TB 16V Aut.","montadora_idmontadora":"55"}{"idmodelo":"7775","nome_modelo":"Vitara 4YOU 1.6 16V Aut.","montadora_idmontadora":"55"}{"idmodelo":"7776","nome_modelo":"Vitara 4YOU ALLGRIP 1.6 16V Aut.","montadora_idmontadora":"55"}{"idmodelo":"7813","nome_modelo":"S-CROSS 4STYLE 1.4 TB 16V Aut.","montadora_idmontadora":"55"}{"idmodelo":"7814","nome_modelo":"S-CROSS 4STYLE ALLGRIP 1.4 TB 16V Aut.","montadora_idmontadora":"55"}{"idmodelo":"7815","nome_modelo":"S-CROSS 4YOU 1.6 16V Aut.","montadora_idmontadora":"55"}{"idmodelo":"7877","nome_modelo":"Jimny CANVAS 4ALL 1.3 16V","montadora_idmontadora":"55"}{"idmodelo":"7878","nome_modelo":"Jimny CANVAS 4SPORT 1.3 16V","montadora_idmontadora":"55"}