{"idmodelo":"655","nome_modelo":"Aerostar Mini-Van 3.8","montadora_idmontadora":"22"}{"idmodelo":"656","nome_modelo":"Aspire 1.3","montadora_idmontadora":"22"}{"idmodelo":"657","nome_modelo":"Belina GL 1.8 \/ 1.6","montadora_idmontadora":"22"}{"idmodelo":"658","nome_modelo":"Belina L 1.8\/ 1.6","montadora_idmontadora":"22"}{"idmodelo":"659","nome_modelo":"Club Wagon V8","montadora_idmontadora":"22"}{"idmodelo":"660","nome_modelo":"Club Wagon XLT 4.9 V6","montadora_idmontadora":"22"}{"idmodelo":"661","nome_modelo":"Contour SE\/ GL\/ LX 2.0 16V","montadora_idmontadora":"22"}{"idmodelo":"662","nome_modelo":"Contour SE\/GL\/ LX 2.5 24V","montadora_idmontadora":"22"}{"idmodelo":"663","nome_modelo":"Corcel II GL\/GT","montadora_idmontadora":"22"}{"idmodelo":"664","nome_modelo":"Corcel II L","montadora_idmontadora":"22"}{"idmodelo":"665","nome_modelo":"Courier 1.3i\/Furg\u00e3o","montadora_idmontadora":"22"}{"idmodelo":"666","nome_modelo":"Courier 1.6 L\/ 1.6 Flex","montadora_idmontadora":"22"}{"idmodelo":"667","nome_modelo":"Courier CLX 1.4i 16V","montadora_idmontadora":"22"}{"idmodelo":"668","nome_modelo":"Courier Si 1.4i 16V","montadora_idmontadora":"22"}{"idmodelo":"669","nome_modelo":"Courier Sport 1.6 8v","montadora_idmontadora":"22"}{"idmodelo":"670","nome_modelo":"Courier XL\/XL-RS 1.6\/ XL 1.6 Flex","montadora_idmontadora":"22"}{"idmodelo":"671","nome_modelo":"Crown Victoria LX 4.6","montadora_idmontadora":"22"}{"idmodelo":"672","nome_modelo":"Del Rey Belina Ghia","montadora_idmontadora":"22"}{"idmodelo":"673","nome_modelo":"Del Rey Belina GL","montadora_idmontadora":"22"}{"idmodelo":"674","nome_modelo":"Del Rey Belina GLX","montadora_idmontadora":"22"}{"idmodelo":"675","nome_modelo":"Del Rey Belina L","montadora_idmontadora":"22"}{"idmodelo":"676","nome_modelo":"Del Rey Ghia 1.8 \/ 1.6 2p e 4p","montadora_idmontadora":"22"}{"idmodelo":"677","nome_modelo":"Del Rey GLX 1.6\/1.8 \/ GL 1.6\/1.8 2p e 4p","montadora_idmontadora":"22"}{"idmodelo":"678","nome_modelo":"Del Rey L 1.8 \/ 1.6 2p e 4p","montadora_idmontadora":"22"}{"idmodelo":"679","nome_modelo":"EcoSport 4WD 2.0\/ 2.0 Flex 16V 5p","montadora_idmontadora":"22"}{"idmodelo":"680","nome_modelo":"EcoSport XL 1.6\/ 1.6 Flex 8V 5p","montadora_idmontadora":"22"}{"idmodelo":"681","nome_modelo":"EcoSport XL Supercharger 1.0 8V 95cv 5p","montadora_idmontadora":"22"}{"idmodelo":"682","nome_modelo":"EcoSport XLS 1.6\/ 1.6 Flex 8V 5p","montadora_idmontadora":"22"}{"idmodelo":"683","nome_modelo":"EcoSport XLT 1.6\/ 1.6 Flex 8V 5p","montadora_idmontadora":"22"}{"idmodelo":"684","nome_modelo":"EcoSport XLT 2.0\/ 2.0 Flex 16V 5p Mec.","montadora_idmontadora":"22"}{"idmodelo":"685","nome_modelo":"Escort Racer 2.0i","montadora_idmontadora":"22"}{"idmodelo":"686","nome_modelo":"Escort Ghia 1.8i \/ 1.8 \/ 1.6","montadora_idmontadora":"22"}{"idmodelo":"687","nome_modelo":"Escort Ghia 2.0i \/ 2.0","montadora_idmontadora":"22"}{"idmodelo":"688","nome_modelo":"Escort GL 1.6 MPI","montadora_idmontadora":"22"}{"idmodelo":"689","nome_modelo":"Escort GL 1.6i \/ 1.6","montadora_idmontadora":"22"}{"idmodelo":"690","nome_modelo":"Escort GL 1.8i \/ 1.8","montadora_idmontadora":"22"}{"idmodelo":"691","nome_modelo":"Escort GL 1.8i 16V 3p","montadora_idmontadora":"22"}{"idmodelo":"692","nome_modelo":"Escort GL 1.8i 16V 4p","montadora_idmontadora":"22"}{"idmodelo":"693","nome_modelo":"Escort GLX 1.6i","montadora_idmontadora":"22"}{"idmodelo":"694","nome_modelo":"Escort GLX 1.8i 16V 4p","montadora_idmontadora":"22"}{"idmodelo":"695","nome_modelo":"Escort GLX 1.8i 8v","montadora_idmontadora":"22"}{"idmodelo":"696","nome_modelo":"Escort Guaruj\u00e1 1.8 4p","montadora_idmontadora":"22"}{"idmodelo":"697","nome_modelo":"Escort Hobby 1.0","montadora_idmontadora":"22"}{"idmodelo":"698","nome_modelo":"Escort Hobby 1.6","montadora_idmontadora":"22"}{"idmodelo":"699","nome_modelo":"Escort L 1.8i \/ 1.8","montadora_idmontadora":"22"}{"idmodelo":"700","nome_modelo":"Escort L\/LX 1.6","montadora_idmontadora":"22"}{"idmodelo":"701","nome_modelo":"Escort RS 1.8i 16V","montadora_idmontadora":"22"}{"idmodelo":"702","nome_modelo":"Escort S.W GL 1.8i 16V","montadora_idmontadora":"22"}{"idmodelo":"703","nome_modelo":"Escort S.W. GLX 1.8i 16V","montadora_idmontadora":"22"}{"idmodelo":"704","nome_modelo":"Escort SW 1.9 16v","montadora_idmontadora":"22"}{"idmodelo":"705","nome_modelo":"Escort SW GL 1.6 MPI","montadora_idmontadora":"22"}{"idmodelo":"706","nome_modelo":"Escort XR3 1.8 \/ 1.6 Beneton\/Form.\/Laser","montadora_idmontadora":"22"}{"idmodelo":"707","nome_modelo":"Escort XR3 1.8 \/ 1.6 Convers\u00edvel","montadora_idmontadora":"22"}{"idmodelo":"708","nome_modelo":"Escort XR3 2.0i","montadora_idmontadora":"22"}{"idmodelo":"709","nome_modelo":"Escort XR3 2.0i Convers\u00edvel","montadora_idmontadora":"22"}{"idmodelo":"710","nome_modelo":"Expedition 5.4 V8","montadora_idmontadora":"22"}{"idmodelo":"711","nome_modelo":"Explorer Limited 4.0 4x4 V6 213cv","montadora_idmontadora":"22"}{"idmodelo":"712","nome_modelo":"Explorer Limited 5.0 4x4 V8","montadora_idmontadora":"22"}{"idmodelo":"713","nome_modelo":"Explorer Sport 4.0 V6","montadora_idmontadora":"22"}{"idmodelo":"714","nome_modelo":"Explorer XL 4x2 4.0 V6","montadora_idmontadora":"22"}{"idmodelo":"715","nome_modelo":"Explorer XL 4x4 4.0 V6","montadora_idmontadora":"22"}{"idmodelo":"716","nome_modelo":"Explorer XLT 4x2 4.0 V6","montadora_idmontadora":"22"}{"idmodelo":"717","nome_modelo":"Explorer XLT 4x4 4.0 V6","montadora_idmontadora":"22"}{"idmodelo":"718","nome_modelo":"F-100 2.3","montadora_idmontadora":"22"}{"idmodelo":"719","nome_modelo":"F-100 Blazer 2.3","montadora_idmontadora":"22"}{"idmodelo":"720","nome_modelo":"F-100 CD 2.3","montadora_idmontadora":"22"}{"idmodelo":"721","nome_modelo":"F-100 Super 2.3","montadora_idmontadora":"22"}{"idmodelo":"722","nome_modelo":"F-100 Super S\u00e9rie 2.3","montadora_idmontadora":"22"}{"idmodelo":"723","nome_modelo":"F-1000 CD\/Blazer 3.6","montadora_idmontadora":"22"}{"idmodelo":"724","nome_modelo":"F-1000 CD\/Blazer 3.9 Dies.","montadora_idmontadora":"22"}{"idmodelo":"725","nome_modelo":"F-1000 Lightning\/ Super 4.9i","montadora_idmontadora":"22"}{"idmodelo":"726","nome_modelo":"F-1000 Regular Cab. 4.9i","montadora_idmontadora":"22"}{"idmodelo":"727","nome_modelo":"F-1000 S. S. Diesel \/ S.S. Diesel Turbo","montadora_idmontadora":"22"}{"idmodelo":"728","nome_modelo":"F-1000 SR XK Deserter Diesel","montadora_idmontadora":"22"}{"idmodelo":"729","nome_modelo":"F-1000 SR XK Deserter","montadora_idmontadora":"22"}{"idmodelo":"730","nome_modelo":"F-1000 Super 3.6 \/ Super S\u00e9rie 3.6","montadora_idmontadora":"22"}{"idmodelo":"731","nome_modelo":"F-1000 Super CE 4.9i \/ 3.6","montadora_idmontadora":"22"}{"idmodelo":"732","nome_modelo":"F-1000 Super Diesel \/ Super Diesel Turbo","montadora_idmontadora":"22"}{"idmodelo":"733","nome_modelo":"F-1000 Super Diesel CE 3.9","montadora_idmontadora":"22"}{"idmodelo":"734","nome_modelo":"F-1000 Super S\u00e9rie CE 4.9\/3.6","montadora_idmontadora":"22"}{"idmodelo":"735","nome_modelo":"F-1000 Super S\u00e9rie CE Diesel 3.9","montadora_idmontadora":"22"}{"idmodelo":"736","nome_modelo":"F-1000 Super\/ S.S\u00e9rie 4x4 3.9 Diesel","montadora_idmontadora":"22"}{"idmodelo":"737","nome_modelo":"F-1000 Tropical CD HSD 2.5\/4.3 Diesel TB","montadora_idmontadora":"22"}{"idmodelo":"738","nome_modelo":"F-1000 Tropical CD 4.9i","montadora_idmontadora":"22"}{"idmodelo":"739","nome_modelo":"F-1000 Tropical SL\/ Van 4.9i","montadora_idmontadora":"22"}{"idmodelo":"740","nome_modelo":"F-1000 Tropical SL\/ Van T.Diesel (todas)","montadora_idmontadora":"22"}{"idmodelo":"741","nome_modelo":"F-1000 XL 2.5 HSD Diesel TB","montadora_idmontadora":"22"}{"idmodelo":"742","nome_modelo":"F-1000 XL 4.9i","montadora_idmontadora":"22"}{"idmodelo":"743","nome_modelo":"F-1000 XL 4.9i CE","montadora_idmontadora":"22"}{"idmodelo":"744","nome_modelo":"F-1000 XL 4x4 Diesel Turbo","montadora_idmontadora":"22"}{"idmodelo":"745","nome_modelo":"F-1000 XL Diesel Turbo","montadora_idmontadora":"22"}{"idmodelo":"746","nome_modelo":"F-1000 XLT 2.5 HSD Diesel TB","montadora_idmontadora":"22"}{"idmodelo":"747","nome_modelo":"F-1000 XLT 4x4 Diesel Turbo","montadora_idmontadora":"22"}{"idmodelo":"748","nome_modelo":"F-1000 XLT CE 4.9i","montadora_idmontadora":"22"}{"idmodelo":"749","nome_modelo":"F-1000 XLT Diesel Turbo","montadora_idmontadora":"22"}{"idmodelo":"750","nome_modelo":"F-1000 XLT\/XL Lighting 4.9i","montadora_idmontadora":"22"}{"idmodelo":"751","nome_modelo":"F-150 XL Triton 4.3 V6","montadora_idmontadora":"22"}{"idmodelo":"752","nome_modelo":"F-150 XLT Triton 4.3","montadora_idmontadora":"22"}{"idmodelo":"753","nome_modelo":"F-150 XLT Triton 4.6 V8","montadora_idmontadora":"22"}{"idmodelo":"754","nome_modelo":"F-150 XLT Triton 5.8","montadora_idmontadora":"22"}{"idmodelo":"755","nome_modelo":"F-250 Tropical 3.9 Diesel","montadora_idmontadora":"22"}{"idmodelo":"756","nome_modelo":"F-250 Tropical 4.2 CE \/ CD Diesel TB","montadora_idmontadora":"22"}{"idmodelo":"757","nome_modelo":"F-250 Tropical 4.2 V6","montadora_idmontadora":"22"}{"idmodelo":"758","nome_modelo":"F-250 Tropical SL\/ Van T.Diesel (todas)","montadora_idmontadora":"22"}{"idmodelo":"759","nome_modelo":"F-250 XL 4.2 180cv CD TB Diesel","montadora_idmontadora":"22"}{"idmodelo":"760","nome_modelo":"F-250 XL 4.2 Turbo Diesel","montadora_idmontadora":"22"}{"idmodelo":"761","nome_modelo":"F-250 XL 4.2 V6","montadora_idmontadora":"22"}{"idmodelo":"762","nome_modelo":"F-250 XL 3.9 4x2 Diesel","montadora_idmontadora":"22"}{"idmodelo":"763","nome_modelo":"F-250 XL Super Duty 3.9 Diesel","montadora_idmontadora":"22"}{"idmodelo":"764","nome_modelo":"F-250 XL Super Duty 4.2 TB Diesel","montadora_idmontadora":"22"}{"idmodelo":"765","nome_modelo":"F-250 XL Super Duty 4.2 V6","montadora_idmontadora":"22"}{"idmodelo":"766","nome_modelo":"F-250 XLT 3.9 4x2 Diesel TB","montadora_idmontadora":"22"}{"idmodelo":"767","nome_modelo":"F-250 XLT 4.2 180cv CD TB Diesel","montadora_idmontadora":"22"}{"idmodelo":"768","nome_modelo":"F-250 XLT 4.2 TB Diesel","montadora_idmontadora":"22"}{"idmodelo":"769","nome_modelo":"F-250 XLT 4.2 V6","montadora_idmontadora":"22"}{"idmodelo":"770","nome_modelo":"Fiesta 1.0i 3p e 5p","montadora_idmontadora":"22"}{"idmodelo":"771","nome_modelo":"Fiesta 1.3 3p e 5p","montadora_idmontadora":"22"}{"idmodelo":"772","nome_modelo":"Fiesta 1.6 8V Flex\/Class 1.6 8V Flex 5p","montadora_idmontadora":"22"}{"idmodelo":"773","nome_modelo":"Fiesta Class 1.0 2p","montadora_idmontadora":"22"}{"idmodelo":"774","nome_modelo":"Fiesta Class 1.0 4p","montadora_idmontadora":"22"}{"idmodelo":"775","nome_modelo":"Fiesta Class 1.6 8V 98cv 5p","montadora_idmontadora":"22"}{"idmodelo":"776","nome_modelo":"Fiesta CLX 1.3i 3p","montadora_idmontadora":"22"}{"idmodelo":"777","nome_modelo":"Fiesta CLX 1.3i 5p","montadora_idmontadora":"22"}{"idmodelo":"778","nome_modelo":"Fiesta CLX 1.4i 16V 3p e 5p","montadora_idmontadora":"22"}{"idmodelo":"779","nome_modelo":"Fiesta GL 1.0 3p","montadora_idmontadora":"22"}{"idmodelo":"780","nome_modelo":"Fiesta GL 1.0 5p","montadora_idmontadora":"22"}{"idmodelo":"781","nome_modelo":"Fiesta GL Class 1.0i 5p","montadora_idmontadora":"22"}{"idmodelo":"782","nome_modelo":"Fiesta GLX 1.6 8V 3p","montadora_idmontadora":"22"}{"idmodelo":"783","nome_modelo":"Fiesta GLX 1.6 8V 5p","montadora_idmontadora":"22"}{"idmodelo":"784","nome_modelo":"Fiesta Personnalit\u00e9 1.0 8V 66cv 5p","montadora_idmontadora":"22"}{"idmodelo":"785","nome_modelo":"Fiesta Sed. 1.6 8V Flex 4p","montadora_idmontadora":"22"}{"idmodelo":"786","nome_modelo":"Fiesta Sed. Personnalit\u00e9 1.0 8V 4p","montadora_idmontadora":"22"}{"idmodelo":"787","nome_modelo":"Fiesta Sed. Supercharger 1.0 8V 4p","montadora_idmontadora":"22"}{"idmodelo":"788","nome_modelo":"Fiesta Sedan Street 1.0 8v 4p","montadora_idmontadora":"22"}{"idmodelo":"789","nome_modelo":"Fiesta Sedan Street 1.6 8v 4p","montadora_idmontadora":"22"}{"idmodelo":"790","nome_modelo":"Fiesta Sport 1.0MPi 4p","montadora_idmontadora":"22"}{"idmodelo":"791","nome_modelo":"Fiesta Sport 1.6MPi 4p","montadora_idmontadora":"22"}{"idmodelo":"792","nome_modelo":"Fiesta Street 1.0 8v 3p","montadora_idmontadora":"22"}{"idmodelo":"793","nome_modelo":"Fiesta Street 1.6 8v 95cv 5p","montadora_idmontadora":"22"}{"idmodelo":"794","nome_modelo":"Fiesta Street\/ Action 1.0 8v 5p","montadora_idmontadora":"22"}{"idmodelo":"795","nome_modelo":"Fiesta Supercharger 1.0 8V 95cv 5p","montadora_idmontadora":"22"}{"idmodelo":"796","nome_modelo":"Focus 1.6 S\/SE\/SE Plus Flex 8V\/16V 5p","montadora_idmontadora":"22"}{"idmodelo":"797","nome_modelo":"Focus 1.8 16V 5p","montadora_idmontadora":"22"}{"idmodelo":"798","nome_modelo":"Focus 2.0 16V\/ 2.0 16V Flex 5p","montadora_idmontadora":"22"}{"idmodelo":"799","nome_modelo":"Focus 2.0 16V\/SE\/SE Plus Flex 5p Aut.","montadora_idmontadora":"22"}{"idmodelo":"800","nome_modelo":"Focus Ghia 2.0 16V\/ 2.0 16V Flex 5p Aut","montadora_idmontadora":"22"}{"idmodelo":"801","nome_modelo":"Focus Ghia Sed. 2.0 16V\/ 2.0 16V Flex 4p","montadora_idmontadora":"22"}{"idmodelo":"802","nome_modelo":"Focus Ghia Sed. 2.0 16V\/2.0 16V Flex Aut","montadora_idmontadora":"22"}{"idmodelo":"803","nome_modelo":"Focus Ghia\/ XR 2.0 \/Ghia 2.0 16V Flex 5p","montadora_idmontadora":"22"}{"idmodelo":"804","nome_modelo":"Focus Sedan 1.6\/1.6 Flex 8V\/16V 4p Mec.","montadora_idmontadora":"22"}{"idmodelo":"805","nome_modelo":"Focus Sedan 1.8 16V 115cv 4p","montadora_idmontadora":"22"}{"idmodelo":"806","nome_modelo":"Focus Sedan 2.0 16V\/2.0 16V Flex 4p","montadora_idmontadora":"22"}{"idmodelo":"807","nome_modelo":"Focus Sedan 2.0 16V\/2.0 16V Flex 4p Aut.","montadora_idmontadora":"22"}{"idmodelo":"808","nome_modelo":"Furglaine 3.6","montadora_idmontadora":"22"}{"idmodelo":"809","nome_modelo":"Furglaine 3.9 Diesel","montadora_idmontadora":"22"}{"idmodelo":"810","nome_modelo":"Furglaine Chateaux\/Exec. 3.9 Diesel","montadora_idmontadora":"22"}{"idmodelo":"811","nome_modelo":"Ibiza 3.9 Furg\u00e3o Diesel","montadora_idmontadora":"22"}{"idmodelo":"812","nome_modelo":"Ibiza Chat.\/Exec. 3.9 Diesel","montadora_idmontadora":"22"}{"idmodelo":"813","nome_modelo":"KA 1.0i 3p","montadora_idmontadora":"22"}{"idmodelo":"814","nome_modelo":"KA Action 1.6 MPI 8V 95cv","montadora_idmontadora":"22"}{"idmodelo":"815","nome_modelo":"KA Black 1.0 MPI 8v 65cv","montadora_idmontadora":"22"}{"idmodelo":"816","nome_modelo":"KA Black 1.6 MPI 8v 95cv","montadora_idmontadora":"22"}{"idmodelo":"817","nome_modelo":"KA CLX 1.3i 3p","montadora_idmontadora":"22"}{"idmodelo":"818","nome_modelo":"KA GL 1.0i Zetec Rocam","montadora_idmontadora":"22"}{"idmodelo":"819","nome_modelo":"KA GL Image 1.0i\/ 1.0i Zetec Rocam","montadora_idmontadora":"22"}{"idmodelo":"820","nome_modelo":"KA Image 1.0i","montadora_idmontadora":"22"}{"idmodelo":"821","nome_modelo":"KA Street 1.0i","montadora_idmontadora":"22"}{"idmodelo":"822","nome_modelo":"KA Tecno 1.0i 8v Zetec Rocam","montadora_idmontadora":"22"}{"idmodelo":"823","nome_modelo":"KA XR 1.6 MPI 8V","montadora_idmontadora":"22"}{"idmodelo":"824","nome_modelo":"Mondeo CLX 1.8 4p e 5p","montadora_idmontadora":"22"}{"idmodelo":"825","nome_modelo":"Mondeo CLX 1.8i SW","montadora_idmontadora":"22"}{"idmodelo":"826","nome_modelo":"Mondeo CLX 2.0i 4p Aut","montadora_idmontadora":"22"}{"idmodelo":"827","nome_modelo":"Mondeo CLX 2.0i 4p Mec","montadora_idmontadora":"22"}{"idmodelo":"828","nome_modelo":"Mondeo CLX 2.0i SW Aut","montadora_idmontadora":"22"}{"idmodelo":"829","nome_modelo":"Mondeo CLX 2.0i SW Mec","montadora_idmontadora":"22"}{"idmodelo":"830","nome_modelo":"Mondeo Ghia 2.0 16V 143cv 4p Aut","montadora_idmontadora":"22"}{"idmodelo":"831","nome_modelo":"Mondeo Ghia 2.0 16V 143cv 4p Mec","montadora_idmontadora":"22"}{"idmodelo":"832","nome_modelo":"Mondeo Ghia 2.5 V6 Aut","montadora_idmontadora":"22"}{"idmodelo":"833","nome_modelo":"Mondeo Ghia 2.5 V6 Mec","montadora_idmontadora":"22"}{"idmodelo":"834","nome_modelo":"Mondeo GLX 2.0 16V 4p Aut","montadora_idmontadora":"22"}{"idmodelo":"835","nome_modelo":"Mondeo GLX 2.0 4p e 5p","montadora_idmontadora":"22"}{"idmodelo":"836","nome_modelo":"Mondeo GLX 2.0i SW Mec.\/ Aut.","montadora_idmontadora":"22"}{"idmodelo":"837","nome_modelo":"Mustang 3.8 V6","montadora_idmontadora":"22"}{"idmodelo":"838","nome_modelo":"Mustang 3.8 V6 Conv.","montadora_idmontadora":"22"}{"idmodelo":"839","nome_modelo":"Mustang Cobra 5.7 V8","montadora_idmontadora":"22"}{"idmodelo":"840","nome_modelo":"Mustang GT V8","montadora_idmontadora":"22"}{"idmodelo":"841","nome_modelo":"Mustang GT V8 Convers\u00edvel","montadora_idmontadora":"22"}{"idmodelo":"842","nome_modelo":"Pampa 4x4 Jeep GL \/ L 1.6","montadora_idmontadora":"22"}{"idmodelo":"843","nome_modelo":"Pampa Ghia 1.6\/1.8\/DUO","montadora_idmontadora":"22"}{"idmodelo":"844","nome_modelo":"Pampa GL 1.6\/ 1.8","montadora_idmontadora":"22"}{"idmodelo":"845","nome_modelo":"Pampa L 1.6","montadora_idmontadora":"22"}{"idmodelo":"846","nome_modelo":"Pampa L 1.8i \/ 1.8","montadora_idmontadora":"22"}{"idmodelo":"847","nome_modelo":"Pampa S 1.8","montadora_idmontadora":"22"}{"idmodelo":"848","nome_modelo":"Probe 2.0\/2.2","montadora_idmontadora":"22"}{"idmodelo":"849","nome_modelo":"Probe GT 2.5 V6","montadora_idmontadora":"22"}{"idmodelo":"850","nome_modelo":"Ranger 2.5 4x2 CD TB Diesel","montadora_idmontadora":"22"}{"idmodelo":"851","nome_modelo":"Ranger 2.5 4x2 CE Diesel","montadora_idmontadora":"22"}{"idmodelo":"852","nome_modelo":"Ranger 2.5 4x2 TB Diesel","montadora_idmontadora":"22"}{"idmodelo":"853","nome_modelo":"Ranger 2.5 4x4 CD TB Diesel","montadora_idmontadora":"22"}{"idmodelo":"854","nome_modelo":"Ranger 2.5 4x4 CE TB Diesel","montadora_idmontadora":"22"}{"idmodelo":"855","nome_modelo":"Ranger 2.5 4x4 TB Diesel","montadora_idmontadora":"22"}{"idmodelo":"856","nome_modelo":"Ranger 2.5i CD","montadora_idmontadora":"22"}{"idmodelo":"857","nome_modelo":"Ranger 2.5i CE","montadora_idmontadora":"22"}{"idmodelo":"858","nome_modelo":"Ranger 2.5i CS","montadora_idmontadora":"22"}{"idmodelo":"859","nome_modelo":"Ranger Limited 3.0 PSE 4x4 CD TB Diesel","montadora_idmontadora":"22"}{"idmodelo":"860","nome_modelo":"Ranger Splash CE","montadora_idmontadora":"22"}{"idmodelo":"861","nome_modelo":"Ranger Splash CS","montadora_idmontadora":"22"}{"idmodelo":"862","nome_modelo":"Ranger STX 4.0 CS\/ CE","montadora_idmontadora":"22"}{"idmodelo":"863","nome_modelo":"Ranger XL 2.3 16v 137cv 4x2 CD Repower.","montadora_idmontadora":"22"}{"idmodelo":"864","nome_modelo":"Ranger XL 2.3 16v 137cv 4x2 CE Repower.","montadora_idmontadora":"22"}{"idmodelo":"865","nome_modelo":"Ranger XL 2.3 16v 137cv 4x2 CS Repower.","montadora_idmontadora":"22"}{"idmodelo":"866","nome_modelo":"Ranger XL 2.3 CS","montadora_idmontadora":"22"}{"idmodelo":"867","nome_modelo":"Ranger XL 2.8 8v 135cv 4x2 CD TB Diesel","montadora_idmontadora":"22"}{"idmodelo":"868","nome_modelo":"Ranger XL 2.8 8v 135cv 4x2 CE TB Diesel","montadora_idmontadora":"22"}{"idmodelo":"869","nome_modelo":"Ranger XL 2.8 8v 135cv 4x2 CS TB Diesel","montadora_idmontadora":"22"}{"idmodelo":"870","nome_modelo":"Ranger XL 2.8 8v 135cv 4x4 CD TB Diesel","montadora_idmontadora":"22"}{"idmodelo":"871","nome_modelo":"Ranger XL 2.8 8v 135cv 4x4 CE TB Diesel","montadora_idmontadora":"22"}{"idmodelo":"872","nome_modelo":"Ranger XL 2.8 8v 135cv 4x4 CS TB Diesel","montadora_idmontadora":"22"}{"idmodelo":"873","nome_modelo":"Ranger XL 4.0 12v V6 210cv 4x2 CS Repow.","montadora_idmontadora":"22"}{"idmodelo":"874","nome_modelo":"Ranger XL 4.0 CS","montadora_idmontadora":"22"}{"idmodelo":"875","nome_modelo":"Ranger XLS 2.3 16V 145cv\/150cv 4x2 CD","montadora_idmontadora":"22"}{"idmodelo":"876","nome_modelo":"Ranger XLS 2.3 16V 145cv\/150cv 4x2 CS","montadora_idmontadora":"22"}{"idmodelo":"877","nome_modelo":"Ranger XLS 2.8 8V 135cv 4x2 CD TB Diesel","montadora_idmontadora":"22"}{"idmodelo":"878","nome_modelo":"Ranger XLS 2.8 8V 135cv 4x2 CS TB Diesel","montadora_idmontadora":"22"}{"idmodelo":"879","nome_modelo":"Ranger XLS 2.8 8V 135cv 4x4 CS TB Diesel","montadora_idmontadora":"22"}{"idmodelo":"880","nome_modelo":"Ranger XLS 2.8\/2.8 Storm 4x4 CD TB Dies","montadora_idmontadora":"22"}{"idmodelo":"881","nome_modelo":"Ranger XLS 3.0 PSE 163cv 4x2 CD TB Dies.","montadora_idmontadora":"22"}{"idmodelo":"882","nome_modelo":"Ranger XLS 3.0 PSE 163cv 4x2 CS TB Dies.","montadora_idmontadora":"22"}{"idmodelo":"883","nome_modelo":"Ranger XLS 3.0 PSE 163cv 4x4 CD TB Dies.","montadora_idmontadora":"22"}{"idmodelo":"884","nome_modelo":"Ranger XLT 2.3 CS","montadora_idmontadora":"22"}{"idmodelo":"885","nome_modelo":"Ranger XLT 2.5 4x2 CD Diesel","montadora_idmontadora":"22"}{"idmodelo":"886","nome_modelo":"Ranger XLT 2.5 4x2 CE Diesel","montadora_idmontadora":"22"}{"idmodelo":"887","nome_modelo":"Ranger XLT 2.5 4x2 CS Diesel","montadora_idmontadora":"22"}{"idmodelo":"888","nome_modelo":"Ranger XLT 2.5 4x4 CD Diesel","montadora_idmontadora":"22"}{"idmodelo":"889","nome_modelo":"Ranger XLT 2.5 4x4 CE TB Diesel","montadora_idmontadora":"22"}{"idmodelo":"890","nome_modelo":"Ranger XLT 2.5 4x4 CS TB Diesel","montadora_idmontadora":"22"}{"idmodelo":"891","nome_modelo":"Ranger XLT 2.8 8v 135cv 4x2 CD TB Diesel","montadora_idmontadora":"22"}{"idmodelo":"892","nome_modelo":"Ranger XLT 2.8 8v 135cv 4x4 CD TB Diesel","montadora_idmontadora":"22"}{"idmodelo":"893","nome_modelo":"Ranger XLT 2.8 8v 135cv 4x4 CE TB Diesel","montadora_idmontadora":"22"}{"idmodelo":"894","nome_modelo":"Ranger XLT 3.0 PSE 163cv 4x2 CD TB Dies.","montadora_idmontadora":"22"}{"idmodelo":"895","nome_modelo":"Ranger XLT 3.0 PSE 163cv 4x4 CD TB Dies.","montadora_idmontadora":"22"}{"idmodelo":"896","nome_modelo":"Ranger XLT 4.0 12v V6 210cv 4x4 CD Repow","montadora_idmontadora":"22"}{"idmodelo":"897","nome_modelo":"Ranger XLT 4.0 12v V6 210cv 4x4 CE Repow","montadora_idmontadora":"22"}{"idmodelo":"898","nome_modelo":"Ranger XLT 4.0 4x2 CE","montadora_idmontadora":"22"}{"idmodelo":"899","nome_modelo":"Ranger XLT 4.0 4x2 CS","montadora_idmontadora":"22"}{"idmodelo":"900","nome_modelo":"Ranger XLT 4.0 4x4 CD","montadora_idmontadora":"22"}{"idmodelo":"901","nome_modelo":"Ranger XLT 4.0 4x4 CE","montadora_idmontadora":"22"}{"idmodelo":"902","nome_modelo":"Ranger XLT 4.0 4x4 CS","montadora_idmontadora":"22"}{"idmodelo":"903","nome_modelo":"Ranger XLT Limit.\/L.Cent. 2.8 CD TB Dies","montadora_idmontadora":"22"}{"idmodelo":"904","nome_modelo":"Royale Ghia 2.0\/2.0i 2p e 4p","montadora_idmontadora":"22"}{"idmodelo":"905","nome_modelo":"Royale GL 1.8\/1.8i 2p e 4p","montadora_idmontadora":"22"}{"idmodelo":"906","nome_modelo":"Royale GL 2.0\/2.0i 2p e 4p","montadora_idmontadora":"22"}{"idmodelo":"907","nome_modelo":"Taurus GL 3.0 V6","montadora_idmontadora":"22"}{"idmodelo":"908","nome_modelo":"Taurus GL SW 3.0 V6 24V","montadora_idmontadora":"22"}{"idmodelo":"909","nome_modelo":"Taurus L\/LX 3.0 V6","montadora_idmontadora":"22"}{"idmodelo":"910","nome_modelo":"Taurus LX SW 3.0 V6 24V","montadora_idmontadora":"22"}{"idmodelo":"911","nome_modelo":"Taurus SHO 3.0 V6","montadora_idmontadora":"22"}{"idmodelo":"912","nome_modelo":"Thunderbird SC 3.8 V6","montadora_idmontadora":"22"}{"idmodelo":"913","nome_modelo":"Verona Ghia 2.0i 4p","montadora_idmontadora":"22"}{"idmodelo":"914","nome_modelo":"Verona GL 1.8i \/ LX 1.8i 4p","montadora_idmontadora":"22"}{"idmodelo":"915","nome_modelo":"Verona GLX 1.8 (Modelo antigo)","montadora_idmontadora":"22"}{"idmodelo":"916","nome_modelo":"Verona GLX 1.8i \/ 1.8 4p","montadora_idmontadora":"22"}{"idmodelo":"917","nome_modelo":"Verona GLX 2.0i \/ 2.0 4p","montadora_idmontadora":"22"}{"idmodelo":"918","nome_modelo":"Verona LX 1.6 (Modelo antigo)","montadora_idmontadora":"22"}{"idmodelo":"919","nome_modelo":"Verona LX 1.8 (Modelo antigo)","montadora_idmontadora":"22"}{"idmodelo":"920","nome_modelo":"Verona S 2.0i 4p","montadora_idmontadora":"22"}{"idmodelo":"921","nome_modelo":"Versailles Ghia 2.0i \/ 2.0 2p e 4p","montadora_idmontadora":"22"}{"idmodelo":"922","nome_modelo":"Versailles GL 1.8i \/ 1.8 2p e 4p","montadora_idmontadora":"22"}{"idmodelo":"923","nome_modelo":"Versailles GL 2.0i \/ 2.0 2p e 4p","montadora_idmontadora":"22"}{"idmodelo":"924","nome_modelo":"Windstar GL","montadora_idmontadora":"22"}{"idmodelo":"925","nome_modelo":"Windstar LX","montadora_idmontadora":"22"}{"idmodelo":"3814","nome_modelo":"Ranger XL 3.0 PSE 163cv 4x2 CD TB Diesel","montadora_idmontadora":"22"}{"idmodelo":"3815","nome_modelo":"Ranger XL 3.0 PSE 163cv 4x2 CS TB Diesel","montadora_idmontadora":"22"}{"idmodelo":"3816","nome_modelo":"Ranger XL 3.0 PSE 163cv 4x4 CD TB Diesel","montadora_idmontadora":"22"}{"idmodelo":"3817","nome_modelo":"Ranger XL 3.0 PSE 163cv 4x4 CS TB Diesel","montadora_idmontadora":"22"}{"idmodelo":"3886","nome_modelo":"EcoSport XLS FREESTYLE 1.6 Flex 8V 5p","montadora_idmontadora":"22"}{"idmodelo":"3887","nome_modelo":"KA MP3 1.0 MPI 8V 65cv","montadora_idmontadora":"22"}{"idmodelo":"3888","nome_modelo":"KA MP3 1.6 MPI 8V 95cv","montadora_idmontadora":"22"}{"idmodelo":"4056","nome_modelo":"F-250 XL 3.9 4x4 TB Diesel","montadora_idmontadora":"22"}{"idmodelo":"4057","nome_modelo":"F-250 XL 3.9 CD TB Diesel","montadora_idmontadora":"22"}{"idmodelo":"4058","nome_modelo":"F-250 XLT 3.9 4x2 CD TB Diesel","montadora_idmontadora":"22"}{"idmodelo":"4059","nome_modelo":"F-250 XLT 3.9 4x4 CD TB Diesel","montadora_idmontadora":"22"}{"idmodelo":"4060","nome_modelo":"F-250 XLT 3.9 4x4 TB Diesel","montadora_idmontadora":"22"}{"idmodelo":"4061","nome_modelo":"Fusion SEL 2.3 16V 162cv Aut.","montadora_idmontadora":"22"}{"idmodelo":"4134","nome_modelo":"Courier Van 1.6\/ 1.6 Flex 8V (Carga)","montadora_idmontadora":"22"}{"idmodelo":"4135","nome_modelo":"Fiesta 1.0 8V Flex\/Class 1.0 8V Flex 5p","montadora_idmontadora":"22"}{"idmodelo":"4136","nome_modelo":"Fiesta Sedan 1.0 8V Flex 4p","montadora_idmontadora":"22"}{"idmodelo":"4161","nome_modelo":"F-250 TropiCab CE 3.9 TB Diesel","montadora_idmontadora":"22"}{"idmodelo":"4162","nome_modelo":"F-250 Tropicampo CD 3.9 TB Diesel","montadora_idmontadora":"22"}{"idmodelo":"4163","nome_modelo":"F-250 Tropiclassic 3.9 TB Diesel","montadora_idmontadora":"22"}{"idmodelo":"4164","nome_modelo":"F-250 Tropivan Executive 3.9 TB Diesel","montadora_idmontadora":"22"}{"idmodelo":"4165","nome_modelo":"F-250 Tropivan\/Tropi. Plus 3.9 TB Diesel","montadora_idmontadora":"22"}{"idmodelo":"4256","nome_modelo":"EcoSport XLS 2.0\/2.0 Flex 16V 5p Aut.","montadora_idmontadora":"22"}{"idmodelo":"4257","nome_modelo":"EcoSport XLT 2.0\/ 2.0 Flex 16V 5p Aut.","montadora_idmontadora":"22"}{"idmodelo":"4258","nome_modelo":"EcoSport XLT FREESTYLE 1.6 Flex 8V 5p","montadora_idmontadora":"22"}{"idmodelo":"4291","nome_modelo":"Ranger XLT 2.3 16V 150cv CD Repower.","montadora_idmontadora":"22"}{"idmodelo":"4409","nome_modelo":"Fiesta TRAIL 1.0 8V Flex 5p","montadora_idmontadora":"22"}{"idmodelo":"4410","nome_modelo":"Fiesta TRAIL 1.6 8V Flex 5p","montadora_idmontadora":"22"}{"idmodelo":"4474","nome_modelo":"Ranger XLS SPORT 2.3 16V 150cv CS","montadora_idmontadora":"22"}{"idmodelo":"4514","nome_modelo":"KA 1.0 8V\/1.0 8V ST Flex 3p","montadora_idmontadora":"22"}{"idmodelo":"4515","nome_modelo":"KA 1.6 8V Flex 3p","montadora_idmontadora":"22"}{"idmodelo":"4789","nome_modelo":"KA 1.0 TECNO 8V Flex 3p","montadora_idmontadora":"22"}{"idmodelo":"4790","nome_modelo":"KA 1.6 TECNO 8V Flex 3p","montadora_idmontadora":"22"}{"idmodelo":"4810","nome_modelo":"EDGE SEL 3.5 V6 24V AWD Aut.","montadora_idmontadora":"22"}{"idmodelo":"4829","nome_modelo":"EcoSport XLT FREESTYLE 2.0 Flex 16V 5p","montadora_idmontadora":"22"}{"idmodelo":"4838","nome_modelo":"TRANSIT Furg\u00e3o 3330 2.4 TDCI Curto Dies.","montadora_idmontadora":"22"}{"idmodelo":"4839","nome_modelo":"TRANSIT Furg\u00e3o 3550 2.4 TDCI Longo Dies.","montadora_idmontadora":"22"}{"idmodelo":"4840","nome_modelo":"TRANSIT Van 3550 2.4 TDCI 14lug. Diesel","montadora_idmontadora":"22"}{"idmodelo":"4848","nome_modelo":"Ranger XLS 3.0 PSE Storm 4x4 CD TB Dies.","montadora_idmontadora":"22"}{"idmodelo":"4922","nome_modelo":"Fusion SEL 2.5 16V 173cv Aut.","montadora_idmontadora":"22"}{"idmodelo":"4923","nome_modelo":"Fusion SEL 3.0 V6 AWD 24V 243cv Aut.","montadora_idmontadora":"22"}{"idmodelo":"4998","nome_modelo":"Ranger Limited 2.3 150cv CD","montadora_idmontadora":"22"}{"idmodelo":"5191","nome_modelo":"F-250 F-MILHA CD 3.9 TB Diesel","montadora_idmontadora":"22"}{"idmodelo":"5247","nome_modelo":"TRANSIT Chassi 2.4 TDCI Diesel","montadora_idmontadora":"22"}{"idmodelo":"5345","nome_modelo":"Fiesta Sedan SE 1.6 16V Flex 4p","montadora_idmontadora":"22"}{"idmodelo":"5365","nome_modelo":"Ranger TROPIVAN XLT 2.3 16V 150cv","montadora_idmontadora":"22"}{"idmodelo":"5366","nome_modelo":"Ranger TROPIVAN XLT 3.0 PSE 4x2 TB Dies.","montadora_idmontadora":"22"}{"idmodelo":"5367","nome_modelo":"Ranger TROPIVAN XLT 3.0 PSE 4x4 TB Dies.","montadora_idmontadora":"22"}{"idmodelo":"5413","nome_modelo":"EDGE LIMITED 3.5 V6 24V AWD Aut.","montadora_idmontadora":"22"}{"idmodelo":"5414","nome_modelo":"Fusion Hybrid 2.5 16V 193cv Aut.","montadora_idmontadora":"22"}{"idmodelo":"5450","nome_modelo":"Focus Sed. TI.\/TI.Plus 2.0 16V Flex Aut","montadora_idmontadora":"22"}{"idmodelo":"5451","nome_modelo":"Focus TITA\/TITA Plus 2.0 Flex 5p Aut.","montadora_idmontadora":"22"}{"idmodelo":"5452","nome_modelo":"Focus TITANIUM 2.0 16V Flex 5p Mec.","montadora_idmontadora":"22"}{"idmodelo":"5622","nome_modelo":"Fusion SEL 3.0 V6 24V 243cv Aut.","montadora_idmontadora":"22"}{"idmodelo":"5623","nome_modelo":"KA Sport 1.6 8V Flex 3p","montadora_idmontadora":"22"}{"idmodelo":"5668","nome_modelo":"Fiesta SE 1.6 16V Flex 5p","montadora_idmontadora":"22"}{"idmodelo":"5741","nome_modelo":"EDGE LIMITED 3.5 V6 24V FWD Aut.","montadora_idmontadora":"22"}{"idmodelo":"5742","nome_modelo":"EDGE SEL 3.5 V6 24V FWD Aut.","montadora_idmontadora":"22"}{"idmodelo":"5884","nome_modelo":"TRANSIT Furg\u00e3o 2.2 TDCI Longo Jumbo Dies","montadora_idmontadora":"22"}{"idmodelo":"6032","nome_modelo":"F-250 Tropica.\/Tropmine Exec. 3.9 Diesel","montadora_idmontadora":"22"}{"idmodelo":"6157","nome_modelo":"EcoSport FREESTYLE 1.6 16V Flex 5p","montadora_idmontadora":"22"}{"idmodelo":"6158","nome_modelo":"EcoSport FREESTYLE 2.0 16V Flex 5p","montadora_idmontadora":"22"}{"idmodelo":"6159","nome_modelo":"EcoSport S 1.6 16V Flex 5p","montadora_idmontadora":"22"}{"idmodelo":"6160","nome_modelo":"EcoSport SE 1.6 16V Flex 5p Mec.","montadora_idmontadora":"22"}{"idmodelo":"6161","nome_modelo":"EcoSport TITANIUM 1.6 16V Flex 5p","montadora_idmontadora":"22"}{"idmodelo":"6162","nome_modelo":"EcoSport TITANIUM 2.0 16V Flex 5p","montadora_idmontadora":"22"}{"idmodelo":"6163","nome_modelo":"Ranger Limited 2.5 16V 4x2 CD Flex","montadora_idmontadora":"22"}{"idmodelo":"6164","nome_modelo":"Ranger Limited 3.2 20V 4x4 CD Aut. Dies.","montadora_idmontadora":"22"}{"idmodelo":"6165","nome_modelo":"Ranger XLS 2.5 16V 4x2 CD Flex","montadora_idmontadora":"22"}{"idmodelo":"6166","nome_modelo":"Ranger XLS 2.5 16V 4x2 CS","montadora_idmontadora":"22"}{"idmodelo":"6167","nome_modelo":"Ranger XLS 3.2 20V 4x4 CD Diesel Mec.","montadora_idmontadora":"22"}{"idmodelo":"6168","nome_modelo":"Ranger XLS 3.2 20V 4x4 CS Diesel","montadora_idmontadora":"22"}{"idmodelo":"6169","nome_modelo":"Ranger XLT 2.5 16V 4x2 CD Flex","montadora_idmontadora":"22"}{"idmodelo":"6170","nome_modelo":"Ranger XLT 3.2 20V 4x4 CD Diesel","montadora_idmontadora":"22"}{"idmodelo":"6171","nome_modelo":"Ranger XLT 3.2 20V 4x4 CD Diesel Aut.","montadora_idmontadora":"22"}{"idmodelo":"6202","nome_modelo":"TRANSIT Chassi 2.2 TDCI Diesel","montadora_idmontadora":"22"}{"idmodelo":"6203","nome_modelo":"TRANSIT Van 3550 2.2 TDCI 14\/16lug. Dies","montadora_idmontadora":"22"}{"idmodelo":"6263","nome_modelo":"EcoSport SE 2.0 16V Flex 5p Aut.","montadora_idmontadora":"22"}{"idmodelo":"6264","nome_modelo":"EcoSport TITANIUM 2.0 16V Flex 5p Aut.","montadora_idmontadora":"22"}{"idmodelo":"6296","nome_modelo":"TRANSIT Furg\u00e3o 2.2 TDCI Longa Diesel","montadora_idmontadora":"22"}{"idmodelo":"6324","nome_modelo":"Fusion Titanium 2.0 GTDI Eco. Awd Aut.","montadora_idmontadora":"22"}{"idmodelo":"6381","nome_modelo":"Fusion 2.5L I-VCT Flex Aut.","montadora_idmontadora":"22"}{"idmodelo":"6382","nome_modelo":"Fusion Titanium 2.0 GTDI Eco. Fwd Aut.","montadora_idmontadora":"22"}{"idmodelo":"6383","nome_modelo":"TRANSIT Furg\u00e3o 2.2 TDCI Curto Diesel","montadora_idmontadora":"22"}{"idmodelo":"6422","nome_modelo":"Fiesta 1.5 16V Flex Mec. 5p","montadora_idmontadora":"22"}{"idmodelo":"6423","nome_modelo":"Fiesta 1.6 16V Flex Aut. 5p","montadora_idmontadora":"22"}{"idmodelo":"6424","nome_modelo":"Fiesta 1.6 16V Flex Mec. 5p","montadora_idmontadora":"22"}{"idmodelo":"6425","nome_modelo":"Fiesta S 1.0 8V Flex 5p","montadora_idmontadora":"22"}{"idmodelo":"6426","nome_modelo":"Fiesta SE 1.0 8V Flex 5p","montadora_idmontadora":"22"}{"idmodelo":"6427","nome_modelo":"Fiesta SE 1.6 8V Flex 5p","montadora_idmontadora":"22"}{"idmodelo":"6428","nome_modelo":"Fiesta Sedan S 1.0 8V Flex 4p","montadora_idmontadora":"22"}{"idmodelo":"6429","nome_modelo":"Fiesta Sedan SE 1.0 8V Flex 4p","montadora_idmontadora":"22"}{"idmodelo":"6430","nome_modelo":"Fiesta Sedan SE 1.6 8V Flex 4p","montadora_idmontadora":"22"}{"idmodelo":"6431","nome_modelo":"Fiesta TIT.\/TIT.Plus 1.6 16V Flex Aut.","montadora_idmontadora":"22"}{"idmodelo":"6432","nome_modelo":"Fiesta TITANIUM 1.6 16V Flex Mec.","montadora_idmontadora":"22"}{"idmodelo":"6464","nome_modelo":"EcoSport FREESTYLE 2.0 16V 4WD Flex 5p","montadora_idmontadora":"22"}{"idmodelo":"6521","nome_modelo":"Fiesta Sedan 1.6 16V Flex Aut.","montadora_idmontadora":"22"}{"idmodelo":"6522","nome_modelo":"Fiesta Sedan 1.6 16V Flex Mec.","montadora_idmontadora":"22"}{"idmodelo":"6523","nome_modelo":"Fiesta Sed. TI.\/TI.Plus1.6 16V Flex Aut.","montadora_idmontadora":"22"}{"idmodelo":"6524","nome_modelo":"Fiesta Sedan TITANIUM 1.6 16V Flex Mec","montadora_idmontadora":"22"}{"idmodelo":"6525","nome_modelo":"Ranger TROPICAB 2.5 16V 4X2 Flex","montadora_idmontadora":"22"}{"idmodelo":"6526","nome_modelo":"Ranger TROPICAB 3.2 20V 4X4 TB Diesel","montadora_idmontadora":"22"}{"idmodelo":"6527","nome_modelo":"Ranger TROPIVAN 2.5 16V 4X2 Flex","montadora_idmontadora":"22"}{"idmodelo":"6528","nome_modelo":"Ranger TROPIVAN 3.2 20V 4X4 TB Dies.Aut.","montadora_idmontadora":"22"}{"idmodelo":"6529","nome_modelo":"Ranger TROPIVAN 3.2 20V 4X4 TB Diesel","montadora_idmontadora":"22"}{"idmodelo":"6562","nome_modelo":"Ranger XLS 3.2 20V 4x4 CD Diesel Aut.","montadora_idmontadora":"22"}{"idmodelo":"6583","nome_modelo":"Fusion Titanium HYBRID 2.0 145cv Aut.","montadora_idmontadora":"22"}{"idmodelo":"6610","nome_modelo":"Focus 1.6 S\/1.6 SE Flex 16v 5p Aut","montadora_idmontadora":"22"}{"idmodelo":"6693","nome_modelo":"Ranger XLS 2.2 4x4 CD Diesel Mec.","montadora_idmontadora":"22"}{"idmodelo":"6746","nome_modelo":"Ranger SPORT 2.5 Flex 16V 4x2 CS","montadora_idmontadora":"22"}{"idmodelo":"6913","nome_modelo":"EcoSport FREESTYLE 2.0 16V Flex 5p Aut.","montadora_idmontadora":"22"}{"idmodelo":"6914","nome_modelo":"Ka 1.0 SEL TiVCT Flex 5p","montadora_idmontadora":"22"}{"idmodelo":"6915","nome_modelo":"Ka 1.0 SE\/SE Plus TiVCT Flex 5p","montadora_idmontadora":"22"}{"idmodelo":"6916","nome_modelo":"Ka 1.5 SE\/SE PLUS 16V Flex 5p","montadora_idmontadora":"22"}{"idmodelo":"6917","nome_modelo":"Ka SEL 1.5 16V Flex 5p","montadora_idmontadora":"22"}{"idmodelo":"6918","nome_modelo":"Ka+ Sedan 1.0 SEL TiCVT Flex 4p","montadora_idmontadora":"22"}{"idmodelo":"6919","nome_modelo":"Ka+ Sedan 1.0 SE\/SE PLUS TiVCT Flex 4p","montadora_idmontadora":"22"}{"idmodelo":"6920","nome_modelo":"Ka+ Sedan 1.5 SE\/SE PLUS 16V Flex 4p","montadora_idmontadora":"22"}{"idmodelo":"6921","nome_modelo":"Ka+ Sedan 1.5 SEL 16V Flex 4p","montadora_idmontadora":"22"}{"idmodelo":"7184","nome_modelo":"Fiesta Sport 1.6 16V Flex Mec.","montadora_idmontadora":"22"}{"idmodelo":"7284","nome_modelo":"Focus Fastback SE\/SE PLUS 2.0 Flex Aut.","montadora_idmontadora":"22"}{"idmodelo":"7285","nome_modelo":"Focus Fastback TIT.\/T.PLUS 2.0 Flex Aut.","montadora_idmontadora":"22"}{"idmodelo":"7371","nome_modelo":"EcoSport FREESTYLE 1.6 16V Flex 5p Aut.","montadora_idmontadora":"22"}{"idmodelo":"7372","nome_modelo":"EcoSport SE 1.6 16V Flex 5p Aut.","montadora_idmontadora":"22"}{"idmodelo":"7590","nome_modelo":"Ranger XLS 2.2 4x4 CD Diesel Aut.","montadora_idmontadora":"22"}{"idmodelo":"7659","nome_modelo":"Fiesta SEL 1.6 16V Flex Aut. 5p","montadora_idmontadora":"22"}{"idmodelo":"7660","nome_modelo":"Fiesta SEL 1.6 16V Flex Mec. 5p","montadora_idmontadora":"22"}{"idmodelo":"7661","nome_modelo":"Fiesta TIT.Plus 1.0 12V EcoBoost Aut. 5p","montadora_idmontadora":"22"}{"idmodelo":"7686","nome_modelo":"EcoSport SE Direct 1.6 16V Flex 5p Aut.","montadora_idmontadora":"22"}{"idmodelo":"7687","nome_modelo":"Focus Sedan 1.6 16V Flex 4p Aut.","montadora_idmontadora":"22"}{"idmodelo":"7688","nome_modelo":"Ranger XL 2.2 4x4 CD Diesel Mec.","montadora_idmontadora":"22"}{"idmodelo":"7718","nome_modelo":"EDGE TITANIUM 3.5 V6 24V AWD Aut.","montadora_idmontadora":"22"}{"idmodelo":"7753","nome_modelo":"Fiesta SE Style 1.6 16V Flex Mec. 5p","montadora_idmontadora":"22"}{"idmodelo":"7754","nome_modelo":"Fiesta SEL Style 1.6 16V Flex Mec. 5p","montadora_idmontadora":"22"}{"idmodelo":"7755","nome_modelo":"Fusion SEL 2.0 Ecobo. 16V 248cv Aut.","montadora_idmontadora":"22"}{"idmodelo":"7826","nome_modelo":"Fusion SE 2.5 I-VCT Flex 16V Aut.","montadora_idmontadora":"22"}{"idmodelo":"7882","nome_modelo":"Ranger XL 2.2 4x4 CS Diesel Mec.","montadora_idmontadora":"22"}{"idmodelo":"7904","nome_modelo":"Ka TRAIL 1.5 16V Flex Mec. 5p","montadora_idmontadora":"22"}{"idmodelo":"7905","nome_modelo":"KA TRAIL 1.0 12V Flex Mec. 5p","montadora_idmontadora":"22"}{"idmodelo":"8004","nome_modelo":"EcoSport FREESTYLE 1.5 12V Flex 5p Aut.","montadora_idmontadora":"22"}{"idmodelo":"8005","nome_modelo":"EcoSport FREESTYLE 1.5 12V Flex 5p Mec.","montadora_idmontadora":"22"}{"idmodelo":"8006","nome_modelo":"EcoSport SE 1.5 12V Flex 5p Aut.","montadora_idmontadora":"22"}{"idmodelo":"8007","nome_modelo":"EcoSport SE 1.5 12V Flex 5p Mec.","montadora_idmontadora":"22"}{"idmodelo":"8008","nome_modelo":"Fiesta SE Plus Direct 1.6 16V Flex Aut.","montadora_idmontadora":"22"}{"idmodelo":"8009","nome_modelo":"Fiesta SEL 1.0 12V EcoBoost Aut. 5p","montadora_idmontadora":"22"}{"idmodelo":"8047","nome_modelo":"Fiesta Sedan SEL 1.6 16V Flex Aut.","montadora_idmontadora":"22"}{"idmodelo":"8048","nome_modelo":"Fiesta Sedan SEL 1.6 16V Flex Mec.","montadora_idmontadora":"22"}{"idmodelo":"8049","nome_modelo":"Ranger XLS 2.2 4x2 CD Diesel Mec.","montadora_idmontadora":"22"}{"idmodelo":"8079","nome_modelo":"Ranger SPORTRAC 2.2 16V 4x4 CD Dies Aut.","montadora_idmontadora":"22"}{"idmodelo":"8122","nome_modelo":"Ka 1.0 TECNO 12V Flex 5p","montadora_idmontadora":"22"}{"idmodelo":"8123","nome_modelo":"Ka+ Sedan 1.5 ADVANCED 16V Flex 4p","montadora_idmontadora":"22"}{"idmodelo":"8148","nome_modelo":"Fiesta SE Plus 1.6 16V Flex Aut. 5p","montadora_idmontadora":"22"}{"idmodelo":"8149","nome_modelo":"KA 1.0 S TiVCT Flex 5p","montadora_idmontadora":"22"}{"idmodelo":"8177","nome_modelo":"Fiesta SEL Style 1.0 EcoBoost Aut . 5p","montadora_idmontadora":"22"}{"idmodelo":"8210","nome_modelo":"EcoSport FREESTYLE PLUS 1.5 Flex 5p Aut.","montadora_idmontadora":"22"}{"idmodelo":"8211","nome_modelo":"EcoSport STORM 2.0 4WD 16V Flex 5p Aut.","montadora_idmontadora":"22"}{"idmodelo":"8238","nome_modelo":"Mustang GT Premium 5.0 V8","montadora_idmontadora":"22"}{"idmodelo":"8316","nome_modelo":"Ranger XLS 2.2 4x2 CD Diesel Aut.","montadora_idmontadora":"22"}