{"idmodelo":"4771","nome_modelo":"Towner Furg\u00e3o 1.0 8V 48cv 5p","montadora_idmontadora":"152"}{"idmodelo":"4772","nome_modelo":"Towner Passageiro 1.0 8V 48cv 7L 5p","montadora_idmontadora":"152"}{"idmodelo":"4773","nome_modelo":"Towner Pick-Up 1.0 8V 48cv 2p","montadora_idmontadora":"152"}{"idmodelo":"5277","nome_modelo":"Towner Jr. Pick-up 1.0 8V 48cv CD 4p","montadora_idmontadora":"152"}{"idmodelo":"5278","nome_modelo":"Towner Jr. Pick-up 1.0 8V 48cv CS 2p","montadora_idmontadora":"152"}{"idmodelo":"5396","nome_modelo":"Towner Jr. Pick-up Ba\u00fa 1.0 8V 48cv 2p","montadora_idmontadora":"152"}{"idmodelo":"5397","nome_modelo":"Towner Pick-Up Ba\u00fa 1.0 8V 48cv 2p","montadora_idmontadora":"152"}{"idmodelo":"5592","nome_modelo":"Towner Jr. Pick-up Ba\u00fa 1.0 8V 48cv CD 4p","montadora_idmontadora":"152"}