{"idmodelo":"1286","nome_modelo":"Accent GLS 1.5 12V\/16V Aut.","montadora_idmontadora":"26"}{"idmodelo":"1287","nome_modelo":"Accent GLS 1.5 12V\/16V Mec.","montadora_idmontadora":"26"}{"idmodelo":"1288","nome_modelo":"Accent GS 3p Mec.","montadora_idmontadora":"26"}{"idmodelo":"1289","nome_modelo":"Accent L\/ LR 1.5 2\/4p","montadora_idmontadora":"26"}{"idmodelo":"1290","nome_modelo":"Accent LS 4p","montadora_idmontadora":"26"}{"idmodelo":"1291","nome_modelo":"Atos Prime GL 1.0 Mec.","montadora_idmontadora":"26"}{"idmodelo":"1292","nome_modelo":"Atos Prime GLS 1.0 Aut.","montadora_idmontadora":"26"}{"idmodelo":"1293","nome_modelo":"Atos Prime GLS 1.0 Mec.","montadora_idmontadora":"26"}{"idmodelo":"1294","nome_modelo":"Atos Prime GLS 1.0 Semi-Aut.","montadora_idmontadora":"26"}{"idmodelo":"1295","nome_modelo":"Coupe FX 2.0 Aut.","montadora_idmontadora":"26"}{"idmodelo":"1296","nome_modelo":"Coupe FX 2.0 Mec.","montadora_idmontadora":"26"}{"idmodelo":"1297","nome_modelo":"Coupe FX 2.7 V6 24V 180cv Aut.","montadora_idmontadora":"26"}{"idmodelo":"1298","nome_modelo":"Coupe FX 2.7 V6 24V 180cv Mec.","montadora_idmontadora":"26"}{"idmodelo":"1299","nome_modelo":"Cup\u00ea 2.0","montadora_idmontadora":"26"}{"idmodelo":"1300","nome_modelo":"Elantra GL","montadora_idmontadora":"26"}{"idmodelo":"1301","nome_modelo":"Elantra GLS 1.6","montadora_idmontadora":"26"}{"idmodelo":"1302","nome_modelo":"Elantra GLS 1.8 16V","montadora_idmontadora":"26"}{"idmodelo":"1303","nome_modelo":"Elantra GLS 2.0 16V Aut.","montadora_idmontadora":"26"}{"idmodelo":"1304","nome_modelo":"Elantra GLS 2.0 16V Mec.","montadora_idmontadora":"26"}{"idmodelo":"1305","nome_modelo":"Elantra Wagon 1.8 16V","montadora_idmontadora":"26"}{"idmodelo":"1306","nome_modelo":"Excel GLS","montadora_idmontadora":"26"}{"idmodelo":"1307","nome_modelo":"Excel GS","montadora_idmontadora":"26"}{"idmodelo":"1308","nome_modelo":"Excel L","montadora_idmontadora":"26"}{"idmodelo":"1309","nome_modelo":"Excel LS\/ GL","montadora_idmontadora":"26"}{"idmodelo":"1310","nome_modelo":"Galloper 2.5 Luxo Turbo Diesel","montadora_idmontadora":"26"}{"idmodelo":"1311","nome_modelo":"Galloper 2.5 Super Luxo Turbo Diesel","montadora_idmontadora":"26"}{"idmodelo":"1312","nome_modelo":"Galloper 3.0 V6 Luxo","montadora_idmontadora":"26"}{"idmodelo":"1313","nome_modelo":"Galloper 3.0 V6 Super Luxo Aut","montadora_idmontadora":"26"}{"idmodelo":"1314","nome_modelo":"Galloper 3.0 V6 Super Luxo Mec","montadora_idmontadora":"26"}{"idmodelo":"1315","nome_modelo":"H1 Starex HSV 2.4 16V 137cv Aut.","montadora_idmontadora":"26"}{"idmodelo":"1316","nome_modelo":"H1 Starex HSV 2.5 Diesel","montadora_idmontadora":"26"}{"idmodelo":"1317","nome_modelo":"H1 Starex SVX 2.6 85cv Diesel","montadora_idmontadora":"26"}{"idmodelo":"1318","nome_modelo":"H100 DLX Furg\u00e3o Diesel","montadora_idmontadora":"26"}{"idmodelo":"1319","nome_modelo":"H100 DLX\/ Panel Diesel","montadora_idmontadora":"26"}{"idmodelo":"1320","nome_modelo":"H100 GL Diesel","montadora_idmontadora":"26"}{"idmodelo":"1321","nome_modelo":"H100 GL Furg\u00e3o Extra-Longo Diesel","montadora_idmontadora":"26"}{"idmodelo":"1322","nome_modelo":"H100 GLS Diesel","montadora_idmontadora":"26"}{"idmodelo":"1323","nome_modelo":"H100 GS (12 lugares)","montadora_idmontadora":"26"}{"idmodelo":"1324","nome_modelo":"H100 GS Diesel (12 lugares)","montadora_idmontadora":"26"}{"idmodelo":"1325","nome_modelo":"H100 Porter Truck Diesel","montadora_idmontadora":"26"}{"idmodelo":"1326","nome_modelo":"H100 SPR Diesel (15 lugares)","montadora_idmontadora":"26"}{"idmodelo":"1327","nome_modelo":"H100 Top Diesel","montadora_idmontadora":"26"}{"idmodelo":"1328","nome_modelo":"HR 2.5 TCI Diesel (RS\/RD)","montadora_idmontadora":"26"}{"idmodelo":"1329","nome_modelo":"Matrix GLS 1.8 16V 123cv Aut.","montadora_idmontadora":"26"}{"idmodelo":"1330","nome_modelo":"Matrix GLS 1.8 16V 123cv Mec.","montadora_idmontadora":"26"}{"idmodelo":"1331","nome_modelo":"Porter GL 4x2 Curto\/Longo Diesel","montadora_idmontadora":"26"}{"idmodelo":"1332","nome_modelo":"Porter GLS CD 4x2 2.6 8V Diesel","montadora_idmontadora":"26"}{"idmodelo":"1333","nome_modelo":"Santa Fe GLS 2.7 V6 4x4TipTronic","montadora_idmontadora":"26"}{"idmodelo":"1334","nome_modelo":"Scoupe","montadora_idmontadora":"26"}{"idmodelo":"1335","nome_modelo":"Sonata GL 2.0 4p","montadora_idmontadora":"26"}{"idmodelo":"1336","nome_modelo":"Sonata GLS 2.0 4p","montadora_idmontadora":"26"}{"idmodelo":"1337","nome_modelo":"Sonata GLS 2.5 Aut.","montadora_idmontadora":"26"}{"idmodelo":"1338","nome_modelo":"Sonata GLS 2.7 V6 24V 179cv 4p Aut.","montadora_idmontadora":"26"}{"idmodelo":"1339","nome_modelo":"Sonata GLS 3.0 4p Aut.","montadora_idmontadora":"26"}{"idmodelo":"1340","nome_modelo":"Terracan 2.5 8V 100cv TB Diesel Aut.","montadora_idmontadora":"26"}{"idmodelo":"1341","nome_modelo":"Terracan 2.5 8V 100cv TB Diesel Mec.","montadora_idmontadora":"26"}{"idmodelo":"1342","nome_modelo":"Terracan 2.9 CRDI 8V 163cv Diesel Aut.","montadora_idmontadora":"26"}{"idmodelo":"1343","nome_modelo":"Trajet GLS 2.7 V6 24v 179cv Aut.","montadora_idmontadora":"26"}{"idmodelo":"1344","nome_modelo":"Tucson 2.0 16V Aut.","montadora_idmontadora":"26"}{"idmodelo":"1345","nome_modelo":"Tucson 2.0 16V Mec.","montadora_idmontadora":"26"}{"idmodelo":"1346","nome_modelo":"Tucson 2.0 CRDi 16V 112cv Diesel Aut.","montadora_idmontadora":"26"}{"idmodelo":"1347","nome_modelo":"Tucson 2.7 MPFI 24V 175cv Aut.","montadora_idmontadora":"26"}{"idmodelo":"3890","nome_modelo":"Sonata GLS 3.3 V6 24V 235cv 4p Aut.","montadora_idmontadora":"26"}{"idmodelo":"3957","nome_modelo":"H1 Starex SVX 2.5 TDI 100cv Diesel","montadora_idmontadora":"26"}{"idmodelo":"4384","nome_modelo":"VERACRUZ GLS 3.8 4WD Aut.","montadora_idmontadora":"26"}{"idmodelo":"4403","nome_modelo":"AZERA GLS 3.3 V6 24V 4p Aut.","montadora_idmontadora":"26"}{"idmodelo":"4801","nome_modelo":"H1 Starex SVX 2.4 16V","montadora_idmontadora":"26"}{"idmodelo":"4925","nome_modelo":"i30 2.0 16V 145cv 5p Aut.","montadora_idmontadora":"26"}{"idmodelo":"5071","nome_modelo":"i30 2.0 16V 145cv 5p Mec.","montadora_idmontadora":"26"}{"idmodelo":"5212","nome_modelo":"Santa Fe GLS 3.5 V6 4x4 Tiptronic","montadora_idmontadora":"26"}{"idmodelo":"5279","nome_modelo":"ix35 2.0 16V 170cv 2WD\/4WD Mec.","montadora_idmontadora":"26"}{"idmodelo":"5280","nome_modelo":"ix35 2.0 16V 170cv 2WD\/4WD Aut.","montadora_idmontadora":"26"}{"idmodelo":"5303","nome_modelo":"i30cw 2.0 16V 145cv Aut. 5p","montadora_idmontadora":"26"}{"idmodelo":"5304","nome_modelo":"i30cw 2.0 16V 145cv Mec. 5p","montadora_idmontadora":"26"}{"idmodelo":"5398","nome_modelo":"Sonata 2.4 16V 182cv 4p Aut.","montadora_idmontadora":"26"}{"idmodelo":"5638","nome_modelo":"Elantra GLS 1.8 16V Aut.","montadora_idmontadora":"26"}{"idmodelo":"5639","nome_modelo":"Elantra GLS 1.8 16V Mec.","montadora_idmontadora":"26"}{"idmodelo":"5640","nome_modelo":"Veloster 1.6 16V 140cv Aut.","montadora_idmontadora":"26"}{"idmodelo":"5726","nome_modelo":"AZERA 3.0 V6 24V 4p Aut.","montadora_idmontadora":"26"}{"idmodelo":"5727","nome_modelo":"Santa Fe GLS 2.4 Tiptronic","montadora_idmontadora":"26"}{"idmodelo":"5930","nome_modelo":"GENESIS 3.8 V6 24V 290cv 4p Aut.","montadora_idmontadora":"26"}{"idmodelo":"5931","nome_modelo":"ix35 GLS 2.0 16V 2WD Flex Aut.","montadora_idmontadora":"26"}{"idmodelo":"5932","nome_modelo":"ix35 2.0 16V 2WD Flex Mec.","montadora_idmontadora":"26"}{"idmodelo":"6176","nome_modelo":"EQUUS 4.6 V8 32V 366cv 4p Aut.","montadora_idmontadora":"26"}{"idmodelo":"6205","nome_modelo":"HB20 Comf.\/C.Plus\/C.Style 1.0 Flex 12V","montadora_idmontadora":"26"}{"idmodelo":"6206","nome_modelo":"HB20 C.Style\/C.Plus 1.6 Flex 16V Aut.","montadora_idmontadora":"26"}{"idmodelo":"6207","nome_modelo":"HB20 C.\/C.Plus\/C.Style 1.6 Flex 16V Mec.","montadora_idmontadora":"26"}{"idmodelo":"6208","nome_modelo":"HB20 Premium 1.6 Flex 16V Aut.","montadora_idmontadora":"26"}{"idmodelo":"6209","nome_modelo":"HB20 Premium 1.6 Flex 16V Mec.","montadora_idmontadora":"26"}{"idmodelo":"6327","nome_modelo":"Tucson 2.0 16V Flex Aut.","montadora_idmontadora":"26"}{"idmodelo":"6352","nome_modelo":"HB20X Premium 1.6 Flex 16V Aut.","montadora_idmontadora":"26"}{"idmodelo":"6353","nome_modelo":"HB20X Premium 1.6 Flex 16V Mec.","montadora_idmontadora":"26"}{"idmodelo":"6354","nome_modelo":"HB20X Style 1.6 Flex 16V Aut.","montadora_idmontadora":"26"}{"idmodelo":"6355","nome_modelo":"HB20X Style 1.6 Flex 16v Mec.","montadora_idmontadora":"26"}{"idmodelo":"6356","nome_modelo":"i30 1.6 16V Flex 5p Aut.","montadora_idmontadora":"26"}{"idmodelo":"6433","nome_modelo":"Elantra GLS 2.0 16V Flex Aut.","montadora_idmontadora":"26"}{"idmodelo":"6434","nome_modelo":"HB20S C.Plus\/C.Style1.0 Flex 12V Mec. 4P","montadora_idmontadora":"26"}{"idmodelo":"6435","nome_modelo":"HB20S C.Style\/C.Plus1.6 Flex 16V Aut. 4p","montadora_idmontadora":"26"}{"idmodelo":"6436","nome_modelo":"HB20S C.Plus\/C.Style 1.6 Flex 16V Mec.4p","montadora_idmontadora":"26"}{"idmodelo":"6437","nome_modelo":"HB20S Premium 1.6 Flex 16V Aut. 4p","montadora_idmontadora":"26"}{"idmodelo":"6438","nome_modelo":"HB20S Premium 1.6 Flex 16V Mec. 4p","montadora_idmontadora":"26"}{"idmodelo":"6439","nome_modelo":"Santa Fe\/GLS 3.3 V6 4X4 Tiptronic","montadora_idmontadora":"26"}{"idmodelo":"6694","nome_modelo":"Grand Santa F\u00e9 3.3 V6 4X4 Tiptronic","montadora_idmontadora":"26"}{"idmodelo":"6695","nome_modelo":"i30 1.8 16V Aut. 5p","montadora_idmontadora":"26"}{"idmodelo":"6696","nome_modelo":"Tucson 2.0 16V Flex Mec.","montadora_idmontadora":"26"}{"idmodelo":"6739","nome_modelo":"HB20 Copa do Mundo 1.0 Flex 12V Mec.","montadora_idmontadora":"26"}{"idmodelo":"6740","nome_modelo":"HB20 Copa do Mundo 1.6 Flex 16V Mec.","montadora_idmontadora":"26"}{"idmodelo":"6741","nome_modelo":"HB20 Copa do Mundo 1.6 Flex 16V Aut.","montadora_idmontadora":"26"}{"idmodelo":"6742","nome_modelo":"HB20S Copa do Mundo 1.0 Flex 12V Mec.","montadora_idmontadora":"26"}{"idmodelo":"6743","nome_modelo":"HB20S Copa do Mundo 1.6 Flex 16V Mec.","montadora_idmontadora":"26"}{"idmodelo":"6744","nome_modelo":"HB20S Copa do Mundo 1.6 Flex 16V Aut.","montadora_idmontadora":"26"}{"idmodelo":"6959","nome_modelo":"HB20 For You 1.0 Flex 12V 5p","montadora_idmontadora":"26"}{"idmodelo":"6960","nome_modelo":"HB20 S For You 1.0 Flex 12V 4p","montadora_idmontadora":"26"}{"idmodelo":"7154","nome_modelo":"HB20 Spicy 1.0 Flex 12V Mec.","montadora_idmontadora":"26"}{"idmodelo":"7155","nome_modelo":"HB20 Spicy 1.6 Flex 16V Aut.","montadora_idmontadora":"26"}{"idmodelo":"7156","nome_modelo":"HB20 Spicy 1.6 Flex 16V Mec.","montadora_idmontadora":"26"}{"idmodelo":"7260","nome_modelo":"HB20S Impress 1.6 Flex 16V Aut.","montadora_idmontadora":"26"}{"idmodelo":"7261","nome_modelo":"HB20S Impress 1.6 Flex 16v Mec.","montadora_idmontadora":"26"}{"idmodelo":"7346","nome_modelo":"i30 Serie Limitada 1.8 16V Aut. 5p","montadora_idmontadora":"26"}{"idmodelo":"7347","nome_modelo":"ix35 2.0 Launching Edition 16V Flex Aut.","montadora_idmontadora":"26"}{"idmodelo":"7480","nome_modelo":"HB20 R spec 1.6 Flex 16V Aut.","montadora_idmontadora":"26"}{"idmodelo":"7481","nome_modelo":"HB20 R spec 1.6 Flex 16V Mec.","montadora_idmontadora":"26"}{"idmodelo":"7546","nome_modelo":"HB20 Comfort Plus 1.0 TB Flex 12V Mec.","montadora_idmontadora":"26"}{"idmodelo":"7547","nome_modelo":"HB20 Comfort Style 1.0 TB Flex 12V Mec.","montadora_idmontadora":"26"}{"idmodelo":"7548","nome_modelo":"HB20S Comfort Plus 1.0 TB Flex 12V Mec.","montadora_idmontadora":"26"}{"idmodelo":"7549","nome_modelo":"HB20S Comfort Style 1.0 TB Flex 12V Mec.","montadora_idmontadora":"26"}{"idmodelo":"7697","nome_modelo":"HB20 Ocean 1.0 Flex 12V 5p Mec.","montadora_idmontadora":"26"}{"idmodelo":"7698","nome_modelo":"HB20 Ocean 1.6 Flex 16V 5p Aut.","montadora_idmontadora":"26"}{"idmodelo":"7699","nome_modelo":"HB20 Ocean 1.6 Flex 16V 5p Mec.","montadora_idmontadora":"26"}{"idmodelo":"7700","nome_modelo":"HB20S Ocean 1.6 Flex 16v 4p Aut.","montadora_idmontadora":"26"}{"idmodelo":"7701","nome_modelo":"HB20S Ocean 1.6 Flex 16V 4p Mec.","montadora_idmontadora":"26"}{"idmodelo":"7756","nome_modelo":"Elantra 2.0 16V Flex Aut.","montadora_idmontadora":"26"}{"idmodelo":"7757","nome_modelo":"Elantra Special Edit. 2.0 16V Flex Aut.","montadora_idmontadora":"26"}{"idmodelo":"7829","nome_modelo":"Creta Attitude 1.6 16V Flex Mec.","montadora_idmontadora":"26"}{"idmodelo":"7830","nome_modelo":"Creta Prestige 2.0 16V Flex Aut.","montadora_idmontadora":"26"}{"idmodelo":"7831","nome_modelo":"Creta Pulse 1.6 16V Flex Aut.","montadora_idmontadora":"26"}{"idmodelo":"7832","nome_modelo":"Creta Pulse 1.6 16V Flex Mec.","montadora_idmontadora":"26"}{"idmodelo":"7833","nome_modelo":"Creta Pulse 2.0 16V Flex Aut.","montadora_idmontadora":"26"}{"idmodelo":"7834","nome_modelo":"Tucson Ed. Especial 1.6 Turbo 16V Aut.","montadora_idmontadora":"26"}{"idmodelo":"7835","nome_modelo":"Tucson GL 1.6 Turbo 16V Aut.","montadora_idmontadora":"26"}{"idmodelo":"7836","nome_modelo":"Tucson GLS 1.6 Turbo 16V Aut.","montadora_idmontadora":"26"}{"idmodelo":"7858","nome_modelo":"ix35 2.0 16V 2WD Flex Aut.","montadora_idmontadora":"26"}{"idmodelo":"7859","nome_modelo":"ix35 GL 2.0 16V 2WD Flex Aut.","montadora_idmontadora":"26"}{"idmodelo":"8011","nome_modelo":"HB20 5 Anos 1.0 Flex 12V Mec.","montadora_idmontadora":"26"}{"idmodelo":"8012","nome_modelo":"HB20 5 Anos 1.6 Flex 16V Aut.","montadora_idmontadora":"26"}{"idmodelo":"8013","nome_modelo":"HB20S 5 Anos 1.0 Flex 12V Mec.","montadora_idmontadora":"26"}{"idmodelo":"8014","nome_modelo":"HB20S 5 Anos 1.6 Flex 16V Aut.","montadora_idmontadora":"26"}{"idmodelo":"8051","nome_modelo":"Creta Pulse Plus 1.6 16V Flex Aut.","montadora_idmontadora":"26"}{"idmodelo":"8052","nome_modelo":"Tucson Limited 1.6 Turbo 16V Aut.","montadora_idmontadora":"26"}{"idmodelo":"8125","nome_modelo":"Creta Sport 2.0 16V Flex Aut.","montadora_idmontadora":"26"}{"idmodelo":"8178","nome_modelo":"HB20 R spec Limited 1.6 flex 16V Aut.","montadora_idmontadora":"26"}{"idmodelo":"8240","nome_modelo":"HB20S Style 1.6 Flex 16V Aut.","montadora_idmontadora":"26"}{"idmodelo":"8317","nome_modelo":"HB20 Unique 1.0 Flex 12V Mec.","montadora_idmontadora":"26"}