{"idmodelo":"1371","nome_modelo":"Cherokee Country 4.0 V6 4x4","montadora_idmontadora":"29"}{"idmodelo":"1372","nome_modelo":"Cherokee Rubicon 4.0 V6 4x4","montadora_idmontadora":"29"}{"idmodelo":"1373","nome_modelo":"Cherokee Sport 4.0 Mec.\/Aut.","montadora_idmontadora":"29"}{"idmodelo":"1374","nome_modelo":"Cherokee Sport 2.5 4x4 Diesel","montadora_idmontadora":"29"}{"idmodelo":"1375","nome_modelo":"Cherokee Sport 3.7 4x4 V6 12V Aut.","montadora_idmontadora":"29"}{"idmodelo":"1376","nome_modelo":"Grand Cherokee Laredo 2.7 I-5 TB Dies.","montadora_idmontadora":"29"}{"idmodelo":"1377","nome_modelo":"Grand Cherokee Laredo 3.1 TB Diesel Aut","montadora_idmontadora":"29"}{"idmodelo":"1378","nome_modelo":"Grand Cherokee Laredo 4.0 Aut.","montadora_idmontadora":"29"}{"idmodelo":"1379","nome_modelo":"Grand Cherokee Limit.4.7 Quad.Drive Aut.","montadora_idmontadora":"29"}{"idmodelo":"1380","nome_modelo":"Grand Cherokee Limited 4.7","montadora_idmontadora":"29"}{"idmodelo":"1381","nome_modelo":"Grand Cherokee Limited 5.2 Aut.","montadora_idmontadora":"29"}{"idmodelo":"1382","nome_modelo":"Grand Cherokee Limited LX 5.9","montadora_idmontadora":"29"}{"idmodelo":"1383","nome_modelo":"Grand Cherokee Nova Limited 4.7","montadora_idmontadora":"29"}{"idmodelo":"1384","nome_modelo":"Wrangler 4.0\/Sport 4.0","montadora_idmontadora":"29"}{"idmodelo":"3891","nome_modelo":"Grand Cherokee Limited 5.7 326cv","montadora_idmontadora":"29"}{"idmodelo":"4139","nome_modelo":"Commander Limited 5.7 326cv 5p","montadora_idmontadora":"29"}{"idmodelo":"4190","nome_modelo":"Grand Cherokee SRT8 6.1 V8 16V 432cv Aut","montadora_idmontadora":"29"}{"idmodelo":"4200","nome_modelo":"Grand Cherokee Overland 5.7 326cv","montadora_idmontadora":"29"}{"idmodelo":"4439","nome_modelo":"Wrangler Sport 3.8 V6 199cv","montadora_idmontadora":"29"}{"idmodelo":"4830","nome_modelo":"Grand Cherokee Limited 3.0 TB Dies. Aut","montadora_idmontadora":"29"}{"idmodelo":"5248","nome_modelo":"Cherokee Limited 3.7 4x4 V6 12V Aut.","montadora_idmontadora":"29"}{"idmodelo":"5306","nome_modelo":"Wrangler Unlimited Sport 3.8 V6 199cv","montadora_idmontadora":"29"}{"idmodelo":"5454","nome_modelo":"Grand Cherokee Laredo 3.6 4x4 V6 Aut.","montadora_idmontadora":"29"}{"idmodelo":"5455","nome_modelo":"Grand Cherokee Limited 3.6 4x4 V6 Aut.","montadora_idmontadora":"29"}{"idmodelo":"5728","nome_modelo":"Wrangler SAHARA 3.8 V6 199cv 2p","montadora_idmontadora":"29"}{"idmodelo":"5729","nome_modelo":"Wrangler Unlimited SAHARA 3.8 V6 4p","montadora_idmontadora":"29"}{"idmodelo":"5743","nome_modelo":"COMPASS SPORT 2.0 16V 156cv 5p","montadora_idmontadora":"29"}{"idmodelo":"5897","nome_modelo":"Wrangler Sport 3.6 V6 284cv 2p","montadora_idmontadora":"29"}{"idmodelo":"5898","nome_modelo":"Wrangler Unlimited Sport 3.6 V6 284cv 4p","montadora_idmontadora":"29"}{"idmodelo":"6961","nome_modelo":"Cherokee Limited 3.2 4x4 V6 Aut.","montadora_idmontadora":"29"}{"idmodelo":"7137","nome_modelo":"Cherokee Longitude 3.2 4x4 V6 Aut.","montadora_idmontadora":"29"}{"idmodelo":"7185","nome_modelo":"Cherokee Trailhawk 3.2 4x4 V6 Aut.","montadora_idmontadora":"29"}{"idmodelo":"7186","nome_modelo":"Renegade Longitude 1.8 4x2 Flex 16V Aut.","montadora_idmontadora":"29"}{"idmodelo":"7187","nome_modelo":"Renegade Longitude 2.0 4x4 TB Diesel Aut","montadora_idmontadora":"29"}{"idmodelo":"7188","nome_modelo":"Renegade Sport 1.8 4x2 Flex 16V Aut.","montadora_idmontadora":"29"}{"idmodelo":"7189","nome_modelo":"Renegade Sport 1.8 4x2 Flex 16V Mec.","montadora_idmontadora":"29"}{"idmodelo":"7190","nome_modelo":"Renegade Sport 2.0 4x4 TB Diesel Aut.","montadora_idmontadora":"29"}{"idmodelo":"7191","nome_modelo":"Renegade Trailhawk 2.0 4x4 TB Diesel Aut","montadora_idmontadora":"29"}{"idmodelo":"7306","nome_modelo":"Renegade1.8 4x2 Flex 16V Mec.","montadora_idmontadora":"29"}{"idmodelo":"7507","nome_modelo":"Renegade Lim. Edit. 1.8 4x2 Flex 16V Aut","montadora_idmontadora":"29"}{"idmodelo":"7702","nome_modelo":"Renegade 75 Anos 1.8 4X2 Flex 16V Aut.","montadora_idmontadora":"29"}{"idmodelo":"7703","nome_modelo":"Renegade 75 Anos 2.0 4X4 TB Diesel Aut.","montadora_idmontadora":"29"}{"idmodelo":"7758","nome_modelo":"COMPASS LIMITED 2.0 4x2 Flex 16V Aut.","montadora_idmontadora":"29"}{"idmodelo":"7759","nome_modelo":"COMPASS LONGITUDE 2.0 4x2 Flex 16V Aut.","montadora_idmontadora":"29"}{"idmodelo":"7760","nome_modelo":"COMPASS LONGITUDE 2.0 4x4 Dies. 16V Aut.","montadora_idmontadora":"29"}{"idmodelo":"7761","nome_modelo":"COMPASS SPORT 2.0 4x2 Flex 16V Aut.","montadora_idmontadora":"29"}{"idmodelo":"7762","nome_modelo":"COMPASS TRAILHAWK 2.0 4x4 Dies. 16V Aut.","montadora_idmontadora":"29"}{"idmodelo":"7763","nome_modelo":"Wrangler Unlimited 75 Anos 3.6 V6 284cv","montadora_idmontadora":"29"}{"idmodelo":"7883","nome_modelo":"Grand Cherokee Lim. 75 anos 3.6 4x4 Aut.","montadora_idmontadora":"29"}{"idmodelo":"8039","nome_modelo":"COMPASS LIMITED 2.0 4x4 Diesel 16V Aut.","montadora_idmontadora":"29"}{"idmodelo":"8053","nome_modelo":"COMPASS SPORT 2.0 4x4 flex 16V Aut.","montadora_idmontadora":"29"}{"idmodelo":"8054","nome_modelo":"Renegade Custom 1.8 4x2 Flex 16V Mec.","montadora_idmontadora":"29"}{"idmodelo":"8055","nome_modelo":"Renegade Custom 2.0 4x4 TB Diesel Aut.","montadora_idmontadora":"29"}{"idmodelo":"8056","nome_modelo":"Renegade Limited 1.8 4X2 Flex 16V Aut.","montadora_idmontadora":"29"}{"idmodelo":"8057","nome_modelo":"Renegade Limited 2.0 4x4 TB Diesel Aut.","montadora_idmontadora":"29"}{"idmodelo":"8058","nome_modelo":"Renegade Night Eagle 1.8 4x2 Flex Aut.","montadora_idmontadora":"29"}{"idmodelo":"8059","nome_modelo":"Renegade Night Eagle 2.0 4x4 TB Die. Aut","montadora_idmontadora":"29"}{"idmodelo":"8128","nome_modelo":"COMPASS Night Eagle 2.0 4x2 Flex 16V Aut","montadora_idmontadora":"29"}{"idmodelo":"8129","nome_modelo":"COMPASS Night Eagle 2.0 4x4 TB Dies. Aut","montadora_idmontadora":"29"}{"idmodelo":"8319","nome_modelo":"Wrangler Unlimited SAHARA 3.6 V6 4p","montadora_idmontadora":"29"}