{"idmodelo":"5021","nome_modelo":"Tiggo 2.0 16V Mec. 5p","montadora_idmontadora":"161"}{"idmodelo":"5208","nome_modelo":"CIELO 1.6 16V 119cv 5p","montadora_idmontadora":"161"}{"idmodelo":"5209","nome_modelo":"CIELO Sedan 1.6 16V 119cv 4p","montadora_idmontadora":"161"}{"idmodelo":"5210","nome_modelo":"Face 1.3 16V\/1.3 16V Flex.Mec.","montadora_idmontadora":"161"}{"idmodelo":"5534","nome_modelo":"QQ 1.1\/1.0 12V 69cv 5p","montadora_idmontadora":"161"}{"idmodelo":"5740","nome_modelo":"S-18 1.3 16V Flex Mec. 5p","montadora_idmontadora":"161"}{"idmodelo":"6379","nome_modelo":"Celer Hatch 1.5 16V Flex 5p","montadora_idmontadora":"161"}{"idmodelo":"6380","nome_modelo":"Celer Sedan 1.5 16V Flex 5p","montadora_idmontadora":"161"}{"idmodelo":"6661","nome_modelo":"Tiggo 2.0 16V Aut. 5p","montadora_idmontadora":"161"}{"idmodelo":"7089","nome_modelo":"QQ 1.0 ACT 12V 69cv 5p","montadora_idmontadora":"161"}{"idmodelo":"7222","nome_modelo":"Celer Hatch ACT 1.5 16V Flex 5p","montadora_idmontadora":"161"}{"idmodelo":"7223","nome_modelo":"Celer Sedan ACT 1.5 16V Flex 5p","montadora_idmontadora":"161"}{"idmodelo":"7224","nome_modelo":"QQ 1.0 ACT FL 12V\/1.0 12V Flex 5p","montadora_idmontadora":"161"}{"idmodelo":"7225","nome_modelo":"QQ 1.0 Look FL 12V\/1.0 12V Flex 5p","montadora_idmontadora":"161"}{"idmodelo":"7902","nome_modelo":"QQ 1.0 SMILE 12V Flex 5p","montadora_idmontadora":"161"}{"idmodelo":"8278","nome_modelo":"Tiggo 2 ACT 1.5 16V Flex Mec. 5p","montadora_idmontadora":"161"}{"idmodelo":"8279","nome_modelo":"Tiggo 2 Look 1.5 16V Flex Mec. 5p","montadora_idmontadora":"161"}{"idmodelo":"8339","nome_modelo":"Tiggo 2 ACT 1.5 16V Flex Aut.5p","montadora_idmontadora":"161"}{"idmodelo":"8340","nome_modelo":"Tiggo 2 Look 1.5 16V Flex Aut.5p","montadora_idmontadora":"161"}