{"idmodelo":"4902","nome_modelo":"fortwo passion cabrio 1.0 62kw\/Tritop","montadora_idmontadora":"157"}{"idmodelo":"4903","nome_modelo":"fortwo passion coup\u00e9 1.0 62kw","montadora_idmontadora":"157"}{"idmodelo":"5147","nome_modelo":"fortwo BRABUS Coupe 1.0 72kw","montadora_idmontadora":"157"}{"idmodelo":"5284","nome_modelo":"fortwo coup\u00e9\/Brasil.Edition 1.0 mhd 71cv","montadora_idmontadora":"157"}{"idmodelo":"5403","nome_modelo":"fortwo BRABUS cabrio 1.0 72kw","montadora_idmontadora":"157"}