{"idmodelo":"2296","nome_modelo":"440 Turbo 1.8","montadora_idmontadora":"58"}{"idmodelo":"2297","nome_modelo":"460 GLT 2.0\/ Turbo 1.8","montadora_idmontadora":"58"}{"idmodelo":"2298","nome_modelo":"850 GLE 2.5 20V","montadora_idmontadora":"58"}{"idmodelo":"2299","nome_modelo":"850 GLE SW 20V","montadora_idmontadora":"58"}{"idmodelo":"2300","nome_modelo":"850 GLT 2.5 20V","montadora_idmontadora":"58"}{"idmodelo":"2301","nome_modelo":"850 GLT SW 2.5 20V","montadora_idmontadora":"58"}{"idmodelo":"2302","nome_modelo":"850 R SW 2.3 Turbo","montadora_idmontadora":"58"}{"idmodelo":"2303","nome_modelo":"850 Sedan","montadora_idmontadora":"58"}{"idmodelo":"2304","nome_modelo":"850 T-5 SW 2.5 BI-Turbo\/ 2.3 Turbo","montadora_idmontadora":"58"}{"idmodelo":"2305","nome_modelo":"850 TURBO 20V\/ R Turbo 2.3","montadora_idmontadora":"58"}{"idmodelo":"2306","nome_modelo":"940 Turbo\/ SW Turbo 3.0","montadora_idmontadora":"58"}{"idmodelo":"2307","nome_modelo":"960 Sedan","montadora_idmontadora":"58"}{"idmodelo":"2308","nome_modelo":"C70 Cabriolet","montadora_idmontadora":"58"}{"idmodelo":"2309","nome_modelo":"C70 Cup\u00ea","montadora_idmontadora":"58"}{"idmodelo":"2310","nome_modelo":"S40 1.8 Aut.","montadora_idmontadora":"58"}{"idmodelo":"2311","nome_modelo":"S40 1.8 Mec.","montadora_idmontadora":"58"}{"idmodelo":"2312","nome_modelo":"S40 2.0 Aut.","montadora_idmontadora":"58"}{"idmodelo":"2313","nome_modelo":"S40 2.0 Mec.","montadora_idmontadora":"58"}{"idmodelo":"2314","nome_modelo":"S40 2.0 T","montadora_idmontadora":"58"}{"idmodelo":"2315","nome_modelo":"S40 2.4 170cv Aut.","montadora_idmontadora":"58"}{"idmodelo":"2316","nome_modelo":"S40 T 2.0 Turbo Aut.","montadora_idmontadora":"58"}{"idmodelo":"2317","nome_modelo":"S40 T-4","montadora_idmontadora":"58"}{"idmodelo":"2318","nome_modelo":"S40 T-4 ARM Aut.","montadora_idmontadora":"58"}{"idmodelo":"2319","nome_modelo":"S40 T-4 ARM Mec.","montadora_idmontadora":"58"}{"idmodelo":"2320","nome_modelo":"S40 T-5 2.5 220\/230cv Aut.","montadora_idmontadora":"58"}{"idmodelo":"2321","nome_modelo":"S60 R 2.5 300cv Aut.","montadora_idmontadora":"58"}{"idmodelo":"2322","nome_modelo":"S60 R 2.5 300cv Mec.","montadora_idmontadora":"58"}{"idmodelo":"2323","nome_modelo":"S60 T 2.0 4p","montadora_idmontadora":"58"}{"idmodelo":"2324","nome_modelo":"S60 T 2.4\/ 2.5","montadora_idmontadora":"58"}{"idmodelo":"2325","nome_modelo":"S60 T-5 2.3","montadora_idmontadora":"58"}{"idmodelo":"2326","nome_modelo":"S70 2.5","montadora_idmontadora":"58"}{"idmodelo":"2327","nome_modelo":"S70 2.5 Aut.","montadora_idmontadora":"58"}{"idmodelo":"2328","nome_modelo":"S70 R","montadora_idmontadora":"58"}{"idmodelo":"2329","nome_modelo":"S70 R Aut.","montadora_idmontadora":"58"}{"idmodelo":"2330","nome_modelo":"S70 T-5 2.3","montadora_idmontadora":"58"}{"idmodelo":"2331","nome_modelo":"S80 2.9","montadora_idmontadora":"58"}{"idmodelo":"2332","nome_modelo":"S80 2.9 ARM","montadora_idmontadora":"58"}{"idmodelo":"2333","nome_modelo":"S80 T6 2.8 BI-Turbo","montadora_idmontadora":"58"}{"idmodelo":"2334","nome_modelo":"S80 T6 2.8 BI-Turbo ARM","montadora_idmontadora":"58"}{"idmodelo":"2335","nome_modelo":"S80 T-6 Executive 2.8","montadora_idmontadora":"58"}{"idmodelo":"2336","nome_modelo":"S80 T-6 Executive ARM 2.8 24v","montadora_idmontadora":"58"}{"idmodelo":"2337","nome_modelo":"V40 1.8 Aut.","montadora_idmontadora":"58"}{"idmodelo":"2338","nome_modelo":"V40 1.8 Mec.","montadora_idmontadora":"58"}{"idmodelo":"2339","nome_modelo":"V40 2.0","montadora_idmontadora":"58"}{"idmodelo":"2340","nome_modelo":"V40 2.0 Aut.","montadora_idmontadora":"58"}{"idmodelo":"2341","nome_modelo":"V40 2.0 Turbo","montadora_idmontadora":"58"}{"idmodelo":"2342","nome_modelo":"V40 T-4","montadora_idmontadora":"58"}{"idmodelo":"2343","nome_modelo":"V40 T-4 ARM Aut.","montadora_idmontadora":"58"}{"idmodelo":"2344","nome_modelo":"V40 T-4 2.0 Aut.\/Mec.","montadora_idmontadora":"58"}{"idmodelo":"2345","nome_modelo":"V50 2.4 20V 170cv Aut.","montadora_idmontadora":"58"}{"idmodelo":"2346","nome_modelo":"V50 T-5 2.5 220cv Aut.","montadora_idmontadora":"58"}{"idmodelo":"2347","nome_modelo":"V70 2.5","montadora_idmontadora":"58"}{"idmodelo":"2348","nome_modelo":"V70 Cross Country 2.4","montadora_idmontadora":"58"}{"idmodelo":"2349","nome_modelo":"V70 R 2.5 300cv AWD Aut.","montadora_idmontadora":"58"}{"idmodelo":"2350","nome_modelo":"V70 R 2.5 300cv AWD Mec.","montadora_idmontadora":"58"}{"idmodelo":"2351","nome_modelo":"V70 T 2.0 20v 180cv 4p Aut.","montadora_idmontadora":"58"}{"idmodelo":"2352","nome_modelo":"V70 T 2.4","montadora_idmontadora":"58"}{"idmodelo":"2353","nome_modelo":"V70 T 2.4\/ 2.5 Premium","montadora_idmontadora":"58"}{"idmodelo":"2354","nome_modelo":"V70 T5 2.3","montadora_idmontadora":"58"}{"idmodelo":"2355","nome_modelo":"V70 XC\/ XC 70","montadora_idmontadora":"58"}{"idmodelo":"2356","nome_modelo":"XC 90 2.5T 210cv AWD 5p","montadora_idmontadora":"58"}{"idmodelo":"2357","nome_modelo":"XC 90 4.4 V8 315cv AWD 5p","montadora_idmontadora":"58"}{"idmodelo":"2358","nome_modelo":"XC 90 T6 2.9 BI-TB 272cv AWD 5p","montadora_idmontadora":"58"}{"idmodelo":"4127","nome_modelo":"S40 2.4 140cv Aut.","montadora_idmontadora":"58"}{"idmodelo":"4248","nome_modelo":"S80 3.2 238cv Aut.","montadora_idmontadora":"58"}{"idmodelo":"4249","nome_modelo":"S80 4.4 V8 315cv AWD Aut.","montadora_idmontadora":"58"}{"idmodelo":"4319","nome_modelo":"C30 2.0 145cv","montadora_idmontadora":"58"}{"idmodelo":"4320","nome_modelo":"C30 2.4 170cv Aut","montadora_idmontadora":"58"}{"idmodelo":"4321","nome_modelo":"C30 T-5 2.5 220\/ 230cv Aut.","montadora_idmontadora":"58"}{"idmodelo":"4418","nome_modelo":"C30 T-5 2.5 230cv Mec.","montadora_idmontadora":"58"}{"idmodelo":"4450","nome_modelo":"XC 90 3.2 238cv AWD 5p","montadora_idmontadora":"58"}{"idmodelo":"4628","nome_modelo":"V50 2.4 20V 140cv Aut.","montadora_idmontadora":"58"}{"idmodelo":"4816","nome_modelo":"XC 60 3.0 AWD 5p","montadora_idmontadora":"58"}{"idmodelo":"5459","nome_modelo":"XC 60 R-DESIGN 3.0 304cv AWD 5p","montadora_idmontadora":"58"}{"idmodelo":"5475","nome_modelo":"C30 T-5 R-DESIGN 2.5 230cv Aut.","montadora_idmontadora":"58"}{"idmodelo":"5491","nome_modelo":"S60 T-4 1.6 180cv 4p","montadora_idmontadora":"58"}{"idmodelo":"5492","nome_modelo":"S60 T-5 2.0 240cv 4p","montadora_idmontadora":"58"}{"idmodelo":"5493","nome_modelo":"S60 T-6 3.0 304cv AWD 4p","montadora_idmontadora":"58"}{"idmodelo":"5561","nome_modelo":"XC 60 2.0 T5 5p","montadora_idmontadora":"58"}{"idmodelo":"5653","nome_modelo":"S60 T-6 R-DESIGN 3.0 AWD 4p","montadora_idmontadora":"58"}{"idmodelo":"6131","nome_modelo":"XC 60 T-5 R-DESIGN 2.0 FWD 5p","montadora_idmontadora":"58"}{"idmodelo":"6216","nome_modelo":"V60 T-5 R-DESING 2.0 5p","montadora_idmontadora":"58"}{"idmodelo":"6217","nome_modelo":"V60 T-6 R-DESIGN 3.0 AWD 4p","montadora_idmontadora":"58"}{"idmodelo":"6485","nome_modelo":"S60 T-5 R-DESIGN 2.0 240cv 4p","montadora_idmontadora":"58"}{"idmodelo":"6599","nome_modelo":"V40 T-5 R-DESIGN 2.0 Aut.","montadora_idmontadora":"58"}{"idmodelo":"6759","nome_modelo":"V40 T-5 Cross Country 2.0 Awd Aut.","montadora_idmontadora":"58"}{"idmodelo":"7170","nome_modelo":"S60 T-5 KINETIC 2.0 245cv 4p","montadora_idmontadora":"58"}{"idmodelo":"7171","nome_modelo":"S60 T-5 MOMENTUM 2.0 245cv 4p","montadora_idmontadora":"58"}{"idmodelo":"7233","nome_modelo":"V60 T-5 KINETIC 2.0 245cv 5p","montadora_idmontadora":"58"}{"idmodelo":"7234","nome_modelo":"V60 T-5 MOMENTUM 2.0 245cv 5p","montadora_idmontadora":"58"}{"idmodelo":"7291","nome_modelo":"XC 60 T-6 INSCRIPTION 2.0 FWD 5p","montadora_idmontadora":"58"}{"idmodelo":"7292","nome_modelo":"XC 90 T-6 FIRST EDITION 2.0 320cv 5p","montadora_idmontadora":"58"}{"idmodelo":"7293","nome_modelo":"XC 90 T-6 INSCRIPTION 2.0 320CV 5p","montadora_idmontadora":"58"}{"idmodelo":"7294","nome_modelo":"XC 90 T-6 MOMENTUM 2.0 320cv 5P","montadora_idmontadora":"58"}{"idmodelo":"7319","nome_modelo":"XC 60 T-6 R-DESIGN 2.0 306cv FWD 5p","montadora_idmontadora":"58"}{"idmodelo":"7362","nome_modelo":"S60 T-6 R-DESIGN 2.0 306cv FWD 4p","montadora_idmontadora":"58"}{"idmodelo":"7363","nome_modelo":"V40 T-3 KINETIC 1.5 Aut.","montadora_idmontadora":"58"}{"idmodelo":"7364","nome_modelo":"V40 T-4 MOMENTUM 2.0 Aut.","montadora_idmontadora":"58"}{"idmodelo":"7365","nome_modelo":"XC 60 T-5 KINETIC 2.0 245cv FWD 5p","montadora_idmontadora":"58"}{"idmodelo":"7366","nome_modelo":"XC 60 T-5 MOMENTUM 2.0 245cv FWD 5p","montadora_idmontadora":"58"}{"idmodelo":"7437","nome_modelo":"V60 T-6 R-DESIGN 2.0 FWD 4p","montadora_idmontadora":"58"}{"idmodelo":"7713","nome_modelo":"V40 T-4 KINETIC 2.0 Aut.","montadora_idmontadora":"58"}{"idmodelo":"7714","nome_modelo":"XC 60 D-5 KINETIC 2.4 AWD Diesel 5p","montadora_idmontadora":"58"}{"idmodelo":"7715","nome_modelo":"XC 60 D-5 MOMENTUM 2.4 AWD Diesel 5p","montadora_idmontadora":"58"}{"idmodelo":"7716","nome_modelo":"XC 60 T-5 INSCRIPTION 2.0 245 cv FWD 5p","montadora_idmontadora":"58"}{"idmodelo":"7777","nome_modelo":"S60 T-4 KINETIC 2.0 190cv 4p","montadora_idmontadora":"58"}{"idmodelo":"7778","nome_modelo":"S60 T-4 MOMENTUM 2.0 190cv 4p","montadora_idmontadora":"58"}{"idmodelo":"7779","nome_modelo":"V40 T-4 Cross Country 2.0 FWD Aut.","montadora_idmontadora":"58"}{"idmodelo":"7780","nome_modelo":"V60 T-4 MOMENTUM 2.0 190cv 5p","montadora_idmontadora":"58"}{"idmodelo":"7852","nome_modelo":"V60 T-4 KINETIC 2.0 190cv 5p","montadora_idmontadora":"58"}{"idmodelo":"7853","nome_modelo":"XC 90 D-5 MOMENTUM 2.0 235cv Diesel 5p","montadora_idmontadora":"58"}{"idmodelo":"7879","nome_modelo":"XC 90 D-5 INSCRIPTION 2.0 235cv Dies. 5p","montadora_idmontadora":"58"}{"idmodelo":"7892","nome_modelo":"XC 90 T-8 H\u00cdBRIDO EXCELLENCE 2.0 5p","montadora_idmontadora":"58"}{"idmodelo":"7893","nome_modelo":"XC 90 T-8 H\u00cdBRIDO INSCRIPT 2.0 5p","montadora_idmontadora":"58"}{"idmodelo":"8043","nome_modelo":"XC 60 T-5 MOMENTUM 2.0 254cv AWD 5p","montadora_idmontadora":"58"}{"idmodelo":"8044","nome_modelo":"XC 60 T-5 R-DESIGN 2.0 AWD 5p","montadora_idmontadora":"58"}{"idmodelo":"8066","nome_modelo":"XC 60 T-5 INSCRIPTION 2.0 AWD 5p","montadora_idmontadora":"58"}{"idmodelo":"8253","nome_modelo":"XC40 T-5 MOMENT FIRST EDIT 2.0 252cv AWD","montadora_idmontadora":"58"}{"idmodelo":"8254","nome_modelo":"XC40 T-5 MOMENTUM 2.0 252cv AWD","montadora_idmontadora":"58"}{"idmodelo":"8255","nome_modelo":"XC40 T-5 R-DESIGN 2.0 252cv AWD","montadora_idmontadora":"58"}{"idmodelo":"8256","nome_modelo":"XC40 T-5 R-DESIGN FIRST ED 2.0 252cv AWD","montadora_idmontadora":"58"}{"idmodelo":"8368","nome_modelo":"XC40 T-4 2.0 190cv FWD","montadora_idmontadora":"58"}