{"idmodelo":"926","nome_modelo":"A-10 2.5\/4.1","montadora_idmontadora":"23"}{"idmodelo":"927","nome_modelo":"A-10 De Luxe 2.5\/4.1","montadora_idmontadora":"23"}{"idmodelo":"928","nome_modelo":"A-20 Custom Std. CD\/ De Luxe CD","montadora_idmontadora":"23"}{"idmodelo":"929","nome_modelo":"A-20 Custom\/ C-20 Luxe 4.1","montadora_idmontadora":"23"}{"idmodelo":"930","nome_modelo":"A-20 Custom\/ C-20 S 4.1","montadora_idmontadora":"23"}{"idmodelo":"931","nome_modelo":"Astra 2.0 8V\/ CD 2.0 8V Hatchback 5p Aut","montadora_idmontadora":"23"}{"idmodelo":"932","nome_modelo":"Astra 2.0 8V\/ CD 2.0 8V Hatchback 5p Mec","montadora_idmontadora":"23"}{"idmodelo":"933","nome_modelo":"Astra 2.0\/ CD 2.0 8V 3p Aut.","montadora_idmontadora":"23"}{"idmodelo":"934","nome_modelo":"Astra 2.0\/ CD\/ GLS 2.0 MPFI 16V 3p","montadora_idmontadora":"23"}{"idmodelo":"935","nome_modelo":"Astra 2.0\/ CD\/ Sunny\/ GLS 2.0 8V 3p","montadora_idmontadora":"23"}{"idmodelo":"936","nome_modelo":"Astra 500 Sedan 2.0 MPFI 16V 4p","montadora_idmontadora":"23"}{"idmodelo":"937","nome_modelo":"Astra Advantage 2.0 MPFI FlexPower 8V 3p","montadora_idmontadora":"23"}{"idmodelo":"938","nome_modelo":"Astra Comfort 2.0 MPFI FlexPower 8V 3p","montadora_idmontadora":"23"}{"idmodelo":"939","nome_modelo":"Astra Comfort 2.0 MPFI FlexPower 8V 5p","montadora_idmontadora":"23"}{"idmodelo":"940","nome_modelo":"Astra Eleg. 2.0 MPFI FlexPower 8V 5p Aut","montadora_idmontadora":"23"}{"idmodelo":"941","nome_modelo":"Astra Elegance 2.0 MPFI FlexPower 8V 3p","montadora_idmontadora":"23"}{"idmodelo":"942","nome_modelo":"Astra Elegance 2.0 MPFI FlexPower 8V 5p","montadora_idmontadora":"23"}{"idmodelo":"943","nome_modelo":"Astra Elite 2.0 MPFI Flex Pow. 8V 5p Aut","montadora_idmontadora":"23"}{"idmodelo":"944","nome_modelo":"Astra Elite 2.0 MPFI FlexPower 8V 5p Mec","montadora_idmontadora":"23"}{"idmodelo":"945","nome_modelo":"Astra GL 1.8 MPFI 3p","montadora_idmontadora":"23"}{"idmodelo":"946","nome_modelo":"Astra GL Milenium 1.8 MPFI 4p","montadora_idmontadora":"23"}{"idmodelo":"947","nome_modelo":"Astra GLS 2.0 MPFI","montadora_idmontadora":"23"}{"idmodelo":"948","nome_modelo":"Astra GLS 2.0 MPFI SW","montadora_idmontadora":"23"}{"idmodelo":"949","nome_modelo":"Astra GSi 2.0 16V 136cv Hatchback 5p","montadora_idmontadora":"23"}{"idmodelo":"950","nome_modelo":"Astra Sed.Comf. 2.0 MPFI FlexPower 8V 4p","montadora_idmontadora":"23"}{"idmodelo":"951","nome_modelo":"Astra Sed.Comf.2.0 MPFI MultiPower 8V 4p","montadora_idmontadora":"23"}{"idmodelo":"952","nome_modelo":"Astra Sed.Eleg. 2.0 MPFI FlexP.8V Aut.","montadora_idmontadora":"23"}{"idmodelo":"953","nome_modelo":"Astra Sed.Eleg.2.0 MPFI FlexPower 8V 4p","montadora_idmontadora":"23"}{"idmodelo":"954","nome_modelo":"Astra Sed.Eleg.2.0 MPFI MultiPower 8V 4p","montadora_idmontadora":"23"}{"idmodelo":"955","nome_modelo":"Astra Sed.Elite 2.0 MPFI FlexP.8V Aut.","montadora_idmontadora":"23"}{"idmodelo":"956","nome_modelo":"Astra Sed.Elite 2.0 MPFI FlexPower 8V 4p","montadora_idmontadora":"23"}{"idmodelo":"957","nome_modelo":"Astra Sedan 1.8 MPFI 8V 4p (taxi)","montadora_idmontadora":"23"}{"idmodelo":"958","nome_modelo":"Astra Sedan 2.0\/ CD 2.0 MPFI 8V 4p Aut.","montadora_idmontadora":"23"}{"idmodelo":"959","nome_modelo":"Astra Sedan 2.0\/CD\/ Expres.GLS 2.0 8V 4p","montadora_idmontadora":"23"}{"idmodelo":"960","nome_modelo":"Astra Sedan 2.0\/CD\/ GLS\/ Adv. 2.0 16V 4p","montadora_idmontadora":"23"}{"idmodelo":"961","nome_modelo":"Astra Sedan Comfort 1.8 MPFI 8V 4p","montadora_idmontadora":"23"}{"idmodelo":"962","nome_modelo":"Astra Sedan\/ Astra GL Sedan 1.8 MPFI 4p","montadora_idmontadora":"23"}{"idmodelo":"963","nome_modelo":"Astra S.Sport 2.0 F.Pow. 5p\/Sport 2.0 3p","montadora_idmontadora":"23"}{"idmodelo":"964","nome_modelo":"Blazer Jimmy 4.3 V6","montadora_idmontadora":"23"}{"idmodelo":"965","nome_modelo":"Blazer S-10 4.3 V6","montadora_idmontadora":"23"}{"idmodelo":"966","nome_modelo":"Blazer SS-10 4.3 V6","montadora_idmontadora":"23"}{"idmodelo":"967","nome_modelo":"Bonanza S \/ Luxe 4.0 Diesel Turbo","montadora_idmontadora":"23"}{"idmodelo":"968","nome_modelo":"Bonanza S \/ Luxe 4.1","montadora_idmontadora":"23"}{"idmodelo":"969","nome_modelo":"Brasinca Blazer CD 4.0 Diesel","montadora_idmontadora":"23"}{"idmodelo":"970","nome_modelo":"Brasinca Blazer CD 4.1","montadora_idmontadora":"23"}{"idmodelo":"971","nome_modelo":"C-10 2.5\/4.1","montadora_idmontadora":"23"}{"idmodelo":"972","nome_modelo":"C-10 CD 2.5\/ 4.1","montadora_idmontadora":"23"}{"idmodelo":"973","nome_modelo":"C-10 De Luxe 2.5\/4.1","montadora_idmontadora":"23"}{"idmodelo":"974","nome_modelo":"C-10 De Luxe CD 2.5\/ 4.1","montadora_idmontadora":"23"}{"idmodelo":"975","nome_modelo":"C-20 Custom De Luxe 4.1","montadora_idmontadora":"23"}{"idmodelo":"976","nome_modelo":"C-20 Custom De Luxe CD 4.1","montadora_idmontadora":"23"}{"idmodelo":"977","nome_modelo":"C-20 Custom Std. 4.1","montadora_idmontadora":"23"}{"idmodelo":"978","nome_modelo":"C-20 Custom Std. CD 4.1","montadora_idmontadora":"23"}{"idmodelo":"979","nome_modelo":"Calibra 16V","montadora_idmontadora":"23"}{"idmodelo":"980","nome_modelo":"Camaro RS 5.0 V8","montadora_idmontadora":"23"}{"idmodelo":"981","nome_modelo":"Camaro Sport 5.0 Conv.","montadora_idmontadora":"23"}{"idmodelo":"982","nome_modelo":"Camaro Z-28 Targa\/Conv. 5.7","montadora_idmontadora":"23"}{"idmodelo":"983","nome_modelo":"Caprice 4.3 V8","montadora_idmontadora":"23"}{"idmodelo":"984","nome_modelo":"Caprice SW 4.3 V8","montadora_idmontadora":"23"}{"idmodelo":"985","nome_modelo":"Caprice Victoria","montadora_idmontadora":"23"}{"idmodelo":"986","nome_modelo":"Caravan Comodoro 4.1\/2.5","montadora_idmontadora":"23"}{"idmodelo":"987","nome_modelo":"Caravan Diplomata 4.1\/2.5","montadora_idmontadora":"23"}{"idmodelo":"988","nome_modelo":"Caravan L\/SL\/S\/SS 2.5\/4.1\/4.2","montadora_idmontadora":"23"}{"idmodelo":"989","nome_modelo":"Cavalier 3.1 Conv.","montadora_idmontadora":"23"}{"idmodelo":"990","nome_modelo":"Cavalier L 2.0","montadora_idmontadora":"23"}{"idmodelo":"991","nome_modelo":"Celta 1.0\/ Super 1.0 MPFI VHC 8v 5p","montadora_idmontadora":"23"}{"idmodelo":"992","nome_modelo":"Celta 1.0\/Super\/N.Piq.1.0 MPFi VHC 8V 3p","montadora_idmontadora":"23"}{"idmodelo":"993","nome_modelo":"Celta 1.4\/ Super\/ Energy 1.4 8V 85cv 3p","montadora_idmontadora":"23"}{"idmodelo":"994","nome_modelo":"Celta 1.4\/ Super\/ Energy 1.4 8V 85cv 5p","montadora_idmontadora":"23"}{"idmodelo":"995","nome_modelo":"Celta Life\/ LS 1.0 MPFI 8V FlexPower 3p","montadora_idmontadora":"23"}{"idmodelo":"996","nome_modelo":"Celta Life\/ LS 1.0 MPFI 8V FlexPower 5p","montadora_idmontadora":"23"}{"idmodelo":"997","nome_modelo":"Celta Life 1.0 MPFI VHC 8V 3p","montadora_idmontadora":"23"}{"idmodelo":"998","nome_modelo":"Celta Life 1.0 MPFI VHC 8V 5p","montadora_idmontadora":"23"}{"idmodelo":"999","nome_modelo":"Celta Life 1.4 MPFI 8V 85cv 3p","montadora_idmontadora":"23"}{"idmodelo":"1000","nome_modelo":"Celta Life 1.4 MPFI 8V 85cv 5p","montadora_idmontadora":"23"}{"idmodelo":"1001","nome_modelo":"Celta Spirit 1.0 MPFI 8V FlexPower 3p","montadora_idmontadora":"23"}{"idmodelo":"1002","nome_modelo":"Celta Spirit\/ LT 1.0 MPFI 8V FlexP. 5p","montadora_idmontadora":"23"}{"idmodelo":"1003","nome_modelo":"Celta Spirit 1.0 MPFI VHC 8V 3p","montadora_idmontadora":"23"}{"idmodelo":"1004","nome_modelo":"Celta Spirit 1.0 MPFI VHC 8V 5p","montadora_idmontadora":"23"}{"idmodelo":"1005","nome_modelo":"Celta Spirit 1.4 MPFI 8V 85cv 3p","montadora_idmontadora":"23"}{"idmodelo":"1006","nome_modelo":"Celta Spirit 1.4 MPFI 8V 85cv 5p","montadora_idmontadora":"23"}{"idmodelo":"1007","nome_modelo":"Celta Super 1.0 MPFI 8V FlexPower 3p","montadora_idmontadora":"23"}{"idmodelo":"1008","nome_modelo":"Celta Super 1.0 MPFI 8V FlexPower 5p","montadora_idmontadora":"23"}{"idmodelo":"1009","nome_modelo":"Chevette Junior 1.0","montadora_idmontadora":"23"}{"idmodelo":"1010","nome_modelo":"Chevette L \/ SL \/ SL\/e \/ DL \/ SE 1.6","montadora_idmontadora":"23"}{"idmodelo":"1011","nome_modelo":"Chevy 500 DL \/ SL \/ SE\/ Furg\u00e3o 1.6","montadora_idmontadora":"23"}{"idmodelo":"1012","nome_modelo":"Cheynne 4.3 V6","montadora_idmontadora":"23"}{"idmodelo":"1013","nome_modelo":"Corsa Furg\u00e3o 1.6 MPFi Powertech 92cv","montadora_idmontadora":"23"}{"idmodelo":"1014","nome_modelo":"Corsa GL 1.6 MPFI \/ 1.4 EFI 2p e 4p","montadora_idmontadora":"23"}{"idmodelo":"1015","nome_modelo":"Corsa GLS 1.6 MPFI 5p","montadora_idmontadora":"23"}{"idmodelo":"1016","nome_modelo":"Corsa GSi 16V","montadora_idmontadora":"23"}{"idmodelo":"1017","nome_modelo":"Corsa Hat. Joy 1.0\/ 1.0 FlexPower 8V 5p","montadora_idmontadora":"23"}{"idmodelo":"1018","nome_modelo":"Corsa Hat. Joy 1.8 MPFI 8V FlexPower 5p","montadora_idmontadora":"23"}{"idmodelo":"1019","nome_modelo":"Corsa Hat. Maxx 1.0\/ 1.0 FlexPower 8V 5p","montadora_idmontadora":"23"}{"idmodelo":"1020","nome_modelo":"Corsa Hat. Maxx 1.8 MPFI 8V FlexPower 5p","montadora_idmontadora":"23"}{"idmodelo":"1021","nome_modelo":"Corsa Hat. Prem. 1.0\/1.0 FlexPower 8V 5p","montadora_idmontadora":"23"}{"idmodelo":"1022","nome_modelo":"Corsa Hat.Premium 1.8 MPFI 8V F.Power 5p","montadora_idmontadora":"23"}{"idmodelo":"1023","nome_modelo":"Corsa Hatchback 1.0 MPFI 8V 71cv 5p","montadora_idmontadora":"23"}{"idmodelo":"1024","nome_modelo":"Corsa Hatchback 1.8 MPFI 8V 102cv 5p","montadora_idmontadora":"23"}{"idmodelo":"1025","nome_modelo":"Corsa Hatchback 1.8 MPFI FlexPower 8V 5p","montadora_idmontadora":"23"}{"idmodelo":"1026","nome_modelo":"Corsa Pick-Up GL\/ Champ 1.6 MPFI \/ EFI","montadora_idmontadora":"23"}{"idmodelo":"1027","nome_modelo":"Corsa Pick-Up Sport 1.6 MPFI","montadora_idmontadora":"23"}{"idmodelo":"1028","nome_modelo":"Corsa Pick-Up STD\/ Rodeio 1.6 MPFI","montadora_idmontadora":"23"}{"idmodelo":"1029","nome_modelo":"Corsa Sed Clas.Spirit 1.6MPFI VHC 8V Aut","montadora_idmontadora":"23"}{"idmodelo":"1030","nome_modelo":"Corsa Sed Clas.Super 1.6MPFI VHC 8V Aut","montadora_idmontadora":"23"}{"idmodelo":"1031","nome_modelo":"Corsa Sed Class.Life 1.0\/1.0 FlexPower","montadora_idmontadora":"23"}{"idmodelo":"1032","nome_modelo":"Corsa Sed Classic Life 1.6 MPFI VHC 8V","montadora_idmontadora":"23"}{"idmodelo":"1033","nome_modelo":"Corsa Sed Class.Spirit 1.0\/1.0 FlexPower","montadora_idmontadora":"23"}{"idmodelo":"1034","nome_modelo":"Corsa Sed Classic Spirit 1.6 MPFI VHC 8V","montadora_idmontadora":"23"}{"idmodelo":"1035","nome_modelo":"Corsa Sed Class.Super 1.0\/1.0 FlexPower","montadora_idmontadora":"23"}{"idmodelo":"1036","nome_modelo":"Corsa Sed Classic Super 1.6 MPFI VHC 8V","montadora_idmontadora":"23"}{"idmodelo":"1037","nome_modelo":"Corsa Sed. Joy 1.0\/ 1.0 FlexPower 8V 4p","montadora_idmontadora":"23"}{"idmodelo":"1038","nome_modelo":"Corsa Sed. Joy 1.8 MPFI 8V FlexPower","montadora_idmontadora":"23"}{"idmodelo":"1039","nome_modelo":"Corsa Sed. Maxx 1.0\/ 1.0 FlexPower 8V 4p","montadora_idmontadora":"23"}{"idmodelo":"1040","nome_modelo":"Corsa Sed. Maxx 1.8 MPFI 8V FlexPower","montadora_idmontadora":"23"}{"idmodelo":"1041","nome_modelo":"Corsa Sed.Prem. 1.0\/ 1.0 FlexPower 8V 4p","montadora_idmontadora":"23"}{"idmodelo":"1042","nome_modelo":"Corsa Sed. Premium 1.8 MPFI 8V FlexPower","montadora_idmontadora":"23"}{"idmodelo":"1043","nome_modelo":"Corsa Sed.Wind 1.0\/Millenium\/Classic VHC","montadora_idmontadora":"23"}{"idmodelo":"1044","nome_modelo":"Corsa Sedan 1.0 MPFI 8V 71cv 4p","montadora_idmontadora":"23"}{"idmodelo":"1045","nome_modelo":"Corsa Sedan 1.8 MPFI 8V 102cv 4p","montadora_idmontadora":"23"}{"idmodelo":"1046","nome_modelo":"Corsa Sedan 1.8 MPFI FlexPower 8V 4p","montadora_idmontadora":"23"}{"idmodelo":"1047","nome_modelo":"Corsa Sedan GL 1.6 MPFI 4p","montadora_idmontadora":"23"}{"idmodelo":"1048","nome_modelo":"Corsa Sedan GLS 1.6 16V MPFI 4p","montadora_idmontadora":"23"}{"idmodelo":"1049","nome_modelo":"Corsa Sedan GLS 1.6 MPFI 4p","montadora_idmontadora":"23"}{"idmodelo":"1050","nome_modelo":"Corsa Sedan Super 1.0 MPFI 16V 4p","montadora_idmontadora":"23"}{"idmodelo":"1051","nome_modelo":"Corsa Sedan Super 1.0 MPFI 4p","montadora_idmontadora":"23"}{"idmodelo":"1052","nome_modelo":"Corsa Sedan Super Milenium 1.0 MPFI 16V","montadora_idmontadora":"23"}{"idmodelo":"1053","nome_modelo":"Corsa Sedan Super\/ Classic 1.6 MPFI 8v 4","montadora_idmontadora":"23"}{"idmodelo":"1054","nome_modelo":"Corsa Super 1.0 MPFI \/ 2p e 4p","montadora_idmontadora":"23"}{"idmodelo":"1055","nome_modelo":"Corsa Super 1.0 MPFI 16V 3p","montadora_idmontadora":"23"}{"idmodelo":"1056","nome_modelo":"Corsa Super 1.0 MPFI 16V 5p","montadora_idmontadora":"23"}{"idmodelo":"1057","nome_modelo":"Corsa Super 1.6 MPFI 8v 5p","montadora_idmontadora":"23"}{"idmodelo":"1058","nome_modelo":"Corsa Wagon GL 1.6 MPFI 4p","montadora_idmontadora":"23"}{"idmodelo":"1059","nome_modelo":"Corsa Wagon GLS 1.6 16V MPFI 4p","montadora_idmontadora":"23"}{"idmodelo":"1060","nome_modelo":"Corsa Wagon GLS 1.6 8V 4p","montadora_idmontadora":"23"}{"idmodelo":"1061","nome_modelo":"Corsa Wagon Super 1.0 MPFI 16V","montadora_idmontadora":"23"}{"idmodelo":"1062","nome_modelo":"Corsa Wagon Super 1.6 MPFI 8v","montadora_idmontadora":"23"}{"idmodelo":"1063","nome_modelo":"Corsa Wind 1.0 MPF\/MilleniumI\/ EFI 4p","montadora_idmontadora":"23"}{"idmodelo":"1064","nome_modelo":"Corsa Wind 1.0 MPFI \/ EFI 2p","montadora_idmontadora":"23"}{"idmodelo":"1065","nome_modelo":"Corsa Wind 1.6 MPFi 2p","montadora_idmontadora":"23"}{"idmodelo":"1066","nome_modelo":"Corsa Wind 1.6 MPFi 4p","montadora_idmontadora":"23"}{"idmodelo":"1067","nome_modelo":"Corsa Wind Piquet\/ Champ 1.0 MPFI 2p","montadora_idmontadora":"23"}{"idmodelo":"1068","nome_modelo":"Corvette 5.7\/ 6.0, 6.2 Conv.\/Stingray","montadora_idmontadora":"23"}{"idmodelo":"1069","nome_modelo":"Corvette 5.7\/ 6.0, 6.2 Targa\/Stingray","montadora_idmontadora":"23"}{"idmodelo":"1070","nome_modelo":"D-10 CD Diesel","montadora_idmontadora":"23"}{"idmodelo":"1071","nome_modelo":"D-10 Diesel","montadora_idmontadora":"23"}{"idmodelo":"1072","nome_modelo":"D-20 4.0 Champ\/Conquest\/El Caminho Dies.","montadora_idmontadora":"23"}{"idmodelo":"1073","nome_modelo":"D-20 CD Lx S4T\/Tro.Plus\/Lx 3.9\/4.0 TDies","montadora_idmontadora":"23"}{"idmodelo":"1074","nome_modelo":"D-20 S \/ Luxe 3.9\/4.0 Diesel","montadora_idmontadora":"23"}{"idmodelo":"1075","nome_modelo":"D-20 S \/ Luxe 3.9\/4.0 T.Diesel","montadora_idmontadora":"23"}{"idmodelo":"1076","nome_modelo":"D-20 S \/ El Caminho 3.9\/4.0 CD T.Dies","montadora_idmontadora":"23"}{"idmodelo":"1077","nome_modelo":"D-20 S 3.9\/4.0 Turbo Diesel","montadora_idmontadora":"23"}{"idmodelo":"1078","nome_modelo":"Ipanema GL 1.8 MPFI \/ EFI \/SL 4p","montadora_idmontadora":"23"}{"idmodelo":"1079","nome_modelo":"Ipanema GL\/ Flair 2.0 MPFI \/ EFI 4p","montadora_idmontadora":"23"}{"idmodelo":"1080","nome_modelo":"Ipanema GLS\/SLE 2.0EFI \/SL\/e1.8\/Sol\/Wave","montadora_idmontadora":"23"}{"idmodelo":"1081","nome_modelo":"Kadett GL 2.0 MPFI \/ EFI","montadora_idmontadora":"23"}{"idmodelo":"1082","nome_modelo":"Kadett GL\/SL\/Lite\/Turim 1.8","montadora_idmontadora":"23"}{"idmodelo":"1083","nome_modelo":"Kadett GLS 1.8 EFI \/ SL\/e 1.8","montadora_idmontadora":"23"}{"idmodelo":"1084","nome_modelo":"Kadett GLS 2.0 MPFI","montadora_idmontadora":"23"}{"idmodelo":"1085","nome_modelo":"Kadett GSi \/ GS 2.0","montadora_idmontadora":"23"}{"idmodelo":"1086","nome_modelo":"Kadett GSi 2.0 Convers\u00edvel","montadora_idmontadora":"23"}{"idmodelo":"1087","nome_modelo":"Kadett Sport 2.0 MPFI \/ EFI","montadora_idmontadora":"23"}{"idmodelo":"1088","nome_modelo":"Lumina","montadora_idmontadora":"23"}{"idmodelo":"1089","nome_modelo":"Marajo SL\/SLe\/Se","montadora_idmontadora":"23"}{"idmodelo":"1090","nome_modelo":"Meriva 1.8\/ CD 1.8 MPFI 16V 122cv 5p","montadora_idmontadora":"23"}{"idmodelo":"1091","nome_modelo":"Meriva 1.8\/ CD 1.8 MPFI 8V 102cv 5p","montadora_idmontadora":"23"}{"idmodelo":"1092","nome_modelo":"Meriva 1.8\/ CD 1.8 MPFI FlexPower 8V","montadora_idmontadora":"23"}{"idmodelo":"1093","nome_modelo":"Meriva Joy 1.8 MPFI 8V FlexPower","montadora_idmontadora":"23"}{"idmodelo":"1094","nome_modelo":"Meriva Maxx 1.8 MPFI 8V FlexPower","montadora_idmontadora":"23"}{"idmodelo":"1095","nome_modelo":"Meriva Premium 1.8 MPFI 8V FlexPower","montadora_idmontadora":"23"}{"idmodelo":"1096","nome_modelo":"MONTANA Sport 1.8 MPFI FlexPower 8V","montadora_idmontadora":"23"}{"idmodelo":"1097","nome_modelo":"MONTANA 1.8\/ 1.8 Conquest FlexPower 8V","montadora_idmontadora":"23"}{"idmodelo":"1098","nome_modelo":"MONTANA Off Road 1.8 MPFI FlexPower 8V","montadora_idmontadora":"23"}{"idmodelo":"1099","nome_modelo":"Monza 1.6i\/1.8i (restante)","montadora_idmontadora":"23"}{"idmodelo":"1100","nome_modelo":"Monza Class 1.8\/ 2.0","montadora_idmontadora":"23"}{"idmodelo":"1101","nome_modelo":"Monza Classic SE 2.0 \/MPFI e EFI 2p e 4p","montadora_idmontadora":"23"}{"idmodelo":"1102","nome_modelo":"Monza Classic\/ SL\/e\/SR 1.8","montadora_idmontadora":"23"}{"idmodelo":"1103","nome_modelo":"Monza GL 1.8 EFI\/ SL\/ L\/ 650\/Barc. 2e4p","montadora_idmontadora":"23"}{"idmodelo":"1104","nome_modelo":"Monza GL 2.0 EFI\/SL\/L\/650\/Club\/Barc.2e4p","montadora_idmontadora":"23"}{"idmodelo":"1105","nome_modelo":"Monza GLS\/ Hi-Tech 2.0 EFI 2p e 4p","montadora_idmontadora":"23"}{"idmodelo":"1106","nome_modelo":"Monza SL\/e SR 2.0","montadora_idmontadora":"23"}{"idmodelo":"1107","nome_modelo":"Omega CD\/ FITTIPALDI 3.6 V6 24V 4p","montadora_idmontadora":"23"}{"idmodelo":"1108","nome_modelo":"Omega CD 3.8 V6","montadora_idmontadora":"23"}{"idmodelo":"1109","nome_modelo":"Omega CD 4.1 \/ 3.0","montadora_idmontadora":"23"}{"idmodelo":"1110","nome_modelo":"Omega Diamond","montadora_idmontadora":"23"}{"idmodelo":"1111","nome_modelo":"Omega GL 2.0\/ 2.2","montadora_idmontadora":"23"}{"idmodelo":"1112","nome_modelo":"Omega GLS 2.2 \/ 2.0","montadora_idmontadora":"23"}{"idmodelo":"1113","nome_modelo":"Omega GLS 4.1","montadora_idmontadora":"23"}{"idmodelo":"1114","nome_modelo":"Opala Comodoro\/Comod. SLE 4.1\/2.5","montadora_idmontadora":"23"}{"idmodelo":"1115","nome_modelo":"Opala Diplomata\/Diplom. SLE 4.1\/2.5","montadora_idmontadora":"23"}{"idmodelo":"1116","nome_modelo":"Opala L\/SL\/SS\/ 2.5\/4.1","montadora_idmontadora":"23"}{"idmodelo":"1117","nome_modelo":"S10 Blazer DTi 2.8 4x2 Turbo Diesel","montadora_idmontadora":"23"}{"idmodelo":"1118","nome_modelo":"S10 Blazer 2.4 MPFI 8V 128cv 4p","montadora_idmontadora":"23"}{"idmodelo":"1119","nome_modelo":"S10 Blazer 4.3 V6","montadora_idmontadora":"23"}{"idmodelo":"1120","nome_modelo":"S10 Blazer Advant. 2.4\/2.4 MPFI F.Power","montadora_idmontadora":"23"}{"idmodelo":"1121","nome_modelo":"S10 Blazer Colina 2.4\/2.4 MPFI F.Power","montadora_idmontadora":"23"}{"idmodelo":"1122","nome_modelo":"S10 Blazer Colina 2.8 TDI 4x4 Diesel","montadora_idmontadora":"23"}{"idmodelo":"1123","nome_modelo":"S10 Blazer DLX 2.2 MPFI \/ EFI","montadora_idmontadora":"23"}{"idmodelo":"1124","nome_modelo":"S10 Blazer DLX 2.4 MPFI 128cv 4p","montadora_idmontadora":"23"}{"idmodelo":"1125","nome_modelo":"S10 Blazer DLX 2.5 Diesel Turbo","montadora_idmontadora":"23"}{"idmodelo":"1126","nome_modelo":"S10 Blazer DLX 2.8 4x4 TB Interc. Diesel","montadora_idmontadora":"23"}{"idmodelo":"1127","nome_modelo":"S10 Blazer DLX 4.3 V6","montadora_idmontadora":"23"}{"idmodelo":"1128","nome_modelo":"S10 Blazer Executive 2.8 4x4 TDI Diesel","montadora_idmontadora":"23"}{"idmodelo":"1129","nome_modelo":"S10 Blazer Executive 4.3 V6","montadora_idmontadora":"23"}{"idmodelo":"1130","nome_modelo":"S10 Blazer Std. 2.2 MPFI \/ EFI","montadora_idmontadora":"23"}{"idmodelo":"1131","nome_modelo":"S10 Blazer Std. 2.5 Diesel Turbo","montadora_idmontadora":"23"}{"idmodelo":"1132","nome_modelo":"S10 Blazer Tornado 2.4 MPFI 8V 128cv","montadora_idmontadora":"23"}{"idmodelo":"1133","nome_modelo":"S10 Pick-Up 2.4 MPFI 8v 128cv CD 4p","montadora_idmontadora":"23"}{"idmodelo":"1134","nome_modelo":"S10 Pick-Up 2.4 MPFI 8v 128cv\/ Rodeio","montadora_idmontadora":"23"}{"idmodelo":"1135","nome_modelo":"S10 Pick-Up 2.5 4x2 CD TB Max HST Dies","montadora_idmontadora":"23"}{"idmodelo":"1136","nome_modelo":"S10 Pick-Up 2.5 4x4 CD TB Max HST Dies.","montadora_idmontadora":"23"}{"idmodelo":"1137","nome_modelo":"S10 Pick-Up 2.8 4x2 Turbo Interc. Dies.","montadora_idmontadora":"23"}{"idmodelo":"1138","nome_modelo":"S10 Pick-Up 4.3 V6","montadora_idmontadora":"23"}{"idmodelo":"1139","nome_modelo":"S10 Pick-Up Barretos 2.2 MPFI 2p","montadora_idmontadora":"23"}{"idmodelo":"1140","nome_modelo":"S10 Pick-Up Champ 4.3 V6","montadora_idmontadora":"23"}{"idmodelo":"1141","nome_modelo":"S10 P-Up Colina 2.4\/2.4 MPFI F.Power CS","montadora_idmontadora":"23"}{"idmodelo":"1142","nome_modelo":"S10 P-Up Colina 2.4 MPFI 128cv CD 4p","montadora_idmontadora":"23"}{"idmodelo":"1143","nome_modelo":"S10 P-Up Colina 2.8 TDI 4x2\/4x4 CS Dies.","montadora_idmontadora":"23"}{"idmodelo":"1144","nome_modelo":"S10 Pick-Up DLX 2.4 MPFI 128cv CD 4p","montadora_idmontadora":"23"}{"idmodelo":"1145","nome_modelo":"S10 Pick-Up Exec. 2.8 4x2 CD TB Int.Dies","montadora_idmontadora":"23"}{"idmodelo":"1146","nome_modelo":"S10 Pick-Up Exec. 2.8 4x4 CD TB Int.Dies","montadora_idmontadora":"23"}{"idmodelo":"1147","nome_modelo":"S10 Pick-Up Executive CD 4.3","montadora_idmontadora":"23"}{"idmodelo":"1148","nome_modelo":"S10 Pick-Up Executive CD 4.3 4x4","montadora_idmontadora":"23"}{"idmodelo":"1149","nome_modelo":"S10 Pick-Up Luxe 2.2 EFI CD","montadora_idmontadora":"23"}{"idmodelo":"1150","nome_modelo":"S10 Pick-Up Luxe 2.2 MPFI \/ EFI","montadora_idmontadora":"23"}{"idmodelo":"1151","nome_modelo":"S10 Pick-Up Luxe 2.2 MPFI\/EFI CE","montadora_idmontadora":"23"}{"idmodelo":"1152","nome_modelo":"S10 Pick-Up Luxe 2.5 CE TB Diesel","montadora_idmontadora":"23"}{"idmodelo":"1153","nome_modelo":"S10 Pick-Up Luxe 2.5 Diesel Turbo","montadora_idmontadora":"23"}{"idmodelo":"1154","nome_modelo":"S10 Pick-Up Luxe 2.8 4x2 CD TB Int.Dies.","montadora_idmontadora":"23"}{"idmodelo":"1155","nome_modelo":"S10 Pick-Up Luxe 4.3 V6","montadora_idmontadora":"23"}{"idmodelo":"1156","nome_modelo":"S10 Pick-Up Luxe 4.3 V6 CD","montadora_idmontadora":"23"}{"idmodelo":"1157","nome_modelo":"S10 Pick-Up Luxe 4.3 V6 CE","montadora_idmontadora":"23"}{"idmodelo":"1158","nome_modelo":"S10 Pick-Up Std 2.8 4x2 CD TB Int.Dies.","montadora_idmontadora":"23"}{"idmodelo":"1159","nome_modelo":"S10 Pick-Up Std 2.8 4x4 CD TB Int.Dies.","montadora_idmontadora":"23"}{"idmodelo":"1160","nome_modelo":"S10 Pick-Up Std. 2.2 MPFI \/ EFI","montadora_idmontadora":"23"}{"idmodelo":"1161","nome_modelo":"S10 Pick-Up Std. 2.2 MPFI CD","montadora_idmontadora":"23"}{"idmodelo":"1162","nome_modelo":"S10 Pick-Up Std. 2.5 Diesel Turbo","montadora_idmontadora":"23"}{"idmodelo":"1163","nome_modelo":"S10 Pick-Up Tornado 2.4 MPFI 128cv CD 4p","montadora_idmontadora":"23"}{"idmodelo":"1164","nome_modelo":"S10 P-Up 2.8\/Sert. 2.8 4x4 TB Int. Dies.","montadora_idmontadora":"23"}{"idmodelo":"1165","nome_modelo":"S10 P-Up Advant. 2.4\/2.4 MPFI F.Power CD","montadora_idmontadora":"23"}{"idmodelo":"1166","nome_modelo":"S10 P-Up Colina 2.8 TDI 4x2\/4x4 CD Dies.","montadora_idmontadora":"23"}{"idmodelo":"1167","nome_modelo":"S10 P-Up Luxe 2.5 4x2 CD TB Max HST Dies","montadora_idmontadora":"23"}{"idmodelo":"1168","nome_modelo":"S10 P-Up Luxe 2.5 4x4 CD TB Max HST Dies","montadora_idmontadora":"23"}{"idmodelo":"1169","nome_modelo":"S10 P-Up Lx\/Sert\/Rod 2.8 4x4 CD TDI Dies","montadora_idmontadora":"23"}{"idmodelo":"1170","nome_modelo":"S10 P-Up Tornado 2.8 TDI 4x2\/4x4 CD Dies","montadora_idmontadora":"23"}{"idmodelo":"1171","nome_modelo":"Saturn SL","montadora_idmontadora":"23"}{"idmodelo":"1172","nome_modelo":"Sierra CE 5.7 V8","montadora_idmontadora":"23"}{"idmodelo":"1173","nome_modelo":"Sierra Sport 5.0 V8","montadora_idmontadora":"23"}{"idmodelo":"1174","nome_modelo":"Silverado","montadora_idmontadora":"23"}{"idmodelo":"1175","nome_modelo":"Silverado 4.1","montadora_idmontadora":"23"}{"idmodelo":"1176","nome_modelo":"Silverado 4.1 Diesel","montadora_idmontadora":"23"}{"idmodelo":"1177","nome_modelo":"Silverado 4.2 Turbo Diesel","montadora_idmontadora":"23"}{"idmodelo":"1178","nome_modelo":"Silverado Conquest 4.1 Diesel","montadora_idmontadora":"23"}{"idmodelo":"1179","nome_modelo":"Silverado Conquest 4.2 Diesel Turbo","montadora_idmontadora":"23"}{"idmodelo":"1180","nome_modelo":"Silverado D20\/ Rodeio 4.2 TB Diesel","montadora_idmontadora":"23"}{"idmodelo":"1181","nome_modelo":"Silverado DLX 4.1","montadora_idmontadora":"23"}{"idmodelo":"1182","nome_modelo":"Silverado DLX 4.2 Conquest HD Diesel","montadora_idmontadora":"23"}{"idmodelo":"1183","nome_modelo":"Silverado DLX 4.2 Diesel","montadora_idmontadora":"23"}{"idmodelo":"1184","nome_modelo":"Silverado G. Blazer DLX\/ Std 4.2 Dies.TB","montadora_idmontadora":"23"}{"idmodelo":"1185","nome_modelo":"Silverado Grand Blazer DLX 4.1 mpfi","montadora_idmontadora":"23"}{"idmodelo":"1186","nome_modelo":"Silverado Sport\/ Fleet Side 5.7 CS","montadora_idmontadora":"23"}{"idmodelo":"1187","nome_modelo":"Silverado Sport\/Fleet Side 6.5 Dies. CS","montadora_idmontadora":"23"}{"idmodelo":"1188","nome_modelo":"Silverado Trop. SL\/ Van T.Diesel (todas)","montadora_idmontadora":"23"}{"idmodelo":"1189","nome_modelo":"Silverado Tropical CD 4.1 Diesel","montadora_idmontadora":"23"}{"idmodelo":"1190","nome_modelo":"Silverado Tropical CD 4.1 MPFI","montadora_idmontadora":"23"}{"idmodelo":"1191","nome_modelo":"Silverado Tropical CD 4.2 Diesel","montadora_idmontadora":"23"}{"idmodelo":"1192","nome_modelo":"Sonoma CE 4.3 V6","montadora_idmontadora":"23"}{"idmodelo":"1193","nome_modelo":"SpaceVan Furg\u00e3o 2.1 Diesel","montadora_idmontadora":"23"}{"idmodelo":"1194","nome_modelo":"SpaceVan Furg\u00e3o 2.2","montadora_idmontadora":"23"}{"idmodelo":"1195","nome_modelo":"SpaceVan Passageiro 2.1Diesel","montadora_idmontadora":"23"}{"idmodelo":"1196","nome_modelo":"SpaceVan Passageiro 2.2","montadora_idmontadora":"23"}{"idmodelo":"1197","nome_modelo":"SS10 Pick-Up 4.3 V6","montadora_idmontadora":"23"}{"idmodelo":"1198","nome_modelo":"Suburban 5.7\/6.5 V8\/5.3 V8","montadora_idmontadora":"23"}{"idmodelo":"1199","nome_modelo":"Suprema CD 4.1 \/ 3.0","montadora_idmontadora":"23"}{"idmodelo":"1200","nome_modelo":"Suprema Diamond","montadora_idmontadora":"23"}{"idmodelo":"1201","nome_modelo":"Suprema GL 2.0","montadora_idmontadora":"23"}{"idmodelo":"1202","nome_modelo":"Suprema GLS 2.2 \/ 2.0","montadora_idmontadora":"23"}{"idmodelo":"1203","nome_modelo":"Suprema GLS 4.1","montadora_idmontadora":"23"}{"idmodelo":"1204","nome_modelo":"Syclone 5.7 V8","montadora_idmontadora":"23"}{"idmodelo":"1205","nome_modelo":"Tigra 1.6 16V","montadora_idmontadora":"23"}{"idmodelo":"1206","nome_modelo":"Tigra Power Tech Coupe 1.6 SFI","montadora_idmontadora":"23"}{"idmodelo":"1207","nome_modelo":"TRACKER 2.0 TB Int. Diesel 4x4 4p","montadora_idmontadora":"23"}{"idmodelo":"1208","nome_modelo":"Trafic Chassi Longo Diesel","montadora_idmontadora":"23"}{"idmodelo":"1209","nome_modelo":"Trafic Furg\u00e3o Carga 2.1 Diesel","montadora_idmontadora":"23"}{"idmodelo":"1210","nome_modelo":"Trafic Furgao Carga 2.2","montadora_idmontadora":"23"}{"idmodelo":"1211","nome_modelo":"Trafic Passageiros 2.1 Diesel","montadora_idmontadora":"23"}{"idmodelo":"1212","nome_modelo":"Trafic Passageiros 2.2","montadora_idmontadora":"23"}{"idmodelo":"1213","nome_modelo":"Vectra CD 2.0 (modelo antigo)","montadora_idmontadora":"23"}{"idmodelo":"1214","nome_modelo":"Vectra CD 2.2 16V \/ 2.0 16V Mec.\/Aut.","montadora_idmontadora":"23"}{"idmodelo":"1215","nome_modelo":"Vectra Comfort 2.0 MPFI","montadora_idmontadora":"23"}{"idmodelo":"1216","nome_modelo":"Vectra Elegance 2.0 MPFI","montadora_idmontadora":"23"}{"idmodelo":"1217","nome_modelo":"Vectra Elegance 2.2 MPFI 16V Aut.","montadora_idmontadora":"23"}{"idmodelo":"1218","nome_modelo":"Vectra Elite 2.0 MPFI","montadora_idmontadora":"23"}{"idmodelo":"1219","nome_modelo":"Vectra Elite 2.2 MPFI 16V Aut.","montadora_idmontadora":"23"}{"idmodelo":"1220","nome_modelo":"Vectra Expres.\/ Collection 2.0 MPFI 8V","montadora_idmontadora":"23"}{"idmodelo":"1221","nome_modelo":"Vectra GL 2.2 \/ 2.0 MPFI","montadora_idmontadora":"23"}{"idmodelo":"1222","nome_modelo":"Vectra GL 2.2 MPFI Milenium","montadora_idmontadora":"23"}{"idmodelo":"1223","nome_modelo":"Vectra GLS\/ Challenge 2.2 MPFI 16V","montadora_idmontadora":"23"}{"idmodelo":"1224","nome_modelo":"Vectra GLS\/Expres.2.2\/ 2.0 e 2.0 CD 8V","montadora_idmontadora":"23"}{"idmodelo":"1225","nome_modelo":"Vectra GSi 2.0 16V (modelo antigo)","montadora_idmontadora":"23"}{"idmodelo":"1226","nome_modelo":"Veraneio S \/ Luxe 4.1","montadora_idmontadora":"23"}{"idmodelo":"1227","nome_modelo":"Veraneio S\/ Luxe 4.0 Dies.\/TB Dies.","montadora_idmontadora":"23"}{"idmodelo":"1228","nome_modelo":"Zafira 2.0\/ CD 2.0 8V MPFI 5p Mec.","montadora_idmontadora":"23"}{"idmodelo":"1229","nome_modelo":"Zafira 2.0\/ CD 2.0 16V MPFI 5p","montadora_idmontadora":"23"}{"idmodelo":"1230","nome_modelo":"Zafira 2.0\/ CD 2.0 8V MPFI 5p Aut.","montadora_idmontadora":"23"}{"idmodelo":"1231","nome_modelo":"Zafira Comfort 2.0 MPFI FlexPower 8V 5p","montadora_idmontadora":"23"}{"idmodelo":"1232","nome_modelo":"Zafira Eleg.2.0 MPFI FlexPower 8V 5p Aut","montadora_idmontadora":"23"}{"idmodelo":"1233","nome_modelo":"Zafira Elegance 2.0 MPFI 16v 136cv 5p","montadora_idmontadora":"23"}{"idmodelo":"1234","nome_modelo":"Zafira Elegance 2.0 MPFI FlexPower 8V 5p","montadora_idmontadora":"23"}{"idmodelo":"1235","nome_modelo":"Zafira Elite 2.0 MPFI 16v 136cv 5p","montadora_idmontadora":"23"}{"idmodelo":"1236","nome_modelo":"Zafira Elite 2.0 MPFI FlexPower 8V Aut","montadora_idmontadora":"23"}{"idmodelo":"1237","nome_modelo":"Zafira Elite 2.0 MPFI FlexPower 8V 5p","montadora_idmontadora":"23"}{"idmodelo":"3818","nome_modelo":"Corsa Hat. SS 1.8 MPFI 8V FlexPower 5p","montadora_idmontadora":"23"}{"idmodelo":"3819","nome_modelo":"Meriva SS 1.8 MPFI 8V FlexPower 5p","montadora_idmontadora":"23"}{"idmodelo":"3820","nome_modelo":"Vectra Elegan. 2.0 MPFI 8V FlexPower Aut","montadora_idmontadora":"23"}{"idmodelo":"3821","nome_modelo":"Vectra Elegan. 2.0 MPFI 8V FlexPower Mec","montadora_idmontadora":"23"}{"idmodelo":"3822","nome_modelo":"Vectra Elite 2.4 MPFI 16V FlexPower Aut.","montadora_idmontadora":"23"}{"idmodelo":"3968","nome_modelo":"Astra Advantage 2.0 MPFI 8V FlexPower 5p","montadora_idmontadora":"23"}{"idmodelo":"3969","nome_modelo":"Astra Sed. Advant. 2.0 8V MPFI FlexP. 4p","montadora_idmontadora":"23"}{"idmodelo":"4137","nome_modelo":"Astra Advant. 2.0 MPFI 8V FlexP. 5p Aut.","montadora_idmontadora":"23"}{"idmodelo":"4138","nome_modelo":"Astra Sed.Advan. 2.0 8V MPFI FlexP. Aut.","montadora_idmontadora":"23"}{"idmodelo":"4188","nome_modelo":"PRISMA Sed. Maxx\/ LT 1.4 8V ECONOF. 4p","montadora_idmontadora":"23"}{"idmodelo":"4189","nome_modelo":"PRISMA Sed. Joy 1.4 8V ECONOFLEX 4p","montadora_idmontadora":"23"}{"idmodelo":"4240","nome_modelo":"TRACKER 2.0 16v 128cv MPFI 4x4 5p","montadora_idmontadora":"23"}{"idmodelo":"4259","nome_modelo":"Zafira Expres. 2.0 MPFI FlexPower 5p Aut","montadora_idmontadora":"23"}{"idmodelo":"4273","nome_modelo":"Vectra EXPRESSION 2.0 MPFI FlexPower Aut","montadora_idmontadora":"23"}{"idmodelo":"4274","nome_modelo":"Vectra EXPRESSION 2.0 MPFI FlexPower Mec","montadora_idmontadora":"23"}{"idmodelo":"4379","nome_modelo":"Corsa Hat. Maxx 1.4 8V ECONOFLEX 5p","montadora_idmontadora":"23"}{"idmodelo":"4380","nome_modelo":"Corsa Hat. Premium 1.4 8V ECONOFLEX 5p","montadora_idmontadora":"23"}{"idmodelo":"4381","nome_modelo":"Corsa Sed. Maxx 1.4 8V ECONOFLEX 4p","montadora_idmontadora":"23"}{"idmodelo":"4382","nome_modelo":"Corsa Sed. Premium 1.4 8V ECONOFLEX 4p","montadora_idmontadora":"23"}{"idmodelo":"4383","nome_modelo":"MONTANA 1.4 8V Conquest ECONOFLEX 2p","montadora_idmontadora":"23"}{"idmodelo":"4433","nome_modelo":"Vectra GT 2.0 MPFI 8V FlexPower Aut.","montadora_idmontadora":"23"}{"idmodelo":"4434","nome_modelo":"Vectra GT 2.0 MPFI 8V FlexPower Mec.","montadora_idmontadora":"23"}{"idmodelo":"4435","nome_modelo":"Vectra GT-X 2.0 MPFI 8V FlexPower Aut.","montadora_idmontadora":"23"}{"idmodelo":"4436","nome_modelo":"Vectra GT-X 2.0 MPFI 8V FlexPower Mec.","montadora_idmontadora":"23"}{"idmodelo":"4475","nome_modelo":"Meriva Prem.EASYTRONIC 1.8 FlexPower 5p","montadora_idmontadora":"23"}{"idmodelo":"4576","nome_modelo":"Vectra Elite 2.0 MPFI 8V FlexPower Aut.","montadora_idmontadora":"23"}{"idmodelo":"4675","nome_modelo":"S10 P-Up Advantage 2.4 MPFI F.Power CS","montadora_idmontadora":"23"}{"idmodelo":"4676","nome_modelo":"S10 P-Up Executive 2.4 MPFI F.Power CD","montadora_idmontadora":"23"}{"idmodelo":"4734","nome_modelo":"CAPTIVA SPORT AWD 3.6 V6 24V 261cv 4x4","montadora_idmontadora":"23"}{"idmodelo":"4735","nome_modelo":"CAPTIVA SPORT FWD 3.6 V6 24V 261cv 4x2","montadora_idmontadora":"23"}{"idmodelo":"4767","nome_modelo":"Meriva Expres.EASYTRONIC 1.8 FlexPower","montadora_idmontadora":"23"}{"idmodelo":"4768","nome_modelo":"Meriva Joy 1.4 MPFI 8V ECONOFLEX 5p","montadora_idmontadora":"23"}{"idmodelo":"4769","nome_modelo":"Meriva Maxx 1.4 MPFI 8V ECONOFLEX 5p","montadora_idmontadora":"23"}{"idmodelo":"4770","nome_modelo":"Meriva SS EASYTRONIC 1.8 FlexPower 5p","montadora_idmontadora":"23"}{"idmodelo":"4841","nome_modelo":"CAPTIVA SPORT FWD 2.4 16V 171\/185cv","montadora_idmontadora":"23"}{"idmodelo":"4849","nome_modelo":"PRISMA Sed. Joy\/ LS 1.0 8V FlexPower 4p","montadora_idmontadora":"23"}{"idmodelo":"4850","nome_modelo":"PRISMA Sed. Maxx 1.0 8V FlexPower 4p","montadora_idmontadora":"23"}{"idmodelo":"4924","nome_modelo":"Classic Life\/LS 1.0 VHC FlexP. 4p","montadora_idmontadora":"23"}{"idmodelo":"5030","nome_modelo":"MONTANA COMBO 1.4 8V ECONOFLEX","montadora_idmontadora":"23"}{"idmodelo":"5069","nome_modelo":"AGILE LT 1.4 MPFI 8V FlexPower 5p","montadora_idmontadora":"23"}{"idmodelo":"5070","nome_modelo":"AGILE LTZ 1.4 MPFI 8V FlexPower 5p","montadora_idmontadora":"23"}{"idmodelo":"5107","nome_modelo":"MONTANA ARENA 1.4 ECONOFLEX 8V 2p","montadora_idmontadora":"23"}{"idmodelo":"5108","nome_modelo":"MONTANA Sport 1.4 ECONOFLEX 8V 2p","montadora_idmontadora":"23"}{"idmodelo":"5276","nome_modelo":"MALIBU LTZ 2.4 16V 171cv 4p","montadora_idmontadora":"23"}{"idmodelo":"5369","nome_modelo":"S10 Pick-Up RODEIO 2.4 MPFI F.Power CD","montadora_idmontadora":"23"}{"idmodelo":"5370","nome_modelo":"S10 Pick-Up RODEIO 2.8 TDI 4x2 CD Dies.","montadora_idmontadora":"23"}{"idmodelo":"5371","nome_modelo":"S10 Pick-Up RODEIO 2.8 TDI 4x4 CD Dies.","montadora_idmontadora":"23"}{"idmodelo":"5415","nome_modelo":"Camaro SS 6.2 V8 16V","montadora_idmontadora":"23"}{"idmodelo":"5416","nome_modelo":"MONTANA LS 1.4 ECONOFLEX 8V 2p","montadora_idmontadora":"23"}{"idmodelo":"5466","nome_modelo":"CAPTIVA SPORT AWD 3.0 V6 24V 268cv","montadora_idmontadora":"23"}{"idmodelo":"5467","nome_modelo":"CAPTIVA SPORT FWD 3.0 V6 24V 268cv 4x2","montadora_idmontadora":"23"}{"idmodelo":"5554","nome_modelo":"Vectra COLLECTION 2.0 FlexPower 8V Aut.","montadora_idmontadora":"23"}{"idmodelo":"5635","nome_modelo":"CRUZE LT 1.8 16V FlexPower 4p Aut.","montadora_idmontadora":"23"}{"idmodelo":"5636","nome_modelo":"CRUZE LT 1.8 16V FlexPower 4p Mec.","montadora_idmontadora":"23"}{"idmodelo":"5637","nome_modelo":"CRUZE LTZ 1.8 16V FlexPower 4p Aut.","montadora_idmontadora":"23"}{"idmodelo":"5722","nome_modelo":"AGILE LTZ WI-FI 1.4 8V FlexPower 5p","montadora_idmontadora":"23"}{"idmodelo":"5723","nome_modelo":"COBALT LS 1.4 8V FlexPower 4p","montadora_idmontadora":"23"}{"idmodelo":"5724","nome_modelo":"COBALT LT 1.4 8V FlexPower\/EconoFlex 4p","montadora_idmontadora":"23"}{"idmodelo":"5725","nome_modelo":"COBALT LTZ 1.4 8V FlexPower\/EconoFlex 4p","montadora_idmontadora":"23"}{"idmodelo":"5885","nome_modelo":"S10 Pick-Up LS 2.4 F.Power 4x2 CD","montadora_idmontadora":"23"}{"idmodelo":"5886","nome_modelo":"S10 Pick-Up LS 2.4 F.Power 4x2 CS","montadora_idmontadora":"23"}{"idmodelo":"5887","nome_modelo":"S10 Pick-Up LS 2.8 TDI 4x4 CS Diesel","montadora_idmontadora":"23"}{"idmodelo":"5888","nome_modelo":"S10 Pick-Up LT 2.4 F.Power 4x2 CD","montadora_idmontadora":"23"}{"idmodelo":"5889","nome_modelo":"S10 Pick-Up LT 2.4 F.Power 4x2 CS","montadora_idmontadora":"23"}{"idmodelo":"5890","nome_modelo":"S10 Pick-Up LT 2.8 TDI 4x2 CD Diesel","montadora_idmontadora":"23"}{"idmodelo":"5891","nome_modelo":"S10 Pick-Up LT 2.8 TDI 4x2 CD Diesel Aut","montadora_idmontadora":"23"}{"idmodelo":"5892","nome_modelo":"S10 Pick-Up LT 2.8 TDI 4x4 CD Diesel","montadora_idmontadora":"23"}{"idmodelo":"5893","nome_modelo":"S10 Pick-Up LT 2.8 TDI 4x4 CD Diesel Aut","montadora_idmontadora":"23"}{"idmodelo":"5894","nome_modelo":"S10 Pick-Up LTZ 2.4 F.Power 4x2 CD","montadora_idmontadora":"23"}{"idmodelo":"5895","nome_modelo":"S10 Pick-Up LTZ 2.8 TDI 4x2 CD Dies.Aut","montadora_idmontadora":"23"}{"idmodelo":"5896","nome_modelo":"S10 Pick-Up LTZ 2.8 TDI 4x4 CD Dies.Aut","montadora_idmontadora":"23"}{"idmodelo":"5975","nome_modelo":"CRUZE HB Sport LT 1.8 16V FlexP. 5p Aut","montadora_idmontadora":"23"}{"idmodelo":"5976","nome_modelo":"CRUZE HB Sport LT 1.8 16V FlexP. 5p Mec","montadora_idmontadora":"23"}{"idmodelo":"5977","nome_modelo":"CRUZE HB Sport LTZ 1.8 16V FlexP. 5p Aut","montadora_idmontadora":"23"}{"idmodelo":"5978","nome_modelo":"CRUZE HB Sport LTZ 1.8 16V FlexP. 5p Mec","montadora_idmontadora":"23"}{"idmodelo":"6058","nome_modelo":"Meriva COLLECTION 1.4 8V ECONOFLEX 5p","montadora_idmontadora":"23"}{"idmodelo":"6059","nome_modelo":"SONIC HB LT 1.6 16V FlexPower 5p Mec.","montadora_idmontadora":"23"}{"idmodelo":"6060","nome_modelo":"SONIC HB LTZ 1.6 16V FlexPower 5p Aut.","montadora_idmontadora":"23"}{"idmodelo":"6061","nome_modelo":"SONIC HB LTZ 1.6 16V FlexPower 5p Mec.","montadora_idmontadora":"23"}{"idmodelo":"6062","nome_modelo":"SONIC Sed. LT 1.6 16V FlexPower 4p Mec.","montadora_idmontadora":"23"}{"idmodelo":"6063","nome_modelo":"SONIC Sed. LTZ 1.6 16V FlexPower 4p Aut.","montadora_idmontadora":"23"}{"idmodelo":"6064","nome_modelo":"SONIC Sed. LTZ 1.6 16V FlexPower 4p Mec.","montadora_idmontadora":"23"}{"idmodelo":"6065","nome_modelo":"Zafira COLLECTION 2.0 FlexPower 8V Aut.","montadora_idmontadora":"23"}{"idmodelo":"6099","nome_modelo":"S10 Pick-Up LS 2.8 TDI 4x2 CD Dies. Mec.","montadora_idmontadora":"23"}{"idmodelo":"6100","nome_modelo":"S10 Pick-Up LS 2.8 TDI 4x2 CS Dies. Mec.","montadora_idmontadora":"23"}{"idmodelo":"6101","nome_modelo":"S10 Pick-Up LS 2.8 TDI 4x4 CD Dies. Mec.","montadora_idmontadora":"23"}{"idmodelo":"6102","nome_modelo":"S10 Pick-Up LTZ 2.8 TDI 4x2 CD Dies. Mec","montadora_idmontadora":"23"}{"idmodelo":"6103","nome_modelo":"SPIN LT 1.8 8V Econo.Flex 5p Aut.","montadora_idmontadora":"23"}{"idmodelo":"6104","nome_modelo":"SPIN LT 1.8 8V Econo.Flex 5p Mec.","montadora_idmontadora":"23"}{"idmodelo":"6105","nome_modelo":"SPIN LTZ 1.8 8V Econo.Flex 5p Aut.","montadora_idmontadora":"23"}{"idmodelo":"6106","nome_modelo":"SPIN LTZ 1.8 8V Econo.Flex 5p Mec.","montadora_idmontadora":"23"}{"idmodelo":"6172","nome_modelo":"COBALT LT 1.8 8V Econo.Flex 4p Aut.","montadora_idmontadora":"23"}{"idmodelo":"6173","nome_modelo":"COBALT LT 1.8 8V Econo.Flex 4p Mec.","montadora_idmontadora":"23"}{"idmodelo":"6174","nome_modelo":"COBALT LTZ 1.8 8V Econo.Flex 4p Aut.","montadora_idmontadora":"23"}{"idmodelo":"6175","nome_modelo":"COBALT LTZ 1.8 8V Econo.Flex 4p Mec.","montadora_idmontadora":"23"}{"idmodelo":"6204","nome_modelo":"MONTANA LS COMBO 1.4 8V ECONOFLEX 2p","montadora_idmontadora":"23"}{"idmodelo":"6231","nome_modelo":"ONIX HATCH LS 1.0 8V FlexPower 5p Mec.","montadora_idmontadora":"23"}{"idmodelo":"6232","nome_modelo":"ONIX HATCH LT 1.0 8V FlexPower 5p Mec.","montadora_idmontadora":"23"}{"idmodelo":"6233","nome_modelo":"ONIX HATCH LT 1.4 8V FlexPower 5p Mec.","montadora_idmontadora":"23"}{"idmodelo":"6234","nome_modelo":"ONIX HATCH LTZ 1.4 8V FlexPower 5p Mec.","montadora_idmontadora":"23"}{"idmodelo":"6265","nome_modelo":"AGILE LTZ EASYTRONIC 1.4 8V FlexPower 5p","montadora_idmontadora":"23"}{"idmodelo":"6266","nome_modelo":"SONIC HB LT 1.6 16V FlexPower 5p Aut.","montadora_idmontadora":"23"}{"idmodelo":"6267","nome_modelo":"SONIC Sed. LT 1.6 16V FlexPower 4p Aut.","montadora_idmontadora":"23"}{"idmodelo":"6268","nome_modelo":"TRAILBLAZER LTZ 2.8 CTDI Diesel Aut.","montadora_idmontadora":"23"}{"idmodelo":"6269","nome_modelo":"TRAILBLAZER LTZ 3.6 V6 Aut.","montadora_idmontadora":"23"}{"idmodelo":"6349","nome_modelo":"PRISMA Sed. LT 1.0 8V FlexPower 4p","montadora_idmontadora":"23"}{"idmodelo":"6350","nome_modelo":"PRISMA Sed. LT 1.4 8V FlexPower 4p","montadora_idmontadora":"23"}{"idmodelo":"6351","nome_modelo":"PRISMA Sed. LTZ 1.4 8V FlexPower 4p","montadora_idmontadora":"23"}{"idmodelo":"6490","nome_modelo":"SPIN LS 1.8 8V Econo.Flex 5p Mec.","montadora_idmontadora":"23"}{"idmodelo":"6530","nome_modelo":"ONIX HATCH LT 1.4 8V FlexPower 5p Aut.","montadora_idmontadora":"23"}{"idmodelo":"6531","nome_modelo":"ONIX HATCH LTZ 1.4 8V FlexPower 5p Aut.","montadora_idmontadora":"23"}{"idmodelo":"6532","nome_modelo":"PRISMA Sed. LT 1.4 8V FlexPower 4p Aut.","montadora_idmontadora":"23"}{"idmodelo":"6533","nome_modelo":"PRISMA Sed. LTZ 1.4 8V FlexPower 4p Aut.","montadora_idmontadora":"23"}{"idmodelo":"6584","nome_modelo":"COBALT ADVANTAGE 1.4 MPFI 8V F.Power 4p","montadora_idmontadora":"23"}{"idmodelo":"6585","nome_modelo":"COBALT ADVANTAGE 1.8 8V Eco.Flex 4p Aut.","montadora_idmontadora":"23"}{"idmodelo":"6586","nome_modelo":"SPIN ADVANTAGE 1.8 8V Econo.Flex 5p Aut.","montadora_idmontadora":"23"}{"idmodelo":"6587","nome_modelo":"SPIN ADVANTAGE 1.8 8V Econo.Flex 5p Mec.","montadora_idmontadora":"23"}{"idmodelo":"6611","nome_modelo":"Celta ADVANTAGE 1.0 8v FlexPower 5p","montadora_idmontadora":"23"}{"idmodelo":"6612","nome_modelo":"TRACKER LTZ 1.8 16V Flex 4x2 Aut.","montadora_idmontadora":"23"}{"idmodelo":"6638","nome_modelo":"AGILE LTZ EFFECT 1.4 8V FlexPower 5p Mec","montadora_idmontadora":"23"}{"idmodelo":"6639","nome_modelo":"AGILE LTZ EFFECT EASYTR.1.4 8V FlexP. 5p","montadora_idmontadora":"23"}{"idmodelo":"6640","nome_modelo":"SONIC HB LTZ EFFECT 1.6 16V FlexP 5p Aut","montadora_idmontadora":"23"}{"idmodelo":"6664","nome_modelo":"TRACKER Freeride 1.8 16V Flex 4x2 Mec.","montadora_idmontadora":"23"}{"idmodelo":"6747","nome_modelo":"Classic ADVANTAGE 1.0 VHC FlexPower 4p","montadora_idmontadora":"23"}{"idmodelo":"6748","nome_modelo":"ONIX Lollapalooza 1.0 F.Power 5p Mec.","montadora_idmontadora":"23"}{"idmodelo":"6866","nome_modelo":"PRISMA Sed. ADVANT. 1.0 8V FlexPower 4p","montadora_idmontadora":"23"}{"idmodelo":"6887","nome_modelo":"Camaro SS Convers\u00edvel 6.2 V8 16V","montadora_idmontadora":"23"}{"idmodelo":"7032","nome_modelo":"S10 Pick-Up LT 2.5 Flex 4x2 CD","montadora_idmontadora":"23"}{"idmodelo":"7033","nome_modelo":"S10 Pick-Up LT 2.5 Flex 4x4 CD","montadora_idmontadora":"23"}{"idmodelo":"7034","nome_modelo":"S10 Pick-Up LTZ 2.5 Flex 4x2 CD","montadora_idmontadora":"23"}{"idmodelo":"7035","nome_modelo":"S10 Pick-Up LTZ 2.5 Flex 4x4 CD","montadora_idmontadora":"23"}{"idmodelo":"7098","nome_modelo":"SPIN ACTIV 1.8 8V Econo. Flex 5p Aut.","montadora_idmontadora":"23"}{"idmodelo":"7099","nome_modelo":"SPIN ACTIV 1.8 8V Econo. Flex 5p Mec.","montadora_idmontadora":"23"}{"idmodelo":"7120","nome_modelo":"ONIX HATCH EFFECT 1.4 8V F.Power 5p Mec.","montadora_idmontadora":"23"}{"idmodelo":"7257","nome_modelo":"COBALT Graphite 1.8 8V Econo.Flex 4p Aut","montadora_idmontadora":"23"}{"idmodelo":"7258","nome_modelo":"COBALT Graphite 1.8 8V Econo.Flex 4p Mec","montadora_idmontadora":"23"}{"idmodelo":"7259","nome_modelo":"ONIX HATCH SELE\u00c7\u00c3O 1.0 8V Flex 5p Mec.","montadora_idmontadora":"23"}{"idmodelo":"7304","nome_modelo":"S10 P-Up Freeride 2.5 Flex 4x2 CD Mec.","montadora_idmontadora":"23"}{"idmodelo":"7305","nome_modelo":"S10 P-Up H.Country 2.8 4x4 CD Dies.Aut.","montadora_idmontadora":"23"}{"idmodelo":"7373","nome_modelo":"PRISMA Sed. ADVANT. 1.4 8V F.Power Aut.","montadora_idmontadora":"23"}{"idmodelo":"7428","nome_modelo":"TRACKER LT 1.8 16V Flex 4x2 Aut.","montadora_idmontadora":"23"}{"idmodelo":"7456","nome_modelo":"COBALT ELITE 1.8 8V Econo.Flex 4p Aut.","montadora_idmontadora":"23"}{"idmodelo":"7618","nome_modelo":"CRUZE LT 1.4 16V Turbo Flex 4p Aut.","montadora_idmontadora":"23"}{"idmodelo":"7619","nome_modelo":"CRUZE LTZ 1.4 16V Turbo Flex 4p Aut.","montadora_idmontadora":"23"}{"idmodelo":"7689","nome_modelo":"ONIX HATCH ACTIV 1.4 8V Flex 5P Aut.","montadora_idmontadora":"23"}{"idmodelo":"7690","nome_modelo":"ONIX HATCH ACTIV 1.4 8V Flex 5p Mec.","montadora_idmontadora":"23"}{"idmodelo":"7691","nome_modelo":"ONIX HATCH Joy 1.0 8V Flex 5p Mec.","montadora_idmontadora":"23"}{"idmodelo":"7790","nome_modelo":"CAMARO FIFTY 6.2 V8 16V 461cv","montadora_idmontadora":"23"}{"idmodelo":"7791","nome_modelo":"S10 Pick-Up Advantage 2.5 Flex 4x2 CD","montadora_idmontadora":"23"}{"idmodelo":"7792","nome_modelo":"TRACKER LT 1.4 Turbo 16V Flex 4x2 Aut.","montadora_idmontadora":"23"}{"idmodelo":"7793","nome_modelo":"TRACKER LTZ 1.4 Turbo 16V Flex 4x2 Aut.","montadora_idmontadora":"23"}{"idmodelo":"7827","nome_modelo":"CRUZE Sport LT 1.4 16V TB Flex 5p Aut.","montadora_idmontadora":"23"}{"idmodelo":"7828","nome_modelo":"CRUZE Sport LTZ 1.4 16V TB Flex 5p Aut.","montadora_idmontadora":"23"}{"idmodelo":"7953","nome_modelo":"S10 Pick-Up LT 2.5 Flex 4x2 CD Aut.","montadora_idmontadora":"23"}{"idmodelo":"7954","nome_modelo":"S10 Pick-Up LT 2.5 Flex 4x4 CD Aut.","montadora_idmontadora":"23"}{"idmodelo":"7955","nome_modelo":"S10 Pick-Up LTZ 2.5 Flex 4x2 CD Aut.","montadora_idmontadora":"23"}{"idmodelo":"7956","nome_modelo":"S10 Pick-Up LTZ 2.5 Flex 4x4 CD Aut.","montadora_idmontadora":"23"}{"idmodelo":"8080","nome_modelo":"EQUINOX Premier 2.0 Turbo AWD 262cv Aut.","montadora_idmontadora":"23"}{"idmodelo":"8081","nome_modelo":"S10 P.Up 100YEARS 2.8 4x4 CD Dies. Aut.","montadora_idmontadora":"23"}{"idmodelo":"8124","nome_modelo":"TRACKER Premier 1.4 Turbo 16V Flex Aut","montadora_idmontadora":"23"}{"idmodelo":"8150","nome_modelo":"EQUINOX LT 2.0 Turbo 262cv Aut.","montadora_idmontadora":"23"}{"idmodelo":"8239","nome_modelo":"ONIX HATCH ADVANTAGE 1.4 8V Flex 5p Aut.","montadora_idmontadora":"23"}{"idmodelo":"8280","nome_modelo":"S10 Pick-Up Midnight 2.8 4x4 CD Dies Aut","montadora_idmontadora":"23"}