{"idmodelo":"1385","nome_modelo":"Jipe Montez 4x4 CD Teto de Lona Diesel","montadora_idmontadora":"30"}{"idmodelo":"1386","nome_modelo":"Jipe Montez 4x4 CD Teto R\u00edgido Diesel","montadora_idmontadora":"30"}{"idmodelo":"1387","nome_modelo":"Jipe Montez Std 4x4 Teto de Lona Diesel","montadora_idmontadora":"30"}{"idmodelo":"1388","nome_modelo":"Jipe Montez Std 4x4 Teto R\u00edgido Diesel","montadora_idmontadora":"30"}{"idmodelo":"1389","nome_modelo":"Picape Montez 1.9 4x4 Diesel","montadora_idmontadora":"30"}