{"idmodelo":"43","nome_modelo":"100 2.8 V6","montadora_idmontadora":"6"}{"idmodelo":"44","nome_modelo":"100 2.8 V6 Avant","montadora_idmontadora":"6"}{"idmodelo":"45","nome_modelo":"100 S-4 2.2 Avant Turbo","montadora_idmontadora":"6"}{"idmodelo":"46","nome_modelo":"80 2.0","montadora_idmontadora":"6"}{"idmodelo":"47","nome_modelo":"80 2.0 Avant","montadora_idmontadora":"6"}{"idmodelo":"48","nome_modelo":"80 2.6\/ 2.8","montadora_idmontadora":"6"}{"idmodelo":"49","nome_modelo":"80 2.6\/2.8 Avant","montadora_idmontadora":"6"}{"idmodelo":"50","nome_modelo":"80 2.8 Cabriolet","montadora_idmontadora":"6"}{"idmodelo":"51","nome_modelo":"80 S2 Avant","montadora_idmontadora":"6"}{"idmodelo":"52","nome_modelo":"A3 1.6 3p","montadora_idmontadora":"6"}{"idmodelo":"53","nome_modelo":"A3 1.6 3p Aut.","montadora_idmontadora":"6"}{"idmodelo":"54","nome_modelo":"A3 1.6 5p","montadora_idmontadora":"6"}{"idmodelo":"55","nome_modelo":"A3 1.6 5p Aut.","montadora_idmontadora":"6"}{"idmodelo":"56","nome_modelo":"A3 1.8 3p","montadora_idmontadora":"6"}{"idmodelo":"57","nome_modelo":"A3 1.8 3p Aut.","montadora_idmontadora":"6"}{"idmodelo":"58","nome_modelo":"A3 1.8 5p Aut.","montadora_idmontadora":"6"}{"idmodelo":"59","nome_modelo":"A3 1.8 5p Mec.","montadora_idmontadora":"6"}{"idmodelo":"60","nome_modelo":"A3 1.8 Turbo 180cv 3p Aut.\/ Tip.","montadora_idmontadora":"6"}{"idmodelo":"61","nome_modelo":"A3 1.8 Turbo 180cv 3p Mec.","montadora_idmontadora":"6"}{"idmodelo":"62","nome_modelo":"A3 1.8 Turbo 180cv 5p Aut.\/ Tip.","montadora_idmontadora":"6"}{"idmodelo":"63","nome_modelo":"A3 1.8 Turbo 180cv 5p Mec.","montadora_idmontadora":"6"}{"idmodelo":"64","nome_modelo":"A3 1.8 Turbo 3p Aut.","montadora_idmontadora":"6"}{"idmodelo":"65","nome_modelo":"A3 1.8 Turbo 3p Mec.","montadora_idmontadora":"6"}{"idmodelo":"66","nome_modelo":"A3 1.8 Turbo 5p Aut.","montadora_idmontadora":"6"}{"idmodelo":"67","nome_modelo":"A3 1.8 Turbo 5p Mec.","montadora_idmontadora":"6"}{"idmodelo":"68","nome_modelo":"A4 1.8 Aut.","montadora_idmontadora":"6"}{"idmodelo":"69","nome_modelo":"A4 1.8 Mec.","montadora_idmontadora":"6"}{"idmodelo":"70","nome_modelo":"A4 1.8 Avant Aut.","montadora_idmontadora":"6"}{"idmodelo":"71","nome_modelo":"A4 1.8 Avant Mec.","montadora_idmontadora":"6"}{"idmodelo":"72","nome_modelo":"A4 1.8 Avant Turbo Mec.","montadora_idmontadora":"6"}{"idmodelo":"73","nome_modelo":"A4 1.8 Avant Turbo Tip.\/ Multitronic","montadora_idmontadora":"6"}{"idmodelo":"74","nome_modelo":"A4 1.8 Tip.\/ Multitronic Turbo","montadora_idmontadora":"6"}{"idmodelo":"75","nome_modelo":"A4 1.8 Turbo","montadora_idmontadora":"6"}{"idmodelo":"76","nome_modelo":"A4 2.0 20V 130cv Multitronic 4p","montadora_idmontadora":"6"}{"idmodelo":"77","nome_modelo":"A4 2.4 30V Avant Mec.","montadora_idmontadora":"6"}{"idmodelo":"78","nome_modelo":"A4 2.4 30V Avant Tip.\/Multitronic","montadora_idmontadora":"6"}{"idmodelo":"79","nome_modelo":"A4 2.4 30V Mec.","montadora_idmontadora":"6"}{"idmodelo":"80","nome_modelo":"A4 2.4 30V Tip.\/Multitronic","montadora_idmontadora":"6"}{"idmodelo":"81","nome_modelo":"A4 2.4 Avant V6 30V Quattro Mec.","montadora_idmontadora":"6"}{"idmodelo":"82","nome_modelo":"A4 2.4 Avant V6 30V Quattro Tiptronic","montadora_idmontadora":"6"}{"idmodelo":"83","nome_modelo":"A4 2.4 V6 30V Quattro Mec.","montadora_idmontadora":"6"}{"idmodelo":"84","nome_modelo":"A4 2.4 V6 30V Quattro Tiptronic","montadora_idmontadora":"6"}{"idmodelo":"85","nome_modelo":"A4 2.8","montadora_idmontadora":"6"}{"idmodelo":"86","nome_modelo":"A4 2.8 30V Tiptronic\/ Aut.","montadora_idmontadora":"6"}{"idmodelo":"87","nome_modelo":"A4 2.8 30V Mec.","montadora_idmontadora":"6"}{"idmodelo":"88","nome_modelo":"A4 2.8 Avant V6 12V","montadora_idmontadora":"6"}{"idmodelo":"89","nome_modelo":"A4 2.8 Avant V6 30V Mec.","montadora_idmontadora":"6"}{"idmodelo":"90","nome_modelo":"A4 2.8 Avant V6 30V Quattro Mec.","montadora_idmontadora":"6"}{"idmodelo":"91","nome_modelo":"A4 2.8 Avant V6 30V Quattro Tiptronic","montadora_idmontadora":"6"}{"idmodelo":"92","nome_modelo":"A4 2.8 Avant V6 30V Tiptronic","montadora_idmontadora":"6"}{"idmodelo":"93","nome_modelo":"A4 2.8 V6 30V Quattro Tiptronic","montadora_idmontadora":"6"}{"idmodelo":"94","nome_modelo":"A4 2.8 V6 30V Quattro Mec.","montadora_idmontadora":"6"}{"idmodelo":"95","nome_modelo":"A4 3.0 30V 218cv Multitronic 4p","montadora_idmontadora":"6"}{"idmodelo":"96","nome_modelo":"A4 3.0 30V 218cv Quattro Tiptron.\/Aut 4p","montadora_idmontadora":"6"}{"idmodelo":"97","nome_modelo":"A4 3.0 Avant 30V 218cv Multitronic 5p","montadora_idmontadora":"6"}{"idmodelo":"98","nome_modelo":"A4 3.0 Avant 30V 218cv Quattro Tiptronic","montadora_idmontadora":"6"}{"idmodelo":"99","nome_modelo":"A4 3.0 Cabriolet 30V 218cv Multitronic","montadora_idmontadora":"6"}{"idmodelo":"100","nome_modelo":"A6 2.4 30V Mec","montadora_idmontadora":"6"}{"idmodelo":"101","nome_modelo":"A6 2.4 30V Tip.\/Multitronic","montadora_idmontadora":"6"}{"idmodelo":"102","nome_modelo":"A6 2.4 Avant 30V Mec.","montadora_idmontadora":"6"}{"idmodelo":"103","nome_modelo":"A6 2.4 Avant 30V Tip.\/ Multitronic","montadora_idmontadora":"6"}{"idmodelo":"104","nome_modelo":"A6 2.4 Avant V6 30V Quattro Mec.","montadora_idmontadora":"6"}{"idmodelo":"105","nome_modelo":"A6 2.4 Avant V6 30V Quattro Tiptronic","montadora_idmontadora":"6"}{"idmodelo":"106","nome_modelo":"A6 2.4 V6 30V Quattro Mec","montadora_idmontadora":"6"}{"idmodelo":"107","nome_modelo":"A6 2.4 V6 30V Quattro Tiptronic","montadora_idmontadora":"6"}{"idmodelo":"108","nome_modelo":"A6 2.7 30V Avant Tiptronic","montadora_idmontadora":"6"}{"idmodelo":"109","nome_modelo":"A6 2.7 30V Mec.","montadora_idmontadora":"6"}{"idmodelo":"110","nome_modelo":"A6 2.7 Avant Quattro Tiptronic","montadora_idmontadora":"6"}{"idmodelo":"111","nome_modelo":"A6 2.7 Quattro Tiptronic","montadora_idmontadora":"6"}{"idmodelo":"112","nome_modelo":"A6 2.8","montadora_idmontadora":"6"}{"idmodelo":"113","nome_modelo":"A6 2.8 30V Mec.","montadora_idmontadora":"6"}{"idmodelo":"114","nome_modelo":"A6 2.8 30V Tiptronic","montadora_idmontadora":"6"}{"idmodelo":"115","nome_modelo":"A6 2.8 Avant","montadora_idmontadora":"6"}{"idmodelo":"116","nome_modelo":"A6 2.8 Avant 30V Mec.","montadora_idmontadora":"6"}{"idmodelo":"117","nome_modelo":"A6 2.8 Avant 30V Tiptronic","montadora_idmontadora":"6"}{"idmodelo":"118","nome_modelo":"A6 2.8 Avant V6 30V Quattro Mec.","montadora_idmontadora":"6"}{"idmodelo":"119","nome_modelo":"A6 2.8 Avant V6 30V Quattro Tiptronic","montadora_idmontadora":"6"}{"idmodelo":"120","nome_modelo":"A6 2.8 V6 30V Quattro Mec.","montadora_idmontadora":"6"}{"idmodelo":"121","nome_modelo":"A6 2.8 V6 30V Quattro Tiptronic","montadora_idmontadora":"6"}{"idmodelo":"122","nome_modelo":"A6 3.0 Avant V6 30V 218cv Multitronic 5p","montadora_idmontadora":"6"}{"idmodelo":"123","nome_modelo":"A6 3.0 V6 30V 218cv Multitronic 4p","montadora_idmontadora":"6"}{"idmodelo":"124","nome_modelo":"A6 4.2 Avant Quattro Tiptronic","montadora_idmontadora":"6"}{"idmodelo":"125","nome_modelo":"A6 4.2 Quattro Tiptronic","montadora_idmontadora":"6"}{"idmodelo":"126","nome_modelo":"A8 4.2 Quattro Tiptronic","montadora_idmontadora":"6"}{"idmodelo":"127","nome_modelo":"A8 4.2 V8 32V Tiptronic","montadora_idmontadora":"6"}{"idmodelo":"128","nome_modelo":"Allroad 2.7 30V Quattro Turbo Tiptronic","montadora_idmontadora":"6"}{"idmodelo":"129","nome_modelo":"Avant RS2","montadora_idmontadora":"6"}{"idmodelo":"130","nome_modelo":"RS4 2.7 Avant V6 30V BI-TB Quattro 380cv","montadora_idmontadora":"6"}{"idmodelo":"131","nome_modelo":"RS6 4.2 450cv BI-TB Quattro Tiptronic 4p","montadora_idmontadora":"6"}{"idmodelo":"132","nome_modelo":"RS6 4.2 Avant BI-TB Quattro Tiptron. 5p","montadora_idmontadora":"6"}{"idmodelo":"133","nome_modelo":"S3 1.8 225cv Turbo Quattro","montadora_idmontadora":"6"}{"idmodelo":"134","nome_modelo":"S4 2.7 Avant Turbo Quattro","montadora_idmontadora":"6"}{"idmodelo":"135","nome_modelo":"S4 2.7 Turbo Quattro Mec.","montadora_idmontadora":"6"}{"idmodelo":"136","nome_modelo":"S4 4.2 Avant V8 40V 344cv Quattro Tipt.","montadora_idmontadora":"6"}{"idmodelo":"137","nome_modelo":"S4 4.2 V8 40V 344cv Quattro Tiptronic","montadora_idmontadora":"6"}{"idmodelo":"138","nome_modelo":"S6 2.2 20V TB","montadora_idmontadora":"6"}{"idmodelo":"139","nome_modelo":"S6 2.2 Avant 20V TB","montadora_idmontadora":"6"}{"idmodelo":"140","nome_modelo":"S6 4.2 Avant V8 40V Quattro Tiptronic","montadora_idmontadora":"6"}{"idmodelo":"141","nome_modelo":"S6 4.2 V8 40V Quattro Mec","montadora_idmontadora":"6"}{"idmodelo":"142","nome_modelo":"S6 4.2 V8 40V Quattro Tiptronic","montadora_idmontadora":"6"}{"idmodelo":"143","nome_modelo":"S6 Plus 4.2 Avant V8 32V","montadora_idmontadora":"6"}{"idmodelo":"144","nome_modelo":"S6 Plus 4.2 V8 32V","montadora_idmontadora":"6"}{"idmodelo":"145","nome_modelo":"S8 4.2 Mec","montadora_idmontadora":"6"}{"idmodelo":"146","nome_modelo":"S8 4.2 Quattro Mec.","montadora_idmontadora":"6"}{"idmodelo":"147","nome_modelo":"S8 4.2 Quattro Tiptronic","montadora_idmontadora":"6"}{"idmodelo":"148","nome_modelo":"S8 4.2 Tiptronic","montadora_idmontadora":"6"}{"idmodelo":"149","nome_modelo":"TT 1.8 TB 180cv","montadora_idmontadora":"6"}{"idmodelo":"150","nome_modelo":"TT 1.8 TB Quattro 225cv","montadora_idmontadora":"6"}{"idmodelo":"151","nome_modelo":"TT Roadster 1.8 TB Quattro 225cv (Conv.)","montadora_idmontadora":"6"}{"idmodelo":"3928","nome_modelo":"A8 6.0 W12 48V 450cv Quattro Tiptronic","montadora_idmontadora":"6"}{"idmodelo":"4154","nome_modelo":"A3 1.6 8V 102cv 3p","montadora_idmontadora":"6"}{"idmodelo":"4155","nome_modelo":"A3 Sportback 1.6 8V 102cv 5p","montadora_idmontadora":"6"}{"idmodelo":"4156","nome_modelo":"A3 Sportback 2.0 16V TFSI Mec.","montadora_idmontadora":"6"}{"idmodelo":"4157","nome_modelo":"A3 Sportback 2.0 16V TFSI S-Tronic","montadora_idmontadora":"6"}{"idmodelo":"4182","nome_modelo":"A4 2.0 16V TFSI 200\/ 214cv Multitronic","montadora_idmontadora":"6"}{"idmodelo":"4183","nome_modelo":"A4 2.0 Avant TFSI 200\/214cv Multitron.","montadora_idmontadora":"6"}{"idmodelo":"4184","nome_modelo":"Q7 4.2 V8 40V 350cv Quattro Tiptronic","montadora_idmontadora":"6"}{"idmodelo":"4286","nome_modelo":"A4 3.2 FSI 24V 255cv Multitronic","montadora_idmontadora":"6"}{"idmodelo":"4287","nome_modelo":"A4 3.2 FSI Avant 24V 255cv Multitronic","montadora_idmontadora":"6"}{"idmodelo":"4288","nome_modelo":"A4 3.2 FSI Cabriolet 24V 255cv Multitron","montadora_idmontadora":"6"}{"idmodelo":"4330","nome_modelo":"TT 2.0 16v TFSI S-Tronic","montadora_idmontadora":"6"}{"idmodelo":"4431","nome_modelo":"TT Roadster 2.0 16v TFSI S-Tronic","montadora_idmontadora":"6"}{"idmodelo":"4526","nome_modelo":"A6 3.2 FSI 24V 255cv Multitronic","montadora_idmontadora":"6"}{"idmodelo":"4694","nome_modelo":"Q7 3.6 V6 284cv Quattro Tiptronic","montadora_idmontadora":"6"}{"idmodelo":"4731","nome_modelo":"A4 3.2 FSI 24V 269cv Quattro Tiptronic","montadora_idmontadora":"6"}{"idmodelo":"4798","nome_modelo":"A5 3.2 FSI 24V 269cv Multitronic","montadora_idmontadora":"6"}{"idmodelo":"4843","nome_modelo":"A4 2.0 16V TFSI 183\/180cv Multitronic","montadora_idmontadora":"6"}{"idmodelo":"4844","nome_modelo":"A4 2.0 Avant TFSI 183\/180cv Multitroni","montadora_idmontadora":"6"}{"idmodelo":"4935","nome_modelo":"A4 3.2 FSI Avant 24V Quattro S Tronic","montadora_idmontadora":"6"}{"idmodelo":"4936","nome_modelo":"Q5 2.0 16V TFSI Quattro S Tronic","montadora_idmontadora":"6"}{"idmodelo":"4958","nome_modelo":"A6 3.0 TB FSI V6 Quattro Tiptronic","montadora_idmontadora":"6"}{"idmodelo":"4959","nome_modelo":"Q5 3.2 FSI V6 Quattro S Tronic","montadora_idmontadora":"6"}{"idmodelo":"5125","nome_modelo":"A3 Sport 2.0 16V TFSI S Tronic","montadora_idmontadora":"6"}{"idmodelo":"5126","nome_modelo":"A5 3.2 FSI V6 24V 269cv Quattro Tiptroni","montadora_idmontadora":"6"}{"idmodelo":"5127","nome_modelo":"S3 Sportback 2.0 TFSI Quattro S Tronic","montadora_idmontadora":"6"}{"idmodelo":"5128","nome_modelo":"TTS 2.0 TFSI QUATTRO S Tronic","montadora_idmontadora":"6"}{"idmodelo":"5129","nome_modelo":"TTS Roadster 2.0 TB FSI Quattro S Tronic","montadora_idmontadora":"6"}{"idmodelo":"5186","nome_modelo":"S6 5.2 Avant FSI V10 435cv Quattro Tiptr","montadora_idmontadora":"6"}{"idmodelo":"5187","nome_modelo":"S6 5.2 FSI V10 435cv Quattro Tiptronic","montadora_idmontadora":"6"}{"idmodelo":"5234","nome_modelo":"A5 Sportback 2.0 16V TFSI 211cv Multi.","montadora_idmontadora":"6"}{"idmodelo":"5235","nome_modelo":"R8 4.2 V8 426cv Quattro R-tronic","montadora_idmontadora":"6"}{"idmodelo":"5236","nome_modelo":"R8 5.2 V10 Quattro R-tronic\/S-tronic","montadora_idmontadora":"6"}{"idmodelo":"5335","nome_modelo":"RS6 5.0 Avant.FSI V10 Bi-TB Quattro Tip.","montadora_idmontadora":"6"}{"idmodelo":"5336","nome_modelo":"RS6 5.0 FSI V10 Bi-TB Quattro Tip.","montadora_idmontadora":"6"}{"idmodelo":"5374","nome_modelo":"A6 3.0 Avant. TB FSI V6 Quattro Tip. 5p","montadora_idmontadora":"6"}{"idmodelo":"5410","nome_modelo":"RS5 4.2 FSI V8 450cv Quattro S-Tron. 2p","montadora_idmontadora":"6"}{"idmodelo":"5445","nome_modelo":"Q7 3.0 V6 TFSI 333cv Quattro Tip. 5p","montadora_idmontadora":"6"}{"idmodelo":"5496","nome_modelo":"A1 1.4 TFSI 122cv S-tronic 3p","montadora_idmontadora":"6"}{"idmodelo":"5549","nome_modelo":"A7 Sportback 3.0 TFSI Quattro S Tronic","montadora_idmontadora":"6"}{"idmodelo":"5550","nome_modelo":"R8 Spyder 5.2 Quattro R-tronic\/S-tronic","montadora_idmontadora":"6"}{"idmodelo":"5717","nome_modelo":"A8 6.3 W12 48V Quattro Tiptronic","montadora_idmontadora":"6"}{"idmodelo":"5922","nome_modelo":"RS3 Sportback 2.5 TFSI Quattro S-tronic","montadora_idmontadora":"6"}{"idmodelo":"5974","nome_modelo":"R8 GT 5.2 V10 560cv Quattro R-tronic","montadora_idmontadora":"6"}{"idmodelo":"6043","nome_modelo":"A5 Sportback 2.0 16V TFSI 180cv Multi.","montadora_idmontadora":"6"}{"idmodelo":"6044","nome_modelo":"Q3 2.0 TFSI Quat. 170\/180cv S-tronic 5p","montadora_idmontadora":"6"}{"idmodelo":"6045","nome_modelo":"Q3 2.0 TFSI Quat. 211\/220cv S-tronic 5p","montadora_idmontadora":"6"}{"idmodelo":"6082","nome_modelo":"A5 Cabriolet 2.0 TFSI Quattro Stronic","montadora_idmontadora":"6"}{"idmodelo":"6083","nome_modelo":"A5 Coup\u00ea 2.0 TFSI Quattro Stronic","montadora_idmontadora":"6"}{"idmodelo":"6084","nome_modelo":"A5 Sportb. 2.0 16V TFSI Quat. S-tronic","montadora_idmontadora":"6"}{"idmodelo":"6085","nome_modelo":"S4 3.0 Avant TFSI V6 24V Quattro Stronic","montadora_idmontadora":"6"}{"idmodelo":"6086","nome_modelo":"S4 3.0 TFSI V6 24V Quattro Stronic","montadora_idmontadora":"6"}{"idmodelo":"6087","nome_modelo":"S5 Cabriolet 3.0 TFSI Quattro Stronic","montadora_idmontadora":"6"}{"idmodelo":"6088","nome_modelo":"S5 Coup\u00ea 3.0 TFSI Quattro Stronic","montadora_idmontadora":"6"}{"idmodelo":"6089","nome_modelo":"S5 Sportback 3.0 TFSI Quattro Stronic","montadora_idmontadora":"6"}{"idmodelo":"6143","nome_modelo":"A1 Sport 1.4 TFSI 185cv 3p S-tronic","montadora_idmontadora":"6"}{"idmodelo":"6144","nome_modelo":"A4 2.0 16V TFSI Quattro Stronic","montadora_idmontadora":"6"}{"idmodelo":"6145","nome_modelo":"A4 2.0 Avant 16V TFSI Quattro Stronic","montadora_idmontadora":"6"}{"idmodelo":"6200","nome_modelo":"A1 Sportback 1.4 TFSI 5p S-tronic","montadora_idmontadora":"6"}{"idmodelo":"6201","nome_modelo":"A1 Sportback 1.4 TFSI 185cv 5p S-tronic","montadora_idmontadora":"6"}{"idmodelo":"6258","nome_modelo":"TTRS 2.5 TFSI QUATTRO S Tronic","montadora_idmontadora":"6"}{"idmodelo":"6259","nome_modelo":"TTRS Roadster 2.5 TB FSI Quat. S Tronic","montadora_idmontadora":"6"}{"idmodelo":"6293","nome_modelo":"A1 2.0 TFSI Quattro 256cv 3p","montadora_idmontadora":"6"}{"idmodelo":"6413","nome_modelo":"A6 3.0 Avant.TFSI V6 Quattro S tronic 5p","montadora_idmontadora":"6"}{"idmodelo":"6414","nome_modelo":"A6 3.0 TFSI V6 Quattro S tronic 4p","montadora_idmontadora":"6"}{"idmodelo":"6461","nome_modelo":"A3 Sport 1.8 16V TFSI S-Tronic 3p","montadora_idmontadora":"6"}{"idmodelo":"6462","nome_modelo":"A6 Allroad 3.0 TFSI V6 Quattro S tronic","montadora_idmontadora":"6"}{"idmodelo":"6486","nome_modelo":"Q5 3.0 V6 TFSI 272cv Quattro Tiptronic","montadora_idmontadora":"6"}{"idmodelo":"6487","nome_modelo":"RS4 4.2 Avant 32V FSI Quattro S-tronic","montadora_idmontadora":"6"}{"idmodelo":"6510","nome_modelo":"A3 Sportback 1.4 TFSI S-Tronic","montadora_idmontadora":"6"}{"idmodelo":"6511","nome_modelo":"A3 Sportback 1.8 16V TFSI S-Tronic 5p","montadora_idmontadora":"6"}{"idmodelo":"6573","nome_modelo":"Q5 2.0 16V TFSI 225cv Quattro Tiptronic","montadora_idmontadora":"6"}{"idmodelo":"6631","nome_modelo":"A8 4.0 TFSI Quattro Tiptronic","montadora_idmontadora":"6"}{"idmodelo":"6632","nome_modelo":"S7 4.0 TFSI 420\/450cv Quattro S-tronic","montadora_idmontadora":"6"}{"idmodelo":"6689","nome_modelo":"A3 Sed.1.8\/1.8 Ambit.16V TB FSI S-tronic","montadora_idmontadora":"6"}{"idmodelo":"6690","nome_modelo":"RS6 4.0 Avant TFSI BI-TB Quattro Tip. 5p","montadora_idmontadora":"6"}{"idmodelo":"6768","nome_modelo":"A3 Sedan 1.4\/ Attra. 16V TB FSI S-tronic","montadora_idmontadora":"6"}{"idmodelo":"6769","nome_modelo":"S Q5 3.0 V6 TFSI 354cv Quattro Tiptronic","montadora_idmontadora":"6"}{"idmodelo":"6865","nome_modelo":"RS Q3 2.5 TFSI Quattro S-tronic 5p","montadora_idmontadora":"6"}{"idmodelo":"6883","nome_modelo":"RS7 Sportback 4.0 TFSI Quattro Tiptronic","montadora_idmontadora":"6"}{"idmodelo":"6950","nome_modelo":"A3 Cabriolet 1.8 16V TFSI 180cv S-tronic","montadora_idmontadora":"6"}{"idmodelo":"6951","nome_modelo":"S3 Sedan 2.0 TFSI Quattro 286cv S-tronic","montadora_idmontadora":"6"}{"idmodelo":"7022","nome_modelo":"A5 Sportback 1.8 TFSI 170cv Multi.","montadora_idmontadora":"6"}{"idmodelo":"7127","nome_modelo":"A8 3.0 TFSI 310cv Quattro Tiptronic 4p","montadora_idmontadora":"6"}{"idmodelo":"7128","nome_modelo":"S8 4.0 TFSI Quattro Tiptronic 4p","montadora_idmontadora":"6"}{"idmodelo":"7254","nome_modelo":"A6 2.0 TFSI 252cv S tronic 4p","montadora_idmontadora":"6"}{"idmodelo":"7255","nome_modelo":"Q3 1.4 TFSI\/TFSI Flex S-tronic 5p","montadora_idmontadora":"6"}{"idmodelo":"7302","nome_modelo":"S6 4.0 TFSI Quattro S-Tronic 4p","montadora_idmontadora":"6"}{"idmodelo":"7391","nome_modelo":"A3 Sedan 1.4 TFSI Flex Tiptronic 4p","montadora_idmontadora":"6"}{"idmodelo":"7418","nome_modelo":"A1 Sportback 1.8 TFSI 192cv 5p S-tronic","montadora_idmontadora":"6"}{"idmodelo":"7419","nome_modelo":"A3 Sed. Ambition 2.0 TSFI 220cv S-tronic","montadora_idmontadora":"6"}{"idmodelo":"7447","nome_modelo":"A7 Sportback 2.0 TFSI S Tronic","montadora_idmontadora":"6"}{"idmodelo":"7537","nome_modelo":"A4 Launch Edition 2.0 TFSI 190cv S troni","montadora_idmontadora":"6"}{"idmodelo":"7656","nome_modelo":"A4 Attraction 2.0 TFSI 190cv S tronic","montadora_idmontadora":"6"}{"idmodelo":"7717","nome_modelo":"A4 Ambiente 2.0 TFSI 190cv S tronic","montadora_idmontadora":"6"}{"idmodelo":"7727","nome_modelo":"A1 Sport. S Edition 1.4 TFSI 5p S-tronic","montadora_idmontadora":"6"}{"idmodelo":"7750","nome_modelo":"A4 2.0 Avant Ambie. 2.0 16V TFSi S tron.","montadora_idmontadora":"6"}{"idmodelo":"7894","nome_modelo":"A4 Ambition 2.0 TFSI Quattro S tronic","montadora_idmontadora":"6"}{"idmodelo":"7917","nome_modelo":"Q7 3.0 V6 TDI Quattro Tip. 5p Diesel","montadora_idmontadora":"6"}{"idmodelo":"7999","nome_modelo":"A5 Ambiente Sportb. 2.0 TFSI S tonic","montadora_idmontadora":"6"}{"idmodelo":"8000","nome_modelo":"A5 Ambit. Plus Sport. 2.0 TFSI S tronic","montadora_idmontadora":"6"}{"idmodelo":"8001","nome_modelo":"A5 Ambit. Sport. 2.0 TFSI S tronic","montadora_idmontadora":"6"}{"idmodelo":"8002","nome_modelo":"A5 Attraction Sportb. 2.0 TFSI S tronic","montadora_idmontadora":"6"}{"idmodelo":"8036","nome_modelo":"Q5 Ambiente 2.0 TFSI Quattro S tronic","montadora_idmontadora":"6"}{"idmodelo":"8037","nome_modelo":"Q5 Ambition 2.0 TFSI Quattro S tronic","montadora_idmontadora":"6"}{"idmodelo":"8038","nome_modelo":"Q5 Attraction 2.0 TFSI Quattro S tronic","montadora_idmontadora":"6"}{"idmodelo":"8175","nome_modelo":"RS3 Sedan 2.5 TFSI Quattro S-tronic","montadora_idmontadora":"6"}{"idmodelo":"8227","nome_modelo":"A3 Cabriolet Ambition 2.0 TFSI S-tronic","montadora_idmontadora":"6"}{"idmodelo":"8228","nome_modelo":"A4 Avant Lim. Ed. 2.0 TFSI S tronic","montadora_idmontadora":"6"}{"idmodelo":"8229","nome_modelo":"A4 Limited Edition 2.0 TFSI S tronic","montadora_idmontadora":"6"}{"idmodelo":"8230","nome_modelo":"Q3 Black Ed. 1.4 TFSI Flex S-tronic 5p","montadora_idmontadora":"6"}{"idmodelo":"8231","nome_modelo":"Q5 2.0 TFSI Quattro S tronic (Blindado)","montadora_idmontadora":"6"}