{"idmodelo":"1834","nome_modelo":"106 KID 1.0","montadora_idmontadora":"44"}{"idmodelo":"1835","nome_modelo":"106 Passion 1.0 3p","montadora_idmontadora":"44"}{"idmodelo":"1836","nome_modelo":"106 Passion 1.0 5p","montadora_idmontadora":"44"}{"idmodelo":"1837","nome_modelo":"106 Quiksilver 1.0 3p","montadora_idmontadora":"44"}{"idmodelo":"1838","nome_modelo":"106 Selection 1.0 3p","montadora_idmontadora":"44"}{"idmodelo":"1839","nome_modelo":"106 Selection 1.0 5p","montadora_idmontadora":"44"}{"idmodelo":"1840","nome_modelo":"106 Soleil 1.0 3p","montadora_idmontadora":"44"}{"idmodelo":"1841","nome_modelo":"106 Soleil 1.0 5p","montadora_idmontadora":"44"}{"idmodelo":"1842","nome_modelo":"106 XN 3p e 5p","montadora_idmontadora":"44"}{"idmodelo":"1843","nome_modelo":"106 XT","montadora_idmontadora":"44"}{"idmodelo":"1844","nome_modelo":"205 CJ Cabriolet","montadora_idmontadora":"44"}{"idmodelo":"1845","nome_modelo":"205 CTi Cabriolet 1.4","montadora_idmontadora":"44"}{"idmodelo":"1846","nome_modelo":"205 GTi 1.4","montadora_idmontadora":"44"}{"idmodelo":"1847","nome_modelo":"205 XSi\/ Junior 1.4 3p","montadora_idmontadora":"44"}{"idmodelo":"1848","nome_modelo":"206 CC 1.6 16V 2p","montadora_idmontadora":"44"}{"idmodelo":"1849","nome_modelo":"206 Feline 1.4\/ 1.4 Flex 8V 5p","montadora_idmontadora":"44"}{"idmodelo":"1850","nome_modelo":"206 Holiday 1.4 8V 75cv 3p","montadora_idmontadora":"44"}{"idmodelo":"1851","nome_modelo":"206 Holiday 1.4 8V 75cv 5p","montadora_idmontadora":"44"}{"idmodelo":"1852","nome_modelo":"206 Holiday 1.6 Flex 16V 3p","montadora_idmontadora":"44"}{"idmodelo":"1853","nome_modelo":"206 Holiday 1.6 Flex 16V 5p","montadora_idmontadora":"44"}{"idmodelo":"1854","nome_modelo":"206 Passion 1.6","montadora_idmontadora":"44"}{"idmodelo":"1855","nome_modelo":"206 Passion 1.6 16v 110cv 5p","montadora_idmontadora":"44"}{"idmodelo":"1856","nome_modelo":"206 Presence 1.4\/ 1.4 Flex 8V 3p","montadora_idmontadora":"44"}{"idmodelo":"1857","nome_modelo":"206 Presence 1.4\/ 1.4 Flex 8V 5p","montadora_idmontadora":"44"}{"idmodelo":"1858","nome_modelo":"206 Rallye 1.6","montadora_idmontadora":"44"}{"idmodelo":"1859","nome_modelo":"206 Rallye 1.6\/ 1.6 Flex 16v 110cv 3p","montadora_idmontadora":"44"}{"idmodelo":"1860","nome_modelo":"206 Select.\/Presence 1.6\/1.6 Flex 16V 5p","montadora_idmontadora":"44"}{"idmodelo":"1861","nome_modelo":"206 Selection 1.6 16V 110cv 3p","montadora_idmontadora":"44"}{"idmodelo":"1862","nome_modelo":"206 Selection\/ Sensation 1.0 16v 3p","montadora_idmontadora":"44"}{"idmodelo":"1863","nome_modelo":"206 Selection\/ Sensation 1.0 16v 5p","montadora_idmontadora":"44"}{"idmodelo":"1864","nome_modelo":"206 Soleil 1.0 16v 5p","montadora_idmontadora":"44"}{"idmodelo":"1865","nome_modelo":"206 Soleil 1.6 16v 110cv 5p","montadora_idmontadora":"44"}{"idmodelo":"1866","nome_modelo":"206 Soleil 1.6 3p","montadora_idmontadora":"44"}{"idmodelo":"1867","nome_modelo":"206 Soleil 1.6 5p","montadora_idmontadora":"44"}{"idmodelo":"1868","nome_modelo":"206 Soleil\/Quiksilver 1.0 16V 3p","montadora_idmontadora":"44"}{"idmodelo":"1869","nome_modelo":"206 Soleil\/Quiksilver 1.6 16V 110cv 3p","montadora_idmontadora":"44"}{"idmodelo":"1870","nome_modelo":"206 SW Feline 1.6\/ 1.6 Flex 16V 5p","montadora_idmontadora":"44"}{"idmodelo":"1871","nome_modelo":"206 SW Presence 1.4\/ 1.4 Flex 8V 5p","montadora_idmontadora":"44"}{"idmodelo":"1872","nome_modelo":"206 SW Presence 1.6\/1.6 Flex 16V 5p","montadora_idmontadora":"44"}{"idmodelo":"1873","nome_modelo":"206 Techno 1.0 16V 70cv 5p","montadora_idmontadora":"44"}{"idmodelo":"1874","nome_modelo":"206 Techno\/ Feline 1.6\/ 1.6 Flex 16V 5p","montadora_idmontadora":"44"}{"idmodelo":"1875","nome_modelo":"306 Break Passion 1.8 16V","montadora_idmontadora":"44"}{"idmodelo":"1876","nome_modelo":"306 Cabriolet 1.8\/ Mi 16V","montadora_idmontadora":"44"}{"idmodelo":"1877","nome_modelo":"306 Cabriolet 2.0","montadora_idmontadora":"44"}{"idmodelo":"1878","nome_modelo":"306 GTi 2.0 16V","montadora_idmontadora":"44"}{"idmodelo":"1879","nome_modelo":"306 Passion 1.8 16V","montadora_idmontadora":"44"}{"idmodelo":"1880","nome_modelo":"306 Passion Sedan 1.8 16V","montadora_idmontadora":"44"}{"idmodelo":"1881","nome_modelo":"306 Rallye 1.8 16V","montadora_idmontadora":"44"}{"idmodelo":"1882","nome_modelo":"306 S16 2.0 3p","montadora_idmontadora":"44"}{"idmodelo":"1883","nome_modelo":"306 Selection Hatch 1.8 16V","montadora_idmontadora":"44"}{"idmodelo":"1884","nome_modelo":"306 Selection Sedan 1.8 16V","montadora_idmontadora":"44"}{"idmodelo":"1885","nome_modelo":"306 Si\/ SL 1.8","montadora_idmontadora":"44"}{"idmodelo":"1886","nome_modelo":"306 Soleil 1.8 16V 4p","montadora_idmontadora":"44"}{"idmodelo":"1887","nome_modelo":"306 Soleil 1.8 16V 2p","montadora_idmontadora":"44"}{"idmodelo":"1888","nome_modelo":"306 Soleil Break 1.8 16V 5p","montadora_idmontadora":"44"}{"idmodelo":"1889","nome_modelo":"306 Soleil Hatch 1.8 16V 5p","montadora_idmontadora":"44"}{"idmodelo":"1890","nome_modelo":"306 SR","montadora_idmontadora":"44"}{"idmodelo":"1891","nome_modelo":"306 XN 1.8","montadora_idmontadora":"44"}{"idmodelo":"1892","nome_modelo":"306 XR 1.8 \/ XR Break 1.8 16V","montadora_idmontadora":"44"}{"idmodelo":"1893","nome_modelo":"306 XS 1.6 3p\/ ST 1.8i 4p","montadora_idmontadora":"44"}{"idmodelo":"1894","nome_modelo":"306 XSi 2.0 3\/5p","montadora_idmontadora":"44"}{"idmodelo":"1895","nome_modelo":"307 CC 2.0 16V 2p Aut.","montadora_idmontadora":"44"}{"idmodelo":"1896","nome_modelo":"307 CC 2.0 16V 138cv 2p Mec.","montadora_idmontadora":"44"}{"idmodelo":"1897","nome_modelo":"307 Feline\/Griff\/Premi. 2.0 Flex 5p Aut.","montadora_idmontadora":"44"}{"idmodelo":"1898","nome_modelo":"307 Feline 2.0\/2.0 Flex 16V 5p Mec.","montadora_idmontadora":"44"}{"idmodelo":"1899","nome_modelo":"307 Passion 1.6 16V 110cv 5p","montadora_idmontadora":"44"}{"idmodelo":"1900","nome_modelo":"307 Rallye 1.6 16V 110cv 5p","montadora_idmontadora":"44"}{"idmodelo":"1901","nome_modelo":"307 Rallye 2.0 16V 138cv 5p","montadora_idmontadora":"44"}{"idmodelo":"1902","nome_modelo":"307 Rallye 2.0 16V 138cv 5p Aut.","montadora_idmontadora":"44"}{"idmodelo":"1903","nome_modelo":"307 Soleil\/ Presence 1.6\/1.6 Flex 16V 5p","montadora_idmontadora":"44"}{"idmodelo":"1904","nome_modelo":"307 SW 2.0 16V 5p Aut.","montadora_idmontadora":"44"}{"idmodelo":"1905","nome_modelo":"307 SW 2.0 16V 138cv 5p Mec.","montadora_idmontadora":"44"}{"idmodelo":"1906","nome_modelo":"405 GLi\/ GL 1.6","montadora_idmontadora":"44"}{"idmodelo":"1907","nome_modelo":"405 GRi 1.8","montadora_idmontadora":"44"}{"idmodelo":"1908","nome_modelo":"405 Mi 2.0 16V","montadora_idmontadora":"44"}{"idmodelo":"1909","nome_modelo":"405 SRi 1.8","montadora_idmontadora":"44"}{"idmodelo":"1910","nome_modelo":"405 SRi 2.0","montadora_idmontadora":"44"}{"idmodelo":"1911","nome_modelo":"405 SRi Break","montadora_idmontadora":"44"}{"idmodelo":"1912","nome_modelo":"405 STi","montadora_idmontadora":"44"}{"idmodelo":"1913","nome_modelo":"406 Break 2.0 16V","montadora_idmontadora":"44"}{"idmodelo":"1914","nome_modelo":"406 Break 3.0 V6 24V","montadora_idmontadora":"44"}{"idmodelo":"1915","nome_modelo":"406 Break ST 2.0","montadora_idmontadora":"44"}{"idmodelo":"1916","nome_modelo":"406 Cup\u00ea 3.0 24V Aut.","montadora_idmontadora":"44"}{"idmodelo":"1917","nome_modelo":"406 Cup\u00ea 3.0 24V Mec.","montadora_idmontadora":"44"}{"idmodelo":"1918","nome_modelo":"406 Familiale 2.0 16V Aut.","montadora_idmontadora":"44"}{"idmodelo":"1919","nome_modelo":"406 Familiale 2.0 16V Mec.","montadora_idmontadora":"44"}{"idmodelo":"1920","nome_modelo":"406 Sedan 2.0 Aut.","montadora_idmontadora":"44"}{"idmodelo":"1921","nome_modelo":"406 Sedan 2.0 Mec.","montadora_idmontadora":"44"}{"idmodelo":"1922","nome_modelo":"406 Sedan 3.0 V6 24V","montadora_idmontadora":"44"}{"idmodelo":"1923","nome_modelo":"406 ST 2.0 16V Mec","montadora_idmontadora":"44"}{"idmodelo":"1924","nome_modelo":"406 ST\/ SVA 2.0 16V Aut","montadora_idmontadora":"44"}{"idmodelo":"1925","nome_modelo":"406 SV 2.0 16V","montadora_idmontadora":"44"}{"idmodelo":"1926","nome_modelo":"406 SVA 3.0 24V","montadora_idmontadora":"44"}{"idmodelo":"1927","nome_modelo":"406 SVE 3.0 24V","montadora_idmontadora":"44"}{"idmodelo":"1928","nome_modelo":"407 Sedan 2.0 16V 138cv 4p Aut.","montadora_idmontadora":"44"}{"idmodelo":"1929","nome_modelo":"407 Sedan 3.0 V6 211cv 4p Aut.","montadora_idmontadora":"44"}{"idmodelo":"1930","nome_modelo":"407 SW 2.0 16V 5p Aut.","montadora_idmontadora":"44"}{"idmodelo":"1931","nome_modelo":"407 SW 3.0 V6 211cv 5p Aut.","montadora_idmontadora":"44"}{"idmodelo":"1932","nome_modelo":"504 GD 2.3 Diesel","montadora_idmontadora":"44"}{"idmodelo":"1933","nome_modelo":"504 GRD 2.3 Diesel","montadora_idmontadora":"44"}{"idmodelo":"1934","nome_modelo":"505 SR\/ SRi\/ SRX","montadora_idmontadora":"44"}{"idmodelo":"1935","nome_modelo":"605 SRi 3.0","montadora_idmontadora":"44"}{"idmodelo":"1936","nome_modelo":"605 SRi\/ SLi 2.0","montadora_idmontadora":"44"}{"idmodelo":"1937","nome_modelo":"605 SV 3.0 Aut.","montadora_idmontadora":"44"}{"idmodelo":"1938","nome_modelo":"605 SV-3 3.0 V6 24V","montadora_idmontadora":"44"}{"idmodelo":"1939","nome_modelo":"607 Sedan 3.0 V6","montadora_idmontadora":"44"}{"idmodelo":"1940","nome_modelo":"806 ST Turbo","montadora_idmontadora":"44"}{"idmodelo":"1941","nome_modelo":"806 SV 2.0 Turbo","montadora_idmontadora":"44"}{"idmodelo":"1942","nome_modelo":"807 2.0 16V 138cv 5p Aut.","montadora_idmontadora":"44"}{"idmodelo":"1943","nome_modelo":"Boxer 2.5 Diesel","montadora_idmontadora":"44"}{"idmodelo":"1944","nome_modelo":"Boxer 2.8 10Lug. Diesel","montadora_idmontadora":"44"}{"idmodelo":"1945","nome_modelo":"Boxer 2.8 Van Diesel\/TB Diesel 15L\/16L","montadora_idmontadora":"44"}{"idmodelo":"1946","nome_modelo":"Boxer 2.8 Furg\u00e3o Dies\/ TB Dies.curto\/m\u00e9d","montadora_idmontadora":"44"}{"idmodelo":"1947","nome_modelo":"Boxer 2.8 Furg. TB Dies. M\u00e9d\/LongoT.Alto","montadora_idmontadora":"44"}{"idmodelo":"1948","nome_modelo":"Partner Furg\u00e3o 1.6 16V\/ 1.6 16V Flex 3p","montadora_idmontadora":"44"}{"idmodelo":"1949","nome_modelo":"Partner Furg\u00e3o 1.8 3p","montadora_idmontadora":"44"}{"idmodelo":"3900","nome_modelo":"206 Sensation 1.4 Flex 8V 3p","montadora_idmontadora":"44"}{"idmodelo":"3901","nome_modelo":"206 Sensation 1.4 Flex 8V 5p","montadora_idmontadora":"44"}{"idmodelo":"3974","nome_modelo":"307 Passion 2.0 16V 138cv 5p","montadora_idmontadora":"44"}{"idmodelo":"4144","nome_modelo":"307 Sed. Feline 2.0\/2.0 Flex 16V 4p Mec.","montadora_idmontadora":"44"}{"idmodelo":"4145","nome_modelo":"307 Sed.Feline\/Griff 2.0\/2.0 Flex 4p Aut","montadora_idmontadora":"44"}{"idmodelo":"4146","nome_modelo":"307 Sed. Presence 1.6 Flex 16V 4p","montadora_idmontadora":"44"}{"idmodelo":"4194","nome_modelo":"206 SW ESCAPADE 1.6 16V Flex 5p","montadora_idmontadora":"44"}{"idmodelo":"4307","nome_modelo":"206 Moonlight 1.4 Flex 8V 3p","montadora_idmontadora":"44"}{"idmodelo":"4308","nome_modelo":"206 Moonlight 1.4 Flex 8V 5p","montadora_idmontadora":"44"}{"idmodelo":"4336","nome_modelo":"206 Allure 1.6 Flex 16V 3p","montadora_idmontadora":"44"}{"idmodelo":"4337","nome_modelo":"206 Allure 1.6 Flex 16V 5p","montadora_idmontadora":"44"}{"idmodelo":"4338","nome_modelo":"206 Automatic (feline)1.6 Flex 16V 5p","montadora_idmontadora":"44"}{"idmodelo":"4339","nome_modelo":"206 SW Automatic (feline)1.6 Flex 16V 5p","montadora_idmontadora":"44"}{"idmodelo":"4340","nome_modelo":"307 SW Allure 2.0 16V 5p Aut.","montadora_idmontadora":"44"}{"idmodelo":"4341","nome_modelo":"307 SW Allure 2.0 16V 5p Mec.","montadora_idmontadora":"44"}{"idmodelo":"4342","nome_modelo":"307 SW Feline 2.0 16V 5p Aut.","montadora_idmontadora":"44"}{"idmodelo":"4343","nome_modelo":"407 Sed. Allure 2.0 16V 4p Aut.","montadora_idmontadora":"44"}{"idmodelo":"4344","nome_modelo":"407 Sed. Feline 3.0 V6 211cv 4p Aut.","montadora_idmontadora":"44"}{"idmodelo":"4345","nome_modelo":"407 Sed. Griffe 3.0 V6 211cv 4p Aut.","montadora_idmontadora":"44"}{"idmodelo":"4346","nome_modelo":"407 SW Allure 2.0 16V 5p Aut.","montadora_idmontadora":"44"}{"idmodelo":"4347","nome_modelo":"407 SW Feline 3.0 V6 211cv 5p Aut.","montadora_idmontadora":"44"}{"idmodelo":"4586","nome_modelo":"206 SW Moonlight 1.4 Flex 8V 5p","montadora_idmontadora":"44"}{"idmodelo":"4718","nome_modelo":"207 SW XR 1.4 Flex 8V 5p","montadora_idmontadora":"44"}{"idmodelo":"4719","nome_modelo":"207 SW XR Sport 1.4 Flex 8V 5p","montadora_idmontadora":"44"}{"idmodelo":"4720","nome_modelo":"207 SW XS 1.6 Flex 16V 5p Aut.","montadora_idmontadora":"44"}{"idmodelo":"4721","nome_modelo":"207 XR 1.4 Flex 8V 3p","montadora_idmontadora":"44"}{"idmodelo":"4722","nome_modelo":"207 XR 1.4 Flex 8V 5p","montadora_idmontadora":"44"}{"idmodelo":"4723","nome_modelo":"207 XR Sport 1.4 Flex 8V 3p","montadora_idmontadora":"44"}{"idmodelo":"4724","nome_modelo":"207 XR Sport 1.4 Flex 8V 5p","montadora_idmontadora":"44"}{"idmodelo":"4725","nome_modelo":"207 XS 1.6 Flex 16V 3p","montadora_idmontadora":"44"}{"idmodelo":"4726","nome_modelo":"207 XS 1.6 Flex 16V 5p","montadora_idmontadora":"44"}{"idmodelo":"4727","nome_modelo":"207 XS 1.6 Flex 16V 5p Aut.","montadora_idmontadora":"44"}{"idmodelo":"4793","nome_modelo":"207 Sed. Passion XR Sport 1.4 Flex 8V 4p","montadora_idmontadora":"44"}{"idmodelo":"4794","nome_modelo":"207 Sedan Passion XR 1.4 Flex 8V 4p","montadora_idmontadora":"44"}{"idmodelo":"4795","nome_modelo":"207 Sedan Passion XS 1.6 Flex 16V 4p","montadora_idmontadora":"44"}{"idmodelo":"4796","nome_modelo":"207 Sedan Passion XS 1.6 Flex 16V 4p Aut","montadora_idmontadora":"44"}{"idmodelo":"4814","nome_modelo":"207 SW ESCAPADE 1.6 16V Flex 5p","montadora_idmontadora":"44"}{"idmodelo":"4986","nome_modelo":"307 Presence 2.0 Flex 16V 5p Aut.","montadora_idmontadora":"44"}{"idmodelo":"4987","nome_modelo":"307 Sed. Presence 2.0 Flex 16V 5p Aut.","montadora_idmontadora":"44"}{"idmodelo":"5076","nome_modelo":"Boxer 2.3 Furg.TB Dies. Curto\/M\u00e9dio","montadora_idmontadora":"44"}{"idmodelo":"5077","nome_modelo":"Boxer 2.3 Furg.TB Dies. M\u00e9d\/ LongoT.Alto","montadora_idmontadora":"44"}{"idmodelo":"5110","nome_modelo":"207 X-Line 1.4 Flex 8V 3p","montadora_idmontadora":"44"}{"idmodelo":"5111","nome_modelo":"207 X-Line 1.4 Flex 8V 5p","montadora_idmontadora":"44"}{"idmodelo":"5112","nome_modelo":"Boxer 2.3 Minibus 15\/16L TB Diesel.","montadora_idmontadora":"44"}{"idmodelo":"5159","nome_modelo":"207 QUIKSILVER 1.4 Flex 8V 3p","montadora_idmontadora":"44"}{"idmodelo":"5160","nome_modelo":"207 QUIKSILVER 1.4 Flex 8V 5p","montadora_idmontadora":"44"}{"idmodelo":"5258","nome_modelo":"HOGGAR ESCAPADE 1.6 Flex 16V 2p","montadora_idmontadora":"44"}{"idmodelo":"5259","nome_modelo":"HOGGAR X-Line 1.4 Flex 8V 2p","montadora_idmontadora":"44"}{"idmodelo":"5260","nome_modelo":"HOGGAR XR 1.4 Flex 8V 2p","montadora_idmontadora":"44"}{"idmodelo":"5282","nome_modelo":"Partner VAN 1.6 Flex 16V 5p","montadora_idmontadora":"44"}{"idmodelo":"5283","nome_modelo":"Partner VAN ESCAPADE 1.6 Flex 16V 5p","montadora_idmontadora":"44"}{"idmodelo":"5400","nome_modelo":"307 MILLESIM200 1.6 Flex 16V 5p","montadora_idmontadora":"44"}{"idmodelo":"5427","nome_modelo":"3008 Allure 1.6 Turbo 16V 5p Aut.","montadora_idmontadora":"44"}{"idmodelo":"5428","nome_modelo":"3008 Griffe 1.6 Turbo 16V 5p Aut.","montadora_idmontadora":"44"}{"idmodelo":"5504","nome_modelo":"408 Sedan Allure 2.0 Flex 16V 4p Aut.","montadora_idmontadora":"44"}{"idmodelo":"5505","nome_modelo":"408 Sedan Allure 2.0 Flex 16V 4p Mec.","montadora_idmontadora":"44"}{"idmodelo":"5506","nome_modelo":"408 Sedan Feline 2.0 Flex 16V 4p Aut.","montadora_idmontadora":"44"}{"idmodelo":"5507","nome_modelo":"408 Sedan Griffe 2.0 Flex 16V 4p Aut.","montadora_idmontadora":"44"}{"idmodelo":"5597","nome_modelo":"Boxer 2.3 LH Executive 15\/16L TB Diesel","montadora_idmontadora":"44"}{"idmodelo":"5669","nome_modelo":"RCZ 1.6 Turbo 16V 2p Aut.","montadora_idmontadora":"44"}{"idmodelo":"5711","nome_modelo":"207 QUIKSILVER 1.6 Flex 16V 5p","montadora_idmontadora":"44"}{"idmodelo":"5901","nome_modelo":"308 Active 1.6 Flex 16V 5p mec.","montadora_idmontadora":"44"}{"idmodelo":"5902","nome_modelo":"308 Allure 1.6 Flex 16V 5p Mec.","montadora_idmontadora":"44"}{"idmodelo":"5903","nome_modelo":"308 Allure 2.0 Flex 16V 5p Aut.","montadora_idmontadora":"44"}{"idmodelo":"5904","nome_modelo":"308 Allure 2.0 Flex 16V 5p Mec.","montadora_idmontadora":"44"}{"idmodelo":"5905","nome_modelo":"308 Feline 2.0 Flex 16V 5p Aut.","montadora_idmontadora":"44"}{"idmodelo":"5906","nome_modelo":"408 Sedan Griffe 1.6 Turbo 16V 4p Aut.","montadora_idmontadora":"44"}{"idmodelo":"6072","nome_modelo":"508 THP 1.6 Turbo 16V 4p Aut.","montadora_idmontadora":"44"}{"idmodelo":"6189","nome_modelo":"308 CC 1.6 Turbo 16V 2p Aut.","montadora_idmontadora":"44"}{"idmodelo":"6274","nome_modelo":"207 Blue Lion 1.4 Flex 8V 5p","montadora_idmontadora":"44"}{"idmodelo":"6304","nome_modelo":"308 Feline\/Griffe 1.6 Turbo 16V 5p Aut.","montadora_idmontadora":"44"}{"idmodelo":"6396","nome_modelo":"208 Active\/Active Pack 1.5 Flex 8V 5p","montadora_idmontadora":"44"}{"idmodelo":"6397","nome_modelo":"208 Allure 1.5 Flex 8V 5p","montadora_idmontadora":"44"}{"idmodelo":"6398","nome_modelo":"208 Griffe 1.6 Flex 16V 5p Aut.","montadora_idmontadora":"44"}{"idmodelo":"6399","nome_modelo":"208 Griffe 1.6 Flex 16V 5p Mec.","montadora_idmontadora":"44"}{"idmodelo":"6448","nome_modelo":"208 Premier 1.6 Flex 16V 5p","montadora_idmontadora":"44"}{"idmodelo":"6493","nome_modelo":"308 Roland Garros 1.6 Turbo 16V 5P","montadora_idmontadora":"44"}{"idmodelo":"6545","nome_modelo":"207 Active 1.4 Flex 8V 5p","montadora_idmontadora":"44"}{"idmodelo":"6546","nome_modelo":"3008 Roland Garros 1.6 Turbo 16V 5p","montadora_idmontadora":"44"}{"idmodelo":"6547","nome_modelo":"308 CC Roland Garros 1.6 Turbo16V 2p Aut","montadora_idmontadora":"44"}{"idmodelo":"6593","nome_modelo":"207 Sedan Active 1.4 Flex 8V 4p","montadora_idmontadora":"44"}{"idmodelo":"6594","nome_modelo":"207 Sedan Allure 1.4 Flex 8v 4p","montadora_idmontadora":"44"}{"idmodelo":"6645","nome_modelo":"HOGGAR Active 1.4 Flex 8V 2p","montadora_idmontadora":"44"}{"idmodelo":"6646","nome_modelo":"HOGGAR Allure 1.4 Flex 8V 2p","montadora_idmontadora":"44"}{"idmodelo":"6843","nome_modelo":"208 Active Pack 1.6 Flex 16V 5p Aut.","montadora_idmontadora":"44"}{"idmodelo":"7104","nome_modelo":"308 QUIKSILVER 1.6 Flex 16V 5p Mec.","montadora_idmontadora":"44"}{"idmodelo":"7169","nome_modelo":"408 Sedan Limited 2.0 Flex 16V 4p Aut.","montadora_idmontadora":"44"}{"idmodelo":"7201","nome_modelo":"2008 Allure 1.6 Flex 16V 5p Aut.","montadora_idmontadora":"44"}{"idmodelo":"7202","nome_modelo":"2008 Allure 1.6 Flex 16V 5p Mec.","montadora_idmontadora":"44"}{"idmodelo":"7203","nome_modelo":"2008 Griffe 1.6 Flex 16V 5p Aut.","montadora_idmontadora":"44"}{"idmodelo":"7204","nome_modelo":"2008 Griffe 1.6 Flex 16V 5p Mec.","montadora_idmontadora":"44"}{"idmodelo":"7205","nome_modelo":"2008 Griffe 1.6 Turbo Flex 16V 5p Mec.","montadora_idmontadora":"44"}{"idmodelo":"7267","nome_modelo":"208 Allure 1.6 Flex 16V 5p Aut.","montadora_idmontadora":"44"}{"idmodelo":"7402","nome_modelo":"308 Griffe 1.6 Turbo Flex 16V 5p Aut.","montadora_idmontadora":"44"}{"idmodelo":"7516","nome_modelo":"208 Allure inconcert 1.5 Flex 8V 5p Mec.","montadora_idmontadora":"44"}{"idmodelo":"7552","nome_modelo":"208 Active 1.2 Flex 12V 5p Mec.","montadora_idmontadora":"44"}{"idmodelo":"7553","nome_modelo":"208 Active Pack 1.2 flex 12V 5p Mec.","montadora_idmontadora":"44"}{"idmodelo":"7554","nome_modelo":"208 Allure 1.2 Flex 12V 5p Mec.","montadora_idmontadora":"44"}{"idmodelo":"7555","nome_modelo":"208 Allure inconcert 1.6 Flex 16V 5p Aut","montadora_idmontadora":"44"}{"idmodelo":"7556","nome_modelo":"208 GT 1.6 THP Flex 16V 5p Mec.","montadora_idmontadora":"44"}{"idmodelo":"7557","nome_modelo":"208 Sport 1.6 Flex 16V 5p Mec.","montadora_idmontadora":"44"}{"idmodelo":"7710","nome_modelo":"408 Sedan Griffe 1.6 TB Flex 16V 4p Aut.","montadora_idmontadora":"44"}{"idmodelo":"7743","nome_modelo":"2008 Crossway 1.6 Flex 16V 5p Aut.","montadora_idmontadora":"44"}{"idmodelo":"7744","nome_modelo":"308 Allure 1.6 Turbo Flex 16V 5p Aut.","montadora_idmontadora":"44"}{"idmodelo":"7745","nome_modelo":"408 Sed. Business 1.6 TB Flex 16V 4p Aut","montadora_idmontadora":"44"}{"idmodelo":"7984","nome_modelo":"308 Roland Garros 1.6 TB Flex 16V 5p Aut","montadora_idmontadora":"44"}{"idmodelo":"7985","nome_modelo":"408 Sed. R.Garros 1.6 TB Flex 16V 4p Aut","montadora_idmontadora":"44"}{"idmodelo":"8061","nome_modelo":"208 URBANTECH1.6 Flex 16V 5p Aut.","montadora_idmontadora":"44"}{"idmodelo":"8062","nome_modelo":"308 Business 1.6 Turbo Flex 16V 5p Aut.","montadora_idmontadora":"44"}{"idmodelo":"8105","nome_modelo":"Expert Business 1.6 Turbo Diesel","montadora_idmontadora":"44"}{"idmodelo":"8106","nome_modelo":"Expert Business Pack 1.6 Turbo Diesel","montadora_idmontadora":"44"}{"idmodelo":"8243","nome_modelo":"3008 Griffe Pack 1.6 Turbo 16V 5p Aut.","montadora_idmontadora":"44"}{"idmodelo":"8244","nome_modelo":"5008 Griffe 1.6 Turbo 16V 5p Aut.","montadora_idmontadora":"44"}{"idmodelo":"8288","nome_modelo":"5008 Griffe Pack 1.6 Turbo 16V 5p Aut.","montadora_idmontadora":"44"}{"idmodelo":"8348","nome_modelo":"208 Inconcert 1.6 Flex 16V 5p Aut.","montadora_idmontadora":"44"}