{"idmodelo":"6340","nome_modelo":"DB9 Volante 6.0 V12 470cv","montadora_idmontadora":"189"}{"idmodelo":"6341","nome_modelo":"Rapide 6.0 V12 477cv","montadora_idmontadora":"189"}{"idmodelo":"6342","nome_modelo":"Vantage 6.0 V12 510cv","montadora_idmontadora":"189"}{"idmodelo":"6343","nome_modelo":"Vantage Coupe 4.7 V8 425cv","montadora_idmontadora":"189"}{"idmodelo":"6344","nome_modelo":"Vantage Roadster 4.7 V8 420cv","montadora_idmontadora":"189"}{"idmodelo":"6345","nome_modelo":"Vantage S Coupe 4.7 V8 430cv","montadora_idmontadora":"189"}{"idmodelo":"6346","nome_modelo":"Virage Coupe 6.0 V12 490cv","montadora_idmontadora":"189"}{"idmodelo":"6906","nome_modelo":"DB9 Coupe 6.0 V12 510cv","montadora_idmontadora":"189"}{"idmodelo":"6907","nome_modelo":"Rapide S 6.0 V12 550cv","montadora_idmontadora":"189"}{"idmodelo":"6908","nome_modelo":"Vantage S 6.0 V12 565cv","montadora_idmontadora":"189"}{"idmodelo":"6909","nome_modelo":"Vanquish V12 6.0 565cv","montadora_idmontadora":"189"}