{"idmodelo":"1986","nome_modelo":"19 16S\/ RT 16V","montadora_idmontadora":"48"}{"idmodelo":"1987","nome_modelo":"19 RN","montadora_idmontadora":"48"}{"idmodelo":"1988","nome_modelo":"19 RT 1.8\/ 1.8i","montadora_idmontadora":"48"}{"idmodelo":"1989","nome_modelo":"19 RT 1.8\/ 1.8i Conv.","montadora_idmontadora":"48"}{"idmodelo":"1990","nome_modelo":"21 GTX 2.0","montadora_idmontadora":"48"}{"idmodelo":"1991","nome_modelo":"21 Nevada GTX 2.2","montadora_idmontadora":"48"}{"idmodelo":"1992","nome_modelo":"21 Nevada TXE 2.2","montadora_idmontadora":"48"}{"idmodelo":"1993","nome_modelo":"21 TXE\/ TXi 2.2","montadora_idmontadora":"48"}{"idmodelo":"1994","nome_modelo":"Clio Authentique 1.0 8V 3p","montadora_idmontadora":"48"}{"idmodelo":"1995","nome_modelo":"Clio Authentique 1.0\/1.0 Hi-Power 16V 3p","montadora_idmontadora":"48"}{"idmodelo":"1996","nome_modelo":"Clio Authentique Hi-Flex 1.6 16V 3p","montadora_idmontadora":"48"}{"idmodelo":"1997","nome_modelo":"Clio Auth. \/AIR Hi-Flex 1.6 16V 5p","montadora_idmontadora":"48"}{"idmodelo":"1998","nome_modelo":"Clio Dynamique 1.0\/ 1.0 Hi-Power 16V 3p","montadora_idmontadora":"48"}{"idmodelo":"1999","nome_modelo":"Clio Dynamique 1.6 16V 110cv 3p","montadora_idmontadora":"48"}{"idmodelo":"2000","nome_modelo":"Clio Dynamique Hi-Flex 1.6 16V 3p","montadora_idmontadora":"48"}{"idmodelo":"2001","nome_modelo":"Clio Expression 1.0 8V 60cv 3p","montadora_idmontadora":"48"}{"idmodelo":"2002","nome_modelo":"Clio Expression 1.0\/1.0 Hi-Power 16V 3p","montadora_idmontadora":"48"}{"idmodelo":"2003","nome_modelo":"Clio Hi-Flex 1.6 16V 3p","montadora_idmontadora":"48"}{"idmodelo":"2004","nome_modelo":"Clio Hi-Flex\/ Expres. Hi-Flex 1.6 16V 5p","montadora_idmontadora":"48"}{"idmodelo":"2005","nome_modelo":"Clio Privil\u00e8ge Hi-Flex 1.6 16V 5p","montadora_idmontadora":"48"}{"idmodelo":"2006","nome_modelo":"Clio RL \/ Yahoo\/ Authent. 1.0 8V 5p","montadora_idmontadora":"48"}{"idmodelo":"2007","nome_modelo":"Clio RL 1.6 3p\/5p","montadora_idmontadora":"48"}{"idmodelo":"2008","nome_modelo":"Clio RL Aliz\u00e9\/ Authent. 1.6 16V 110cv 5p","montadora_idmontadora":"48"}{"idmodelo":"2009","nome_modelo":"Clio RL\/ JP\/Auth.1.0\/1.0 Hi-Power 16V 5p","montadora_idmontadora":"48"}{"idmodelo":"2010","nome_modelo":"Clio RN 1.6 3p (importado)","montadora_idmontadora":"48"}{"idmodelo":"2011","nome_modelo":"Clio RN 1.6 5p","montadora_idmontadora":"48"}{"idmodelo":"2012","nome_modelo":"Clio RN\/Aliz\u00e9\/Expr.\/1.0 Hi-Power 16V 5p","montadora_idmontadora":"48"}{"idmodelo":"2013","nome_modelo":"Clio RN\/ Expression 1.0 5p","montadora_idmontadora":"48"}{"idmodelo":"2014","nome_modelo":"Clio RN\/ Expression 1.6 16V 5p","montadora_idmontadora":"48"}{"idmodelo":"2015","nome_modelo":"Clio RT 1.6 5p","montadora_idmontadora":"48"}{"idmodelo":"2016","nome_modelo":"Clio RT\/ Privil. 1.0\/1.0 Hi-Power 16V 5p","montadora_idmontadora":"48"}{"idmodelo":"2017","nome_modelo":"Clio RT\/ Privil\u00e8ge 1.6 16V 5p","montadora_idmontadora":"48"}{"idmodelo":"2018","nome_modelo":"Clio Sed RT\/ Privil\u00e8ge\/ Botic 1.6 16V 4p","montadora_idmontadora":"48"}{"idmodelo":"2019","nome_modelo":"Clio Sed. Aliz\u00e9 1.6\/ 1.6 Hi-Flex 16v 4p","montadora_idmontadora":"48"}{"idmodelo":"2020","nome_modelo":"Clio Sed. Authentique Hi-Flex 1.6 16V 4p","montadora_idmontadora":"48"}{"idmodelo":"2021","nome_modelo":"Clio Sed. Hi-Flex\/Exp.Hi-Flex 1.6 16V 4p","montadora_idmontadora":"48"}{"idmodelo":"2022","nome_modelo":"Clio Sed. Privil\u00e8ge Hi-Flex 1.6 16V 4p","montadora_idmontadora":"48"}{"idmodelo":"2023","nome_modelo":"Clio Sed.RL\/Auth.1.0\/1.0 Hi-Power 16V 4p","montadora_idmontadora":"48"}{"idmodelo":"2024","nome_modelo":"Clio Sed.RN\/Aliz\u00e9\/Botic.\/Exp.1.0 Hi-Pow.","montadora_idmontadora":"48"}{"idmodelo":"2025","nome_modelo":"Clio Sed.RT\/Privil.1.0\/1.0 Hi-Pow.16V 4p","montadora_idmontadora":"48"}{"idmodelo":"2026","nome_modelo":"Clio Sedan Authentique 1.6 16V 110cv 4p","montadora_idmontadora":"48"}{"idmodelo":"2027","nome_modelo":"Clio Sedan RN\/ Expression 1.6 16V 4p","montadora_idmontadora":"48"}{"idmodelo":"2028","nome_modelo":"Clio SI 1.6 16V 4p","montadora_idmontadora":"48"}{"idmodelo":"2029","nome_modelo":"Clio Tech Run 1.0 16v 70cv 5p","montadora_idmontadora":"48"}{"idmodelo":"2030","nome_modelo":"Express 1.6\/ RL 1.6","montadora_idmontadora":"48"}{"idmodelo":"2031","nome_modelo":"Kangoo Authentique 1.6 16V 95cv","montadora_idmontadora":"48"}{"idmodelo":"2032","nome_modelo":"Kangoo Express RL\/ Express 1.0 16V\/8V","montadora_idmontadora":"48"}{"idmodelo":"2033","nome_modelo":"Kangoo Express RL\/ Express 1.6 16V\/8V","montadora_idmontadora":"48"}{"idmodelo":"2034","nome_modelo":"Kangoo RL 1.0 8V","montadora_idmontadora":"48"}{"idmodelo":"2035","nome_modelo":"Kangoo RL 1.6 8V","montadora_idmontadora":"48"}{"idmodelo":"2036","nome_modelo":"Kangoo RL\/ Yahoo 1.0 16V 70cv","montadora_idmontadora":"48"}{"idmodelo":"2037","nome_modelo":"Kangoo RN 1.0 8V","montadora_idmontadora":"48"}{"idmodelo":"2038","nome_modelo":"Kangoo RN\/Expression 1.6 16V\/1.6 8V 5p","montadora_idmontadora":"48"}{"idmodelo":"2039","nome_modelo":"Kangoo RN\/ Yahoo\/ Expression 1.0 16V 5p","montadora_idmontadora":"48"}{"idmodelo":"2040","nome_modelo":"Kangoo RT 1.0 16V 70cv 5p","montadora_idmontadora":"48"}{"idmodelo":"2041","nome_modelo":"Kangoo RT 1.6 16V\/ 8V 90cv 5p","montadora_idmontadora":"48"}{"idmodelo":"2042","nome_modelo":"Laguna Grand Tour Privil\u00e8ge 3.0 V6 210cv","montadora_idmontadora":"48"}{"idmodelo":"2043","nome_modelo":"Laguna Nevada RT\/ RXE 2.0s 16V","montadora_idmontadora":"48"}{"idmodelo":"2044","nome_modelo":"Laguna Privil\u00e8ge 3.0 V6 24V 210cv 5p","montadora_idmontadora":"48"}{"idmodelo":"2045","nome_modelo":"Laguna RT 2.0","montadora_idmontadora":"48"}{"idmodelo":"2046","nome_modelo":"Laguna RXE 2.0s 8V\/16V","montadora_idmontadora":"48"}{"idmodelo":"2047","nome_modelo":"Laguna V6","montadora_idmontadora":"48"}{"idmodelo":"2048","nome_modelo":"Master 2.5 dCi 16V 115cv 13L Diesel","montadora_idmontadora":"48"}{"idmodelo":"2049","nome_modelo":"Master 2.5 dCi 16V 115cv 16L Diesel","montadora_idmontadora":"48"}{"idmodelo":"2050","nome_modelo":"Master 2.5 dCi Chassi 16V 115cv Diesel","montadora_idmontadora":"48"}{"idmodelo":"2051","nome_modelo":"Master 2.5 dCi Furg\u00e3oTB Curto Diesel","montadora_idmontadora":"48"}{"idmodelo":"2052","nome_modelo":"Master 2.5 dCi Furg. Medio\/LongoTA Dies.","montadora_idmontadora":"48"}{"idmodelo":"2053","nome_modelo":"Master 2.8 DTI 114cv 16L Diesel","montadora_idmontadora":"48"}{"idmodelo":"2054","nome_modelo":"Master 2.8 DTI Chassi 114cv Diesel","montadora_idmontadora":"48"}{"idmodelo":"2055","nome_modelo":"Master 2.8 DTI Furg\u00e3o 114cv Diesel curto","montadora_idmontadora":"48"}{"idmodelo":"2056","nome_modelo":"Master 2.8 DTI Furg\u00e3o Dies.Longo Alto","montadora_idmontadora":"48"}{"idmodelo":"2057","nome_modelo":"Master 2.8 Furg\u00e3o 85cv Diesel curto","montadora_idmontadora":"48"}{"idmodelo":"2058","nome_modelo":"Megane Hatch RN 1.6","montadora_idmontadora":"48"}{"idmodelo":"2059","nome_modelo":"Megane Hatch RT 1.6\/RT\/Aliz\u00e9\/Exp 1.6 16V","montadora_idmontadora":"48"}{"idmodelo":"2060","nome_modelo":"Megane Hatch RXE 2.0","montadora_idmontadora":"48"}{"idmodelo":"2061","nome_modelo":"Megane Hatch RXE\/Egeus 1.6 16V","montadora_idmontadora":"48"}{"idmodelo":"2062","nome_modelo":"Megane Sedan Privil\u00e8ge 2.0 16V Aut","montadora_idmontadora":"48"}{"idmodelo":"2063","nome_modelo":"Megane Sedan RT 2.0","montadora_idmontadora":"48"}{"idmodelo":"2064","nome_modelo":"Megane Sedan RT\/Aliz\u00e9 1.6 16V","montadora_idmontadora":"48"}{"idmodelo":"2065","nome_modelo":"Megane Sedan RXE\/ Privil\u00e8ge 2.0 16V Mec","montadora_idmontadora":"48"}{"idmodelo":"2066","nome_modelo":"Megane Sedan RXE\/Egeus 2.0","montadora_idmontadora":"48"}{"idmodelo":"2067","nome_modelo":"Safrane RXE","montadora_idmontadora":"48"}{"idmodelo":"2068","nome_modelo":"Sc\u00e9nic Aliz\u00e9\/ Expression 1.6 16V Mec.","montadora_idmontadora":"48"}{"idmodelo":"2069","nome_modelo":"Sc\u00e9nic Aliz\u00e9\/ Expression 2.0 16V 5p","montadora_idmontadora":"48"}{"idmodelo":"2070","nome_modelo":"Sc\u00e9nic Expression 1.6 16V Aut.","montadora_idmontadora":"48"}{"idmodelo":"2071","nome_modelo":"Sc\u00e9nic Hi-Flex\/Express. Hi-Flex 1.6 16V","montadora_idmontadora":"48"}{"idmodelo":"2072","nome_modelo":"Sc\u00e9nic Privil\u00e8ge Hi-Flex 1.6 16V","montadora_idmontadora":"48"}{"idmodelo":"2073","nome_modelo":"Sc\u00e9nic Privill\u00e8ge 1.6 16V Aut.","montadora_idmontadora":"48"}{"idmodelo":"2074","nome_modelo":"Sc\u00e9nic Privill\u00e8ge 2.0 Plus 16V 5p Aut","montadora_idmontadora":"48"}{"idmodelo":"2075","nome_modelo":"Sc\u00e9nic RT 2.0","montadora_idmontadora":"48"}{"idmodelo":"2076","nome_modelo":"Sc\u00e9nic RT 2.0 16V 5p Aut.","montadora_idmontadora":"48"}{"idmodelo":"2077","nome_modelo":"Sc\u00e9nic RT 2.0 16V 5p Mec.","montadora_idmontadora":"48"}{"idmodelo":"2078","nome_modelo":"Sc\u00e9nic RT\/Auth\/Auth\/Kids Hi-Flex 1.6 16V","montadora_idmontadora":"48"}{"idmodelo":"2079","nome_modelo":"Sc\u00e9nic RXE 2.0 8V","montadora_idmontadora":"48"}{"idmodelo":"2080","nome_modelo":"Sc\u00e9nic RXE Egeus 2.0","montadora_idmontadora":"48"}{"idmodelo":"2081","nome_modelo":"Sc\u00e9nic RXE\/ Privil\u00e8ge 1.6 16V Mec.","montadora_idmontadora":"48"}{"idmodelo":"2082","nome_modelo":"Sc\u00e9nic RXE\/ Privil\u00e8ge 2.0 16V 5p Aut.","montadora_idmontadora":"48"}{"idmodelo":"2083","nome_modelo":"Sc\u00e9nic RXE\/ Privil\u00e8ge 2.0 16V 5p Mec.","montadora_idmontadora":"48"}{"idmodelo":"2084","nome_modelo":"Trafic Furg\u00e3o 2.0 98cv","montadora_idmontadora":"48"}{"idmodelo":"2085","nome_modelo":"Trafic Furg\u00e3o Chassi Curto 2.2","montadora_idmontadora":"48"}{"idmodelo":"2086","nome_modelo":"Trafic Furg\u00e3o Chassi Longo 2.2","montadora_idmontadora":"48"}{"idmodelo":"2087","nome_modelo":"Trafic Van 2.2","montadora_idmontadora":"48"}{"idmodelo":"2088","nome_modelo":"Twingo 1.0 8V","montadora_idmontadora":"48"}{"idmodelo":"2089","nome_modelo":"Twingo 1.2","montadora_idmontadora":"48"}{"idmodelo":"2090","nome_modelo":"Twingo Easy 1.2","montadora_idmontadora":"48"}{"idmodelo":"2091","nome_modelo":"Twingo Initiale 1.0 16V 70cv","montadora_idmontadora":"48"}{"idmodelo":"2092","nome_modelo":"Twingo Pack 1.0 16V 70cv","montadora_idmontadora":"48"}{"idmodelo":"2093","nome_modelo":"Twingo Pack 1.0 8V","montadora_idmontadora":"48"}{"idmodelo":"3903","nome_modelo":"Clio Authentique Hi-Flex 1.0 16V 3p","montadora_idmontadora":"48"}{"idmodelo":"3904","nome_modelo":"Clio Authentique Hi-Flex 1.0 16V 5p","montadora_idmontadora":"48"}{"idmodelo":"3905","nome_modelo":"Clio Expression Hi-Flex 1.0 16V 3p","montadora_idmontadora":"48"}{"idmodelo":"3906","nome_modelo":"Clio Expression Hi-Flex 1.0 16V 5p","montadora_idmontadora":"48"}{"idmodelo":"3907","nome_modelo":"Clio Privil\u00e8ge Hi-Flex 1.0 16V 5p","montadora_idmontadora":"48"}{"idmodelo":"3908","nome_modelo":"Clio Sed. Authentique Hi-Flex 1.0 16V 4p","montadora_idmontadora":"48"}{"idmodelo":"3909","nome_modelo":"Clio Sed. Expression Hi-Flex 1.0 16V 4p","montadora_idmontadora":"48"}{"idmodelo":"3910","nome_modelo":"Clio Sed. Privil\u00e8ge Hi-Flex 1.0 16V 4p","montadora_idmontadora":"48"}{"idmodelo":"3975","nome_modelo":"Megane Sedan Dynamique Hi-Flex 1.6 16V","montadora_idmontadora":"48"}{"idmodelo":"3976","nome_modelo":"Megane Sedan Expression Hi-Flex 1.6 16V","montadora_idmontadora":"48"}{"idmodelo":"3993","nome_modelo":"Clio GetUp Hi-Flex 1.0 16V 3p","montadora_idmontadora":"48"}{"idmodelo":"3994","nome_modelo":"Clio GetUp Hi-Flex 1.0 16V 5p","montadora_idmontadora":"48"}{"idmodelo":"3995","nome_modelo":"Clio Sedan Egeus Hi-Flex 1.0 16V 4p","montadora_idmontadora":"48"}{"idmodelo":"3996","nome_modelo":"Clio Sedan Egeus Hi-Flex 1.6 16V 4p","montadora_idmontadora":"48"}{"idmodelo":"3997","nome_modelo":"Sc\u00e9nic SPORTWAY Hi-Flex 1.6 16V 5p","montadora_idmontadora":"48"}{"idmodelo":"4067","nome_modelo":"Megane Sedan Dynamique 2.0 16V Aut.","montadora_idmontadora":"48"}{"idmodelo":"4068","nome_modelo":"Megane Sedan Dynamique 2.0 16V Mec.","montadora_idmontadora":"48"}{"idmodelo":"4098","nome_modelo":"Kangoo Expres.SPORTWAY 1.6\/1.6 Hi-Flex","montadora_idmontadora":"48"}{"idmodelo":"4203","nome_modelo":"Megane Grand Tour Dynam. Hi-Flex 1.6 16V","montadora_idmontadora":"48"}{"idmodelo":"4204","nome_modelo":"Megane Grand Tour Dynamique 2.0 16V Aut.","montadora_idmontadora":"48"}{"idmodelo":"4205","nome_modelo":"Megane Grand Tour Dynamique 2.0 16V Mec.","montadora_idmontadora":"48"}{"idmodelo":"4309","nome_modelo":"Kangoo Authentique Hi-Flex 1.6 16V","montadora_idmontadora":"48"}{"idmodelo":"4310","nome_modelo":"Kangoo Express Hi-Flex 1.6 16V","montadora_idmontadora":"48"}{"idmodelo":"4311","nome_modelo":"Kangoo Expression Hi-Flex 1.6 16V 5p","montadora_idmontadora":"48"}{"idmodelo":"4387","nome_modelo":"LOGAN Authentique Hi-Flex 1.0 16V 4p","montadora_idmontadora":"48"}{"idmodelo":"4388","nome_modelo":"LOGAN Expres.\/Exp. UP Hi-Flex 1.0 16V 4p","montadora_idmontadora":"48"}{"idmodelo":"4389","nome_modelo":"LOGAN Privil\u00e8ge Hi-Flex 1.6 16V 4p","montadora_idmontadora":"48"}{"idmodelo":"4480","nome_modelo":"LOGAN Authentique Hi-Flex 1.6 8V 4p","montadora_idmontadora":"48"}{"idmodelo":"4481","nome_modelo":"LOGAN Expression Hi-Flex 1.6 8V 4p","montadora_idmontadora":"48"}{"idmodelo":"4482","nome_modelo":"LOGAN Privil\u00e8ge Hi-Flex 1.6 8V 4p","montadora_idmontadora":"48"}{"idmodelo":"4504","nome_modelo":"SANDERO Authentique Hi-Flex 1.0 16V 5p","montadora_idmontadora":"48"}{"idmodelo":"4505","nome_modelo":"SANDERO Authentique Hi-Flex 1.6 8V 5p","montadora_idmontadora":"48"}{"idmodelo":"4506","nome_modelo":"SANDERO Expression Hi-Flex 1.0 16V 5p","montadora_idmontadora":"48"}{"idmodelo":"4507","nome_modelo":"SANDERO Expression Hi-Flex 1.6 8V 5p","montadora_idmontadora":"48"}{"idmodelo":"4508","nome_modelo":"SANDERO Privil\u00e8ge Hi-Flex 1.6 16V 5p","montadora_idmontadora":"48"}{"idmodelo":"4509","nome_modelo":"SANDERO Privil\u00e8ge Hi-Flex 1.6 8V 5p","montadora_idmontadora":"48"}{"idmodelo":"4579","nome_modelo":"Megane Coup\u00e9 Cabriolet Dynamique 2.0 Aut","montadora_idmontadora":"48"}{"idmodelo":"4580","nome_modelo":"Sc\u00e9nic Grand Dynamique 2.0 16V 5p Aut.","montadora_idmontadora":"48"}{"idmodelo":"4624","nome_modelo":"Megane Sed. Expression 2.0 16V Aut.","montadora_idmontadora":"48"}{"idmodelo":"4643","nome_modelo":"Clio Campus Hi-Flex 1.0 16V 3p","montadora_idmontadora":"48"}{"idmodelo":"4644","nome_modelo":"Clio Campus Hi-Flex 1.0 16V 5p","montadora_idmontadora":"48"}{"idmodelo":"4666","nome_modelo":"SANDERO NOKIA Hi-Flex 1.6 16V 5p","montadora_idmontadora":"48"}{"idmodelo":"4677","nome_modelo":"Megane Grand Tour Privil\u00e8ge 2.0 16V Aut.","montadora_idmontadora":"48"}{"idmodelo":"4687","nome_modelo":"Megane Sed. Expression 2.0 16V Mec.","montadora_idmontadora":"48"}{"idmodelo":"4728","nome_modelo":"Megane Grand Tour Expres.Hi-Flex 1.6 16V","montadora_idmontadora":"48"}{"idmodelo":"4780","nome_modelo":"SANDERO STEPWAY Hi-Flex 1.6 16V 5p","montadora_idmontadora":"48"}{"idmodelo":"4833","nome_modelo":"Master 2.5 dCi Escolar 115cv 16\/19L Dies","montadora_idmontadora":"48"}{"idmodelo":"4834","nome_modelo":"Master 2.5 dCi Executivo 115cv 16L Dies","montadora_idmontadora":"48"}{"idmodelo":"4868","nome_modelo":"SYMBOL Expression Hi-Flex 1.6 16V 4p","montadora_idmontadora":"48"}{"idmodelo":"4869","nome_modelo":"SYMBOL Privil\u00e8ge Hi-Flex 1.6 16V 4p","montadora_idmontadora":"48"}{"idmodelo":"4896","nome_modelo":"Megane G. Tour EXTREME 2.0 16V Aut.","montadora_idmontadora":"48"}{"idmodelo":"4897","nome_modelo":"Megane G. Tour EXTREME 2.0 16V Mec.","montadora_idmontadora":"48"}{"idmodelo":"4898","nome_modelo":"Megane G. Tour EXTREME Hi-Flex 1.6 Mec.","montadora_idmontadora":"48"}{"idmodelo":"4899","nome_modelo":"Megane Sed. EXTREME 2.0 16V Aut.","montadora_idmontadora":"48"}{"idmodelo":"4900","nome_modelo":"Megane Sed. EXTREME 2.0 16V Mec.","montadora_idmontadora":"48"}{"idmodelo":"4901","nome_modelo":"Megane Sed. EXTREME HI-Flex 1.6 16V Mec.","montadora_idmontadora":"48"}{"idmodelo":"4926","nome_modelo":"SYMBOL Expression Hi-Flex 1.6 8V 4p","montadora_idmontadora":"48"}{"idmodelo":"4988","nome_modelo":"SANDERO vibe Hi-Flex 1.6 8V 5p","montadora_idmontadora":"48"}{"idmodelo":"5312","nome_modelo":"Clio Hi-Flex 1.0 16V 3p","montadora_idmontadora":"48"}{"idmodelo":"5313","nome_modelo":"Clio Hi-Flex 1.0 16V 5p","montadora_idmontadora":"48"}{"idmodelo":"5401","nome_modelo":"SANDERO GT line Hi-Flex 1.6 16V 4p","montadora_idmontadora":"48"}{"idmodelo":"5402","nome_modelo":"SYMBOL CONNECTION Hi-Flex 1.6 8V 4p","montadora_idmontadora":"48"}{"idmodelo":"5509","nome_modelo":"FLUENCE Sed. Dynamique 2.0 16V FLEX Aut.","montadora_idmontadora":"48"}{"idmodelo":"5510","nome_modelo":"FLUENCE Sed. Dynamique 2.0 16V FLEX Mec.","montadora_idmontadora":"48"}{"idmodelo":"5511","nome_modelo":"FLUENCE Sedan Privil\u00e8ge 2.0 16V FLEX Aut","montadora_idmontadora":"48"}{"idmodelo":"5598","nome_modelo":"SANDERO Privil\u00e8ge Hi-Flex 1.6 16V 5p Aut","montadora_idmontadora":"48"}{"idmodelo":"5629","nome_modelo":"LOGAN Expression Hi-Flex 1.6 16V 4p Aut","montadora_idmontadora":"48"}{"idmodelo":"5648","nome_modelo":"LOGAN Avantage Hi-Flex 1.0 16V 4p","montadora_idmontadora":"48"}{"idmodelo":"5671","nome_modelo":"DUSTER 1.6 Hi-Flex 16V Mec.","montadora_idmontadora":"48"}{"idmodelo":"5672","nome_modelo":"DUSTER Dynamique 1.6 Flex 16V Mec.","montadora_idmontadora":"48"}{"idmodelo":"5673","nome_modelo":"DUSTER Dynamique 2.0 Flex 16V Aut.","montadora_idmontadora":"48"}{"idmodelo":"5674","nome_modelo":"DUSTER Dynamique 2.0 Hi-Flex 16V Mec.","montadora_idmontadora":"48"}{"idmodelo":"5675","nome_modelo":"DUSTER Dynamique 4x4 2.0 Hi-Flex 16V Mec","montadora_idmontadora":"48"}{"idmodelo":"5676","nome_modelo":"DUSTER Expression 1.6 Hi-Flex 16V Mec.","montadora_idmontadora":"48"}{"idmodelo":"5677","nome_modelo":"Master 2.5 dCi Vitr\u00e9 115cv Curto Diesel","montadora_idmontadora":"48"}{"idmodelo":"5678","nome_modelo":"Master 2.5 dCi Vitr\u00e9 115cv Longa Diesel","montadora_idmontadora":"48"}{"idmodelo":"5737","nome_modelo":"SANDERO STEPWAY Hi-Flex 1.6 16V 5p Aut.","montadora_idmontadora":"48"}{"idmodelo":"5938","nome_modelo":"SANDERO STEPWAY Hi-F. R. CURL 1.6 16V 5p","montadora_idmontadora":"48"}{"idmodelo":"6192","nome_modelo":"SANDERO GT line Hi-Flex 1.6 8V 5p","montadora_idmontadora":"48"}{"idmodelo":"6193","nome_modelo":"SANDERO STEPWAY Hi-Power 1.6 8V 5p","montadora_idmontadora":"48"}{"idmodelo":"6213","nome_modelo":"DUSTER TECHROAD 1.6 Hi-Flex 16V Mec.","montadora_idmontadora":"48"}{"idmodelo":"6214","nome_modelo":"DUSTER TECHROAD 2.0 Hi-Flex 16V Aut.","montadora_idmontadora":"48"}{"idmodelo":"6215","nome_modelo":"DUSTER TECHROAD 2.0 Hi-Flex 16V Mec.","montadora_idmontadora":"48"}{"idmodelo":"6276","nome_modelo":"FLUENCE Sedan GT SPORT","montadora_idmontadora":"48"}{"idmodelo":"6400","nome_modelo":"Master 2.3 dCi Chassi 16V Diesel","montadora_idmontadora":"48"}{"idmodelo":"6401","nome_modelo":"Master 2.3 dCi Extra F.Vitre 16V Diesel","montadora_idmontadora":"48"}{"idmodelo":"6402","nome_modelo":"Master 2.3 dCi Extra Furg\u00e3o 16V Diesel","montadora_idmontadora":"48"}{"idmodelo":"6403","nome_modelo":"Master 2.3 dCi Furg\u00e3o 16V Diesel","montadora_idmontadora":"48"}{"idmodelo":"6404","nome_modelo":"Master 2.3 dCi Grand F.Vitre16V Diesel","montadora_idmontadora":"48"}{"idmodelo":"6405","nome_modelo":"Master 2.3 dCi Grand Furg\u00e3o16V Diesel","montadora_idmontadora":"48"}{"idmodelo":"6406","nome_modelo":"Master 2.3 dCi Vitre Furg\u00e3o 16V Diesel","montadora_idmontadora":"48"}{"idmodelo":"6449","nome_modelo":"Master 2.3 dCi Executive Longo 16L Dies","montadora_idmontadora":"48"}{"idmodelo":"6450","nome_modelo":"Master 2.3 dCi STD Longo 16L Diesel","montadora_idmontadora":"48"}{"idmodelo":"6451","nome_modelo":"Master 2.3 dCi STD M\u00e9dio 16L Diesel","montadora_idmontadora":"48"}{"idmodelo":"6452","nome_modelo":"Master 2.3 dCi STD M\u00e9dio Esco. 20L Dies.","montadora_idmontadora":"48"}{"idmodelo":"6453","nome_modelo":"Master 2.3 dCi VIP Longo 16L Diesel","montadora_idmontadora":"48"}{"idmodelo":"6617","nome_modelo":"SANDERO TechRun Hi-Flex 1.0 16V 5p","montadora_idmontadora":"48"}{"idmodelo":"6649","nome_modelo":"LOGAN Dynamique Hi-Flex 1.6 8V 4p","montadora_idmontadora":"48"}{"idmodelo":"6702","nome_modelo":"DUSTER TECHROAD 4X4 2.0 16V Mec.","montadora_idmontadora":"48"}{"idmodelo":"6757","nome_modelo":"SANDERO STEPWAY Tweed HFlex 1.6 16V Aut","montadora_idmontadora":"48"}{"idmodelo":"6758","nome_modelo":"SANDERO STEPWAY Tweed HFlex 1.6 8V 5p","montadora_idmontadora":"48"}{"idmodelo":"6870","nome_modelo":"FLUENCE Sedan GT Line 2.0 Flex Aut.","montadora_idmontadora":"48"}{"idmodelo":"6892","nome_modelo":"SANDERO Authentique Hi-Power 1.0 16V 5p","montadora_idmontadora":"48"}{"idmodelo":"6893","nome_modelo":"SANDERO Dynamique Hi-Power 1.6 8V 5p","montadora_idmontadora":"48"}{"idmodelo":"6894","nome_modelo":"SANDERO Expression Hi-Power 1.0 16V 5p","montadora_idmontadora":"48"}{"idmodelo":"6895","nome_modelo":"SANDERO Expression Hi-Power 1.6 8V 5p","montadora_idmontadora":"48"}{"idmodelo":"6970","nome_modelo":"DUSTER OUTDOOR 1.6 Hi-Flex 16V Mec.","montadora_idmontadora":"48"}{"idmodelo":"6971","nome_modelo":"LOGAN Dyna. EasyR Hi-Flex 1.6 8V","montadora_idmontadora":"48"}{"idmodelo":"6972","nome_modelo":"LOGAN Expres. EasyR Hi-Flex 1.6 8V","montadora_idmontadora":"48"}{"idmodelo":"6973","nome_modelo":"SANDERO Dyna. EasyR Hi-Flex 1.6 8V","montadora_idmontadora":"48"}{"idmodelo":"6974","nome_modelo":"SANDERO Expres EasyR Hi-Flex 1.6 8V","montadora_idmontadora":"48"}{"idmodelo":"7044","nome_modelo":"SANDERO STEP. Easy R H-Power 1.6 8V","montadora_idmontadora":"48"}{"idmodelo":"7105","nome_modelo":"FLUENCE Sed. Dyn. Plus 2.0 16V FLEX Aut.","montadora_idmontadora":"48"}{"idmodelo":"7106","nome_modelo":"LOGAN Exclusive EasyR Hi-Flex 1.6 8V 4p","montadora_idmontadora":"48"}{"idmodelo":"7107","nome_modelo":"LOGAN Exclusive Hi-Flex 1.6 8V 4p","montadora_idmontadora":"48"}{"idmodelo":"7268","nome_modelo":"LOGAN Authentique Plus Hi-F. 1.0 16V 4p","montadora_idmontadora":"48"}{"idmodelo":"7289","nome_modelo":"SANDERO Auth. Plus Hi-Power 1.0 16V 5p","montadora_idmontadora":"48"}{"idmodelo":"7359","nome_modelo":"SANDERO GT line Hi-Power 1.6 8V 5p","montadora_idmontadora":"48"}{"idmodelo":"7360","nome_modelo":"SANDERO SPORT RS 2.0 Flex 16V 5p","montadora_idmontadora":"48"}{"idmodelo":"7377","nome_modelo":"DUSTER OROCH Dyna. 1.6 Flex 16V Mec.","montadora_idmontadora":"48"}{"idmodelo":"7378","nome_modelo":"DUSTER OROCH Dyna. 2.0 Flex 16V Mec.","montadora_idmontadora":"48"}{"idmodelo":"7379","nome_modelo":"DUSTER OROCH Exp. 1.6 Flex 16V Mec.","montadora_idmontadora":"48"}{"idmodelo":"7403","nome_modelo":"DUSTER DAKAR 4x2 1.6 Hi-Flex 16V Mec.","montadora_idmontadora":"48"}{"idmodelo":"7434","nome_modelo":"DUSTER DAKAR 4x4 2.0 Hi-Flex 16V Mec.","montadora_idmontadora":"48"}{"idmodelo":"7435","nome_modelo":"SANDERO STEP. R. CURL Hi-Power 1.6 8V 5p","montadora_idmontadora":"48"}{"idmodelo":"7520","nome_modelo":"SANDERO STEP. Easy R R.CURL H.P. 1.6 5p","montadora_idmontadora":"48"}{"idmodelo":"7634","nome_modelo":"LOGAN Expres. P.Avant. Hi-Flex 1.6 8V 4p","montadora_idmontadora":"48"}{"idmodelo":"7635","nome_modelo":"SANDERO Expres. P.Avant. Hi.P. 1.6 8V 5p","montadora_idmontadora":"48"}{"idmodelo":"7672","nome_modelo":"DUSTER OROCH Dyna. 2.0 Flex 16V Aut.","montadora_idmontadora":"48"}{"idmodelo":"7673","nome_modelo":"FLUENCE Sedan Expres. 1.6 16V FLEX Mec.","montadora_idmontadora":"48"}{"idmodelo":"7808","nome_modelo":"LOGAN Authentique Flex 1.0 12V 4p","montadora_idmontadora":"48"}{"idmodelo":"7809","nome_modelo":"LOGAN Expression Flex 1.0 12V 4p","montadora_idmontadora":"48"}{"idmodelo":"7810","nome_modelo":"SANDERO Authentique Flex 1.0 12V 5p","montadora_idmontadora":"48"}{"idmodelo":"7811","nome_modelo":"SANDERO Expression Flex 1.0 12V 5p","montadora_idmontadora":"48"}{"idmodelo":"7812","nome_modelo":"SANDERO vibe Flex 1.0 12V 5p","montadora_idmontadora":"48"}{"idmodelo":"7841","nome_modelo":"LOGAN Dynamique EasyR Flex 1.6 16V 4p","montadora_idmontadora":"48"}{"idmodelo":"7842","nome_modelo":"LOGAN Dynamique Flex 1.6 16V 4p","montadora_idmontadora":"48"}{"idmodelo":"7843","nome_modelo":"LOGAN Expression Easy R Flex 1.6 16V 4p","montadora_idmontadora":"48"}{"idmodelo":"7844","nome_modelo":"LOGAN Expression Flex 1.6 16V 4p","montadora_idmontadora":"48"}{"idmodelo":"7845","nome_modelo":"SANDERO Dynamique Easy R Flex 1.6 16V 5p","montadora_idmontadora":"48"}{"idmodelo":"7846","nome_modelo":"SANDERO Dynamique Flex 1.6 16V 5p","montadora_idmontadora":"48"}{"idmodelo":"7847","nome_modelo":"SANDERO Expres. EasyR Flex 1.6 16V 5p","montadora_idmontadora":"48"}{"idmodelo":"7848","nome_modelo":"SANDERO Expression Flex 1.6 16V 5p","montadora_idmontadora":"48"}{"idmodelo":"7849","nome_modelo":"SANDERO GT line Flex 1.6 16V 5p","montadora_idmontadora":"48"}{"idmodelo":"7850","nome_modelo":"SANDERO STEPWAY Easy R Flex 1.6 16V 5p","montadora_idmontadora":"48"}{"idmodelo":"7851","nome_modelo":"SANDERO STEPWAY Flex 1.6 16V 5p","montadora_idmontadora":"48"}{"idmodelo":"7890","nome_modelo":"CAPTUR Intense 2.0 16V Flex 5p Aut.","montadora_idmontadora":"48"}{"idmodelo":"7891","nome_modelo":"CAPTUR Zen 1.6 16V Flex 5p Mec.","montadora_idmontadora":"48"}{"idmodelo":"7928","nome_modelo":"DUSTER DAKAR 4x2 2.0 Hi-Flex 16V Aut.","montadora_idmontadora":"48"}{"idmodelo":"7959","nome_modelo":"SANDERO RS Racing Spirit Flex 2.0 16V 5p","montadora_idmontadora":"48"}{"idmodelo":"7990","nome_modelo":"CAPTUR Intense 1.6 16V Flex 5p Aut.","montadora_idmontadora":"48"}{"idmodelo":"7991","nome_modelo":"CAPTUR Zen 1.6 16V Flex 5p Aut.","montadora_idmontadora":"48"}{"idmodelo":"7992","nome_modelo":"DUSTER Expression1.6 Flex 16V Aut.","montadora_idmontadora":"48"}{"idmodelo":"7993","nome_modelo":"DUSTER Dynamique 1.6 Flex 16V Aut.","montadora_idmontadora":"48"}{"idmodelo":"8021","nome_modelo":"KWID Intense 1.0 Flex 12V 5p Mec.","montadora_idmontadora":"48"}{"idmodelo":"8022","nome_modelo":"KWID Life 1.0 Flex 12V 5p Mec.","montadora_idmontadora":"48"}{"idmodelo":"8023","nome_modelo":"KWID Zen 1.0 Flex 12V 5p Mec.","montadora_idmontadora":"48"}{"idmodelo":"8024","nome_modelo":"LOGAN Expres. Avantage Flex 1.0 12v 4p","montadora_idmontadora":"48"}{"idmodelo":"8025","nome_modelo":"LOGAN Expres. Avantage Flex 1.6 16V 4p","montadora_idmontadora":"48"}{"idmodelo":"8065","nome_modelo":"SANDERO STEPWAY EXP. Flex 1.6 16V 5p","montadora_idmontadora":"48"}{"idmodelo":"8247","nome_modelo":"SANDERO STEP. Easy R Dyn. Flex 1.6 16V","montadora_idmontadora":"48"}{"idmodelo":"8248","nome_modelo":"SANDERO STEPWAY Dynamiq. Flex 1.6 16V 5p","montadora_idmontadora":"48"}