{"idmodelo":"4637","nome_modelo":"M-100 1.0 8V 5p","montadora_idmontadora":"147"}{"idmodelo":"4638","nome_modelo":"ULC FURG\u00c3O 1.0 8V 5p","montadora_idmontadora":"147"}{"idmodelo":"4639","nome_modelo":"ULC PICAPE 1.0 8V 2p","montadora_idmontadora":"147"}{"idmodelo":"4640","nome_modelo":"ULC VAN 1.0 8V 5p","montadora_idmontadora":"147"}{"idmodelo":"5358","nome_modelo":"ULC PICAPE CD 1.0 8V 4p","montadora_idmontadora":"147"}{"idmodelo":"5359","nome_modelo":"ULC PICAPE Longa 1.0 8V 2p","montadora_idmontadora":"147"}{"idmodelo":"5360","nome_modelo":"ULC PICAPE Longa Bau 1.0 8V 2p","montadora_idmontadora":"147"}{"idmodelo":"5660","nome_modelo":"Plutus 3.2 8V 4x2 CD Turbo Diesel","montadora_idmontadora":"147"}{"idmodelo":"5661","nome_modelo":"Start Picape CD 1.0 8V 5p","montadora_idmontadora":"147"}{"idmodelo":"5662","nome_modelo":"Start Picape L 1.0 8V 2p","montadora_idmontadora":"147"}{"idmodelo":"5663","nome_modelo":"Start Van 1.0 8V 4p","montadora_idmontadora":"147"}{"idmodelo":"7342","nome_modelo":"K01 Pick-up CS 1.0 8V 2p","montadora_idmontadora":"147"}{"idmodelo":"7343","nome_modelo":"K02 Pick-up CD 1.0 8V 4p","montadora_idmontadora":"147"}{"idmodelo":"7344","nome_modelo":"V21 Pick-up CS 1.3 16V 2p","montadora_idmontadora":"147"}{"idmodelo":"7345","nome_modelo":"V22 Pick-up CD 1.3 16V 4p","montadora_idmontadora":"147"}