{"idmodelo":"1502","nome_modelo":"323 1.6 16V","montadora_idmontadora":"38"}{"idmodelo":"1503","nome_modelo":"626 GLX","montadora_idmontadora":"38"}{"idmodelo":"1504","nome_modelo":"626 GT","montadora_idmontadora":"38"}{"idmodelo":"1505","nome_modelo":"626 Sedan Aut.","montadora_idmontadora":"38"}{"idmodelo":"1506","nome_modelo":"626 Sedan High","montadora_idmontadora":"38"}{"idmodelo":"1507","nome_modelo":"626 Sedan Mec.","montadora_idmontadora":"38"}{"idmodelo":"1508","nome_modelo":"626 Sedan Top","montadora_idmontadora":"38"}{"idmodelo":"1509","nome_modelo":"626 SW","montadora_idmontadora":"38"}{"idmodelo":"1510","nome_modelo":"626 SW High","montadora_idmontadora":"38"}{"idmodelo":"1511","nome_modelo":"929 V6 Aut","montadora_idmontadora":"38"}{"idmodelo":"1512","nome_modelo":"B2200 Pick-Up 2.2 Diesel","montadora_idmontadora":"38"}{"idmodelo":"1513","nome_modelo":"B2200 Pick-Up CD 2.2 Diesel","montadora_idmontadora":"38"}{"idmodelo":"1514","nome_modelo":"B-2500 Pick-Up 2.5 Diesel","montadora_idmontadora":"38"}{"idmodelo":"1515","nome_modelo":"B-2500 Pick-Up 4x4 2.5 Diesel","montadora_idmontadora":"38"}{"idmodelo":"1516","nome_modelo":"B-2500 Pick-Up CD 4x4 2.5 Diesel","montadora_idmontadora":"38"}{"idmodelo":"1517","nome_modelo":"Millenia 3.0 V6 24V","montadora_idmontadora":"38"}{"idmodelo":"1518","nome_modelo":"MPV Minivan Aut","montadora_idmontadora":"38"}{"idmodelo":"1519","nome_modelo":"MX-3 1.6 16V","montadora_idmontadora":"38"}{"idmodelo":"1520","nome_modelo":"MX-3 GS 1.8 V6 24V","montadora_idmontadora":"38"}{"idmodelo":"1521","nome_modelo":"MX-5 Mec","montadora_idmontadora":"38"}{"idmodelo":"1522","nome_modelo":"Navajo LX 3.0 V6","montadora_idmontadora":"38"}{"idmodelo":"1523","nome_modelo":"Proteg\u00e9 Aut.","montadora_idmontadora":"38"}{"idmodelo":"1524","nome_modelo":"Proteg\u00e9 High","montadora_idmontadora":"38"}{"idmodelo":"1525","nome_modelo":"Proteg\u00e9 Mec.","montadora_idmontadora":"38"}{"idmodelo":"1526","nome_modelo":"RX 7 2.6 Turbo","montadora_idmontadora":"38"}