{"idmodelo":"1781","nome_modelo":"350Z 3.5 V6 280cv\/ 312cv 2p","montadora_idmontadora":"43"}{"idmodelo":"1782","nome_modelo":"Altima GXE 2.4 16V","montadora_idmontadora":"43"}{"idmodelo":"1783","nome_modelo":"Altima SE 2.4 16V","montadora_idmontadora":"43"}{"idmodelo":"1784","nome_modelo":"AX 6.5D Turbo Diesel","montadora_idmontadora":"43"}{"idmodelo":"1785","nome_modelo":"D-21 Pick-Up CD 4x2\/4x4 2.7 Diesel","montadora_idmontadora":"43"}{"idmodelo":"1786","nome_modelo":"D-21 Pick-Up CS 4x2\/4x4 2.7 Diesel","montadora_idmontadora":"43"}{"idmodelo":"1787","nome_modelo":"Frontier AX 3.2 CD Diesel","montadora_idmontadora":"43"}{"idmodelo":"1788","nome_modelo":"Frontier AX CD 4x4 2.5 TB Interc. Diesel","montadora_idmontadora":"43"}{"idmodelo":"1789","nome_modelo":"Frontier DX 3.2 CD Diesel","montadora_idmontadora":"43"}{"idmodelo":"1790","nome_modelo":"Frontier SE Serrana CD 4x4 2.8 TB Dies","montadora_idmontadora":"43"}{"idmodelo":"1791","nome_modelo":"Frontier SE\/SE Strik\/ONE CD 4x4 2.8 Dies","montadora_idmontadora":"43"}{"idmodelo":"1792","nome_modelo":"Frontier SE\/ SE ONE CD 4x2 2.8 TDI Dies","montadora_idmontadora":"43"}{"idmodelo":"1793","nome_modelo":"Frontier XE ATTACK CD 2.8 TDI Diesel","montadora_idmontadora":"43"}{"idmodelo":"1794","nome_modelo":"Frontier XE CS 4x2 2.8 TB Interc. Dies.","montadora_idmontadora":"43"}{"idmodelo":"1795","nome_modelo":"Frontier XE\/ XE TIT. CD 4x2 2.8 TDI Dies","montadora_idmontadora":"43"}{"idmodelo":"1796","nome_modelo":"Frontier XE\/ XE TIT. CD 4x4 2.8 TDI Dies","montadora_idmontadora":"43"}{"idmodelo":"1797","nome_modelo":"Infinit 3.0","montadora_idmontadora":"43"}{"idmodelo":"1798","nome_modelo":"King-Cab SE 4x4 3.0 V6","montadora_idmontadora":"43"}{"idmodelo":"1799","nome_modelo":"Maxima 30G\/ GLE 3.0 V6 24V","montadora_idmontadora":"43"}{"idmodelo":"1800","nome_modelo":"Maxima 30GV Limited 3.0 V6 24V","montadora_idmontadora":"43"}{"idmodelo":"1801","nome_modelo":"Maxima 30GV\/30GV Aero\/ GV 3.0 V6 24V","montadora_idmontadora":"43"}{"idmodelo":"1802","nome_modelo":"Maxima 30J","montadora_idmontadora":"43"}{"idmodelo":"1803","nome_modelo":"Maxima GXE 3.0","montadora_idmontadora":"43"}{"idmodelo":"1804","nome_modelo":"Maxima SE 3.0 V6","montadora_idmontadora":"43"}{"idmodelo":"1805","nome_modelo":"Micra 1.0","montadora_idmontadora":"43"}{"idmodelo":"1806","nome_modelo":"NX 2000","montadora_idmontadora":"43"}{"idmodelo":"1807","nome_modelo":"NX 2000 Targa 2.0","montadora_idmontadora":"43"}{"idmodelo":"1808","nome_modelo":"Pathfinder LE 2.5 16V TDI Diesel Aut","montadora_idmontadora":"43"}{"idmodelo":"1809","nome_modelo":"Pathfinder LE 4.0 V6 24V 266cv Aut","montadora_idmontadora":"43"}{"idmodelo":"1810","nome_modelo":"Pathfinder SE 3.3 V6 12V","montadora_idmontadora":"43"}{"idmodelo":"1811","nome_modelo":"Pathfinder SE 4x4 3.0 12V Aut.\/Mec.","montadora_idmontadora":"43"}{"idmodelo":"1812","nome_modelo":"Pathfinder SE Luxo 3.3 V6 12V","montadora_idmontadora":"43"}{"idmodelo":"1813","nome_modelo":"Pathfinder SE Luxo 3.5 V6 24V 243cv","montadora_idmontadora":"43"}{"idmodelo":"1814","nome_modelo":"Pathfinder SE Titanium 3.3 V6 12V","montadora_idmontadora":"43"}{"idmodelo":"1815","nome_modelo":"Pathfinder XE 2.7 TB Diesel","montadora_idmontadora":"43"}{"idmodelo":"1816","nome_modelo":"Pathfinder XE 4x4","montadora_idmontadora":"43"}{"idmodelo":"1817","nome_modelo":"Pick-Up CD AX\/ DX 4x4 Diesel","montadora_idmontadora":"43"}{"idmodelo":"1818","nome_modelo":"Pick-Up CS DX 4x4 Diesel","montadora_idmontadora":"43"}{"idmodelo":"1819","nome_modelo":"Pick-Up King Cab DX 2.7 4x2 Diesel","montadora_idmontadora":"43"}{"idmodelo":"1820","nome_modelo":"Primera GXE 2.0 16V","montadora_idmontadora":"43"}{"idmodelo":"1821","nome_modelo":"Quest GXE\/ GLE\/ SER","montadora_idmontadora":"43"}{"idmodelo":"1822","nome_modelo":"Quest XE 3.0 V6","montadora_idmontadora":"43"}{"idmodelo":"1823","nome_modelo":"Sentra GLE","montadora_idmontadora":"43"}{"idmodelo":"1824","nome_modelo":"Sentra GSX\/ EX","montadora_idmontadora":"43"}{"idmodelo":"1825","nome_modelo":"Sentra GXE\/ SER","montadora_idmontadora":"43"}{"idmodelo":"1826","nome_modelo":"Stanza XE 2.4 12V","montadora_idmontadora":"43"}{"idmodelo":"1827","nome_modelo":"SX 240 2.4","montadora_idmontadora":"43"}{"idmodelo":"1828","nome_modelo":"Terrano II SE 2.7 Diesel","montadora_idmontadora":"43"}{"idmodelo":"1829","nome_modelo":"Terrano II SLX 2.7 Diesel","montadora_idmontadora":"43"}{"idmodelo":"1830","nome_modelo":"XTerra SE 4x4 2.8 132\/140cv TB Int.Dies.","montadora_idmontadora":"43"}{"idmodelo":"1831","nome_modelo":"XTerra XE 4x4 2.8 132cv TB Int. Diesel","montadora_idmontadora":"43"}{"idmodelo":"1832","nome_modelo":"X-TRAIL GX 2.5 16V 180cv 5p","montadora_idmontadora":"43"}{"idmodelo":"1833","nome_modelo":"ZX 300 3.0 BI-Turbo","montadora_idmontadora":"43"}{"idmodelo":"4120","nome_modelo":"XTerra ECOTRIP 4x4 140cv 2.8 TB Int.Dies","montadora_idmontadora":"43"}{"idmodelo":"4193","nome_modelo":"MURANO SE 3.5 V6 24V 231cv Aut","montadora_idmontadora":"43"}{"idmodelo":"4262","nome_modelo":"Frontier LE CD 4x4 2.5 TB dies.(Import.)","montadora_idmontadora":"43"}{"idmodelo":"4294","nome_modelo":"Sentra 2.0\/ 2.0 Flex Fuel 16V Aut.","montadora_idmontadora":"43"}{"idmodelo":"4295","nome_modelo":"Sentra 2.0\/ 2.0 Flex Fuel 16V Mec.","montadora_idmontadora":"43"}{"idmodelo":"4296","nome_modelo":"Sentra S 2.0\/ 2.0 Flex Fuel 16V Aut.","montadora_idmontadora":"43"}{"idmodelo":"4297","nome_modelo":"Sentra S 2.0\/ 2.0 Flex Fuel 16V Mec.","montadora_idmontadora":"43"}{"idmodelo":"4298","nome_modelo":"Sentra SL 2.0\/ 2.0 Flex Fuel 16V Aut.","montadora_idmontadora":"43"}{"idmodelo":"4404","nome_modelo":"TIIDA S 1.8\/1.8 Flex 16V Mec.","montadora_idmontadora":"43"}{"idmodelo":"4405","nome_modelo":"TIIDA S 1.8\/1.8 Flex 16V Aut.","montadora_idmontadora":"43"}{"idmodelo":"4406","nome_modelo":"TIIDA SL 1.8\/1.8 Flex 16V Mec.","montadora_idmontadora":"43"}{"idmodelo":"4407","nome_modelo":"TIIDA SL 1.8\/1.8 Flex 16V Aut.","montadora_idmontadora":"43"}{"idmodelo":"4408","nome_modelo":"Frontier SE Vibe CD 2.8 TDI Dies.","montadora_idmontadora":"43"}{"idmodelo":"4519","nome_modelo":"Frontier SEL CD 4x4 2.5 TB Diesel","montadora_idmontadora":"43"}{"idmodelo":"4520","nome_modelo":"Frontier SEL CD 4x4 2.5 TB Diesel Aut.","montadora_idmontadora":"43"}{"idmodelo":"4577","nome_modelo":"Pathfinder SE 2.5 16V TDI Diesel Aut.","montadora_idmontadora":"43"}{"idmodelo":"4578","nome_modelo":"Pathfinder SE 4.0 V6 24V 266cv Aut.","montadora_idmontadora":"43"}{"idmodelo":"4736","nome_modelo":"X-TRAIL LE 2.0 16V 138cv Aut.","montadora_idmontadora":"43"}{"idmodelo":"4737","nome_modelo":"X-TRAIL SE 2.0 16V 138cv Aut.","montadora_idmontadora":"43"}{"idmodelo":"4775","nome_modelo":"Frontier LE CD 4x4 2.5 TB Diesel Aut.","montadora_idmontadora":"43"}{"idmodelo":"4776","nome_modelo":"Frontier LE CD 4x4 2.5 TB Diesel Mec.","montadora_idmontadora":"43"}{"idmodelo":"4777","nome_modelo":"Frontier SE\/SE Strik CD 4x2 2.5 TB Dies.","montadora_idmontadora":"43"}{"idmodelo":"4778","nome_modelo":"Frontier SE\/SE Strik CD 4x4 2.5 TB Dies.","montadora_idmontadora":"43"}{"idmodelo":"4779","nome_modelo":"Frontier XE CD 4x2 2.5 TB Diesel","montadora_idmontadora":"43"}{"idmodelo":"4864","nome_modelo":"LIVINA 1.6 16V Flex Fuel 5p","montadora_idmontadora":"43"}{"idmodelo":"4865","nome_modelo":"LIVINA SL 1.6 16V Flex Fuel 5p","montadora_idmontadora":"43"}{"idmodelo":"4866","nome_modelo":"LIVINA 1.8 16V Flex Fuel Aut.","montadora_idmontadora":"43"}{"idmodelo":"4867","nome_modelo":"LIVINA SL 1.8 16V Flex Fuel Aut.","montadora_idmontadora":"43"}{"idmodelo":"4982","nome_modelo":"LIVINA GRAND 1.8 16V Flex Fuel Aut.","montadora_idmontadora":"43"}{"idmodelo":"4983","nome_modelo":"LIVINA GRAND 1.8 16V Flex Fuel Mec.","montadora_idmontadora":"43"}{"idmodelo":"4984","nome_modelo":"LIVINA GRAND SL 1.8 16V Flex Fuel Aut.","montadora_idmontadora":"43"}{"idmodelo":"4985","nome_modelo":"LIVINA GRAND SL 1.8 16V Flex Fuel Mec","montadora_idmontadora":"43"}{"idmodelo":"5036","nome_modelo":"LIVINA X-GEAR 1.6 16V Flex Fuel Mec.","montadora_idmontadora":"43"}{"idmodelo":"5037","nome_modelo":"LIVINA X-GEAR SL 1.6 16V Flex Fuel Mec.","montadora_idmontadora":"43"}{"idmodelo":"5038","nome_modelo":"LIVINA X-GEAR SL\/X-GEAR 1.8 Flex F. Aut.","montadora_idmontadora":"43"}{"idmodelo":"5135","nome_modelo":"Frontier XE CD 4x4 2.5 TB Diesel","montadora_idmontadora":"43"}{"idmodelo":"5253","nome_modelo":"LIVINA GRAND S 1.8 16V Flex Fuel Aut.","montadora_idmontadora":"43"}{"idmodelo":"5254","nome_modelo":"LIVINA GRAND S 1.8 16V Flex Fuel Mec.","montadora_idmontadora":"43"}{"idmodelo":"5255","nome_modelo":"LIVINA S 1.6 16V Flex Fuel Mec.","montadora_idmontadora":"43"}{"idmodelo":"5256","nome_modelo":"LIVINA S 1.8 16V Flex Fuel Aut.","montadora_idmontadora":"43"}{"idmodelo":"5257","nome_modelo":"LIVINA X-GEAR S 1.6 16V Flex Fuel","montadora_idmontadora":"43"}{"idmodelo":"5311","nome_modelo":"TIIDA Sedan 1.8 16V Flex Fuel 4p","montadora_idmontadora":"43"}{"idmodelo":"5474","nome_modelo":"LIVINA NIGHT&DAY 1.6 16V Flex Fuel Mec.","montadora_idmontadora":"43"}{"idmodelo":"5626","nome_modelo":"Frontier LE ATTACK CD 4x4 2.5 TB Die.Aut","montadora_idmontadora":"43"}{"idmodelo":"5627","nome_modelo":"Frontier SE ATTACK CD 4x2 2.5 TB Diesel","montadora_idmontadora":"43"}{"idmodelo":"5628","nome_modelo":"Frontier SE ATTACK CD 4x4 2.5 TB Diesel","montadora_idmontadora":"43"}{"idmodelo":"5643","nome_modelo":"MARCH 1.0 16V Flex Fuel 5p","montadora_idmontadora":"43"}{"idmodelo":"5644","nome_modelo":"MARCH S 1.0 16V Flex Fuel 5p","montadora_idmontadora":"43"}{"idmodelo":"5645","nome_modelo":"Sentra SR 2.0 Flex Fuel 16V Aut.","montadora_idmontadora":"43"}{"idmodelo":"5646","nome_modelo":"Sentra SR 2.0 Flex Fuel 16V Mec.","montadora_idmontadora":"43"}{"idmodelo":"5647","nome_modelo":"Sentra UNIQUE 2.0 Flex Fuel 16V Aut.","montadora_idmontadora":"43"}{"idmodelo":"5691","nome_modelo":"MARCH S 1.6 16V Flex Fuel 5p","montadora_idmontadora":"43"}{"idmodelo":"5692","nome_modelo":"MARCH SV 1.6 16V Flex Fuel","montadora_idmontadora":"43"}{"idmodelo":"5693","nome_modelo":"MARCH SR 1.6 16V Flex Fuel 5p","montadora_idmontadora":"43"}{"idmodelo":"5708","nome_modelo":"VERSA S 1.6 16V Flex Fuel 4p Mec.","montadora_idmontadora":"43"}{"idmodelo":"5709","nome_modelo":"VERSA SL 1.6 16V Flex Fuel 4p Mec.","montadora_idmontadora":"43"}{"idmodelo":"5710","nome_modelo":"VERSA SV 1.6 16V Flex Fuel 4p Mec.","montadora_idmontadora":"43"}{"idmodelo":"6188","nome_modelo":"TIIDA Sedan 1.8 16V Flex Fuel 4p Aut.","montadora_idmontadora":"43"}{"idmodelo":"6212","nome_modelo":"Sentra SE 2.0 Flex 16V Aut.","montadora_idmontadora":"43"}{"idmodelo":"6241","nome_modelo":"Frontier SL CD 4x4 2.5TB Diesel Aut","montadora_idmontadora":"43"}{"idmodelo":"6242","nome_modelo":"Frontier SV ATTACK CD 4x2 2.5 TB Diesel","montadora_idmontadora":"43"}{"idmodelo":"6243","nome_modelo":"Frontier SV AT.CD 4x4 2.5 TB Diesel Mec.","montadora_idmontadora":"43"}{"idmodelo":"6302","nome_modelo":"MARCH Rio2016 1.0 Flex Fuel 5p","montadora_idmontadora":"43"}{"idmodelo":"6303","nome_modelo":"MARCH Rio2016 1.6 Flex Fuel 5p","montadora_idmontadora":"43"}{"idmodelo":"6394","nome_modelo":"Frontier S CD 4x2 2.5 TB Diesel","montadora_idmontadora":"43"}{"idmodelo":"6395","nome_modelo":"Frontier S CD 4x4 2.5 TB Diesel","montadora_idmontadora":"43"}{"idmodelo":"6616","nome_modelo":"Sentra SV 2.0 FlexStart 16V Aut.","montadora_idmontadora":"43"}{"idmodelo":"6644","nome_modelo":"ALTIMA SL 2.5 16V 4p Aut.","montadora_idmontadora":"43"}{"idmodelo":"6756","nome_modelo":"Frontier PLATINUM CD 4x4 2.5 TB Diesel","montadora_idmontadora":"43"}{"idmodelo":"6841","nome_modelo":"MARCH SL 1.6 16V Flex Fuel 5p","montadora_idmontadora":"43"}{"idmodelo":"6842","nome_modelo":"MARCH SV 1.0 16V Flex Fuel 5p","montadora_idmontadora":"43"}{"idmodelo":"6967","nome_modelo":"Frontier SV AT. CD 4x4 2.5 TB Dies. Aut.","montadora_idmontadora":"43"}{"idmodelo":"7164","nome_modelo":"MARCH S 1.0 12V Flex 5p","montadora_idmontadora":"43"}{"idmodelo":"7165","nome_modelo":"MARCH SV 1.0 12V Flex 5p","montadora_idmontadora":"43"}{"idmodelo":"7166","nome_modelo":"VERSA 1.0 12V FlexStart 4p Mec.","montadora_idmontadora":"43"}{"idmodelo":"7167","nome_modelo":"VERSA S 1.0 12V FlexStart 4p Mec.","montadora_idmontadora":"43"}{"idmodelo":"7168","nome_modelo":"VERSA UNIQUE 1.6 16V Flex 4p Mec.","montadora_idmontadora":"43"}{"idmodelo":"7266","nome_modelo":"MARCH 1.0 12V Flex 5p","montadora_idmontadora":"43"}{"idmodelo":"7595","nome_modelo":"Sentra S 2.0 FlexStart 16V Aut.","montadora_idmontadora":"43"}{"idmodelo":"7596","nome_modelo":"Sentra SL 2.0 FlexStart 16V Aut.","montadora_idmontadora":"43"}{"idmodelo":"7622","nome_modelo":"MARCH 1.0 12V FlexStart 5p","montadora_idmontadora":"43"}{"idmodelo":"7623","nome_modelo":"MARCH SL 1.6 16V FlexStart 5p Aut.","montadora_idmontadora":"43"}{"idmodelo":"7624","nome_modelo":"MARCH SL 1.6 16V FlexStart 5p Mec.","montadora_idmontadora":"43"}{"idmodelo":"7625","nome_modelo":"MARCH SV 1.6 16V FlexStart 5p Aut.","montadora_idmontadora":"43"}{"idmodelo":"7626","nome_modelo":"MARCH SV 1.6 16V FlexStart 5p Mec.","montadora_idmontadora":"43"}{"idmodelo":"7627","nome_modelo":"VERSA S 1.6 16V FlexStart 4p Mec.","montadora_idmontadora":"43"}{"idmodelo":"7628","nome_modelo":"VERSA SL 1.6 16V FlexStart 4p Aut.","montadora_idmontadora":"43"}{"idmodelo":"7629","nome_modelo":"VERSA SL 1.6 16V FlexStart 4p Mec.","montadora_idmontadora":"43"}{"idmodelo":"7630","nome_modelo":"VERSA SV 1.6 16V FlexStart 4p Aut.","montadora_idmontadora":"43"}{"idmodelo":"7631","nome_modelo":"VERSA SV 1.6 16V FlexStart 4p Mec.","montadora_idmontadora":"43"}{"idmodelo":"7632","nome_modelo":"VERSA UNIQUE 1.6 16V FlexStart 4p Aut.","montadora_idmontadora":"43"}{"idmodelo":"7669","nome_modelo":"KICKS Rio 2016 1.6 16V FlexStar 5p Aut.","montadora_idmontadora":"43"}{"idmodelo":"7670","nome_modelo":"KICKS SL 1.6 16V FlexStar 5p Aut.","montadora_idmontadora":"43"}{"idmodelo":"7709","nome_modelo":"MARCH S 1.6 16V FlexStart 5p","montadora_idmontadora":"43"}{"idmodelo":"7805","nome_modelo":"GT-R 3.8 V6 BiTurbo Aut.","montadora_idmontadora":"43"}{"idmodelo":"7839","nome_modelo":"KICKS SV Limited 1.6 16V Flex 5p Aut.","montadora_idmontadora":"43"}{"idmodelo":"7887","nome_modelo":"Frontier LE CD 4x4 2.3 Bi-TB Diesel Aut.","montadora_idmontadora":"43"}{"idmodelo":"7982","nome_modelo":"KICKS S 1.6 16V FlexStar 5p Mec.","montadora_idmontadora":"43"}{"idmodelo":"7983","nome_modelo":"KICKS SV 1.6 16V FlexStar 5p Aut.","montadora_idmontadora":"43"}{"idmodelo":"8020","nome_modelo":"KICKS S 1.6 16V Flex 5p Aut.","montadora_idmontadora":"43"}{"idmodelo":"8132","nome_modelo":"Frontier SE CD 4x4 2.3 Bi-TB Diesel Aut.","montadora_idmontadora":"43"}