{"idmodelo":"152","nome_modelo":"120i 2.0 16V 150cv\/ 156cv 5p","montadora_idmontadora":"7"}{"idmodelo":"153","nome_modelo":"120iA 2.0 16V 150cv\/ 156cv 5p","montadora_idmontadora":"7"}{"idmodelo":"154","nome_modelo":"316 (todas)","montadora_idmontadora":"7"}{"idmodelo":"155","nome_modelo":"318i Cabrio 1.8 16V","montadora_idmontadora":"7"}{"idmodelo":"156","nome_modelo":"318i\/iA 1.8 16V","montadora_idmontadora":"7"}{"idmodelo":"157","nome_modelo":"318i\/iA Compact 1.8 16V","montadora_idmontadora":"7"}{"idmodelo":"158","nome_modelo":"318iS\/ISA 1.9 16V","montadora_idmontadora":"7"}{"idmodelo":"159","nome_modelo":"318Ti Compact Mec","montadora_idmontadora":"7"}{"idmodelo":"160","nome_modelo":"318Ti\/TiA Compact 1.9 16V","montadora_idmontadora":"7"}{"idmodelo":"161","nome_modelo":"320i","montadora_idmontadora":"7"}{"idmodelo":"162","nome_modelo":"320iA","montadora_idmontadora":"7"}{"idmodelo":"163","nome_modelo":"323Ci Coup\u00ea","montadora_idmontadora":"7"}{"idmodelo":"164","nome_modelo":"323CiA Coup\u00ea","montadora_idmontadora":"7"}{"idmodelo":"165","nome_modelo":"323i 2.5 24V","montadora_idmontadora":"7"}{"idmodelo":"166","nome_modelo":"323i Confort","montadora_idmontadora":"7"}{"idmodelo":"167","nome_modelo":"323i Sport","montadora_idmontadora":"7"}{"idmodelo":"168","nome_modelo":"323i Touring","montadora_idmontadora":"7"}{"idmodelo":"169","nome_modelo":"323iA 2.5 24V","montadora_idmontadora":"7"}{"idmodelo":"170","nome_modelo":"323iA Confort","montadora_idmontadora":"7"}{"idmodelo":"171","nome_modelo":"323iA Entry Sedan","montadora_idmontadora":"7"}{"idmodelo":"172","nome_modelo":"323i\/iA Exclusive","montadora_idmontadora":"7"}{"idmodelo":"173","nome_modelo":"323iA Sport","montadora_idmontadora":"7"}{"idmodelo":"174","nome_modelo":"323iA Top Sedan","montadora_idmontadora":"7"}{"idmodelo":"175","nome_modelo":"323iA Touring","montadora_idmontadora":"7"}{"idmodelo":"176","nome_modelo":"323Ti Compact","montadora_idmontadora":"7"}{"idmodelo":"177","nome_modelo":"323Ti Compact Sport","montadora_idmontadora":"7"}{"idmodelo":"178","nome_modelo":"323TiA Compact Top","montadora_idmontadora":"7"}{"idmodelo":"179","nome_modelo":"325i","montadora_idmontadora":"7"}{"idmodelo":"180","nome_modelo":"325i\/iA Cabrio","montadora_idmontadora":"7"}{"idmodelo":"181","nome_modelo":"325iA","montadora_idmontadora":"7"}{"idmodelo":"182","nome_modelo":"325iA 2.5 24V Protection","montadora_idmontadora":"7"}{"idmodelo":"183","nome_modelo":"325iA Coup\u00e9 2.5 24V 2p","montadora_idmontadora":"7"}{"idmodelo":"184","nome_modelo":"328i Exclusive 2.8 24V","montadora_idmontadora":"7"}{"idmodelo":"185","nome_modelo":"328i Touring\/Sport","montadora_idmontadora":"7"}{"idmodelo":"186","nome_modelo":"328i\/iA (modelo antigo)","montadora_idmontadora":"7"}{"idmodelo":"187","nome_modelo":"328i\/iA (novo modelo)","montadora_idmontadora":"7"}{"idmodelo":"188","nome_modelo":"328i\/iA Cabrio","montadora_idmontadora":"7"}{"idmodelo":"189","nome_modelo":"328iA Exclusive 2.8 24V","montadora_idmontadora":"7"}{"idmodelo":"190","nome_modelo":"328iA Touring\/Sport","montadora_idmontadora":"7"}{"idmodelo":"191","nome_modelo":"330Ci Cabriolet","montadora_idmontadora":"7"}{"idmodelo":"192","nome_modelo":"330CiA Cabriolet","montadora_idmontadora":"7"}{"idmodelo":"193","nome_modelo":"330i MotorSport 3.0 24V 4p","montadora_idmontadora":"7"}{"idmodelo":"194","nome_modelo":"330iA MotorSport 4p","montadora_idmontadora":"7"}{"idmodelo":"195","nome_modelo":"330iA Top 4p","montadora_idmontadora":"7"}{"idmodelo":"196","nome_modelo":"520i 2.0 16V","montadora_idmontadora":"7"}{"idmodelo":"197","nome_modelo":"525i\/iA","montadora_idmontadora":"7"}{"idmodelo":"198","nome_modelo":"525i\/iA Touring","montadora_idmontadora":"7"}{"idmodelo":"199","nome_modelo":"528i\/iA","montadora_idmontadora":"7"}{"idmodelo":"200","nome_modelo":"528iA High","montadora_idmontadora":"7"}{"idmodelo":"201","nome_modelo":"528iA Touring","montadora_idmontadora":"7"}{"idmodelo":"202","nome_modelo":"530i\/iA","montadora_idmontadora":"7"}{"idmodelo":"203","nome_modelo":"530i\/iA Touring","montadora_idmontadora":"7"}{"idmodelo":"204","nome_modelo":"535i\/iA 3.5 24V","montadora_idmontadora":"7"}{"idmodelo":"205","nome_modelo":"540i","montadora_idmontadora":"7"}{"idmodelo":"206","nome_modelo":"540i\/iA Touring","montadora_idmontadora":"7"}{"idmodelo":"207","nome_modelo":"540iA","montadora_idmontadora":"7"}{"idmodelo":"208","nome_modelo":"540iA MotorSport","montadora_idmontadora":"7"}{"idmodelo":"209","nome_modelo":"540iA Protection","montadora_idmontadora":"7"}{"idmodelo":"210","nome_modelo":"540iTA","montadora_idmontadora":"7"}{"idmodelo":"211","nome_modelo":"545iA 4.4 32V V8 333cv","montadora_idmontadora":"7"}{"idmodelo":"212","nome_modelo":"645iA 4.4 V8 32V 333cv","montadora_idmontadora":"7"}{"idmodelo":"213","nome_modelo":"730i 3.0 32V","montadora_idmontadora":"7"}{"idmodelo":"214","nome_modelo":"730iA 3.0 32V","montadora_idmontadora":"7"}{"idmodelo":"215","nome_modelo":"735i\/iA 3.5 32V","montadora_idmontadora":"7"}{"idmodelo":"216","nome_modelo":"740i","montadora_idmontadora":"7"}{"idmodelo":"217","nome_modelo":"740iA","montadora_idmontadora":"7"}{"idmodelo":"218","nome_modelo":"740iL\/iLA Highline 4.4 32V","montadora_idmontadora":"7"}{"idmodelo":"219","nome_modelo":"740iLA Protection","montadora_idmontadora":"7"}{"idmodelo":"220","nome_modelo":"745iA 4.4 V8 32V 333cv","montadora_idmontadora":"7"}{"idmodelo":"221","nome_modelo":"750i","montadora_idmontadora":"7"}{"idmodelo":"222","nome_modelo":"750iA","montadora_idmontadora":"7"}{"idmodelo":"223","nome_modelo":"750iL Highline 5.4 24V","montadora_idmontadora":"7"}{"idmodelo":"224","nome_modelo":"760iL 6.0 V12 445cv\/544cv","montadora_idmontadora":"7"}{"idmodelo":"225","nome_modelo":"840Ci","montadora_idmontadora":"7"}{"idmodelo":"226","nome_modelo":"840CiA","montadora_idmontadora":"7"}{"idmodelo":"227","nome_modelo":"850Ci\/CiA 5.0 24V","montadora_idmontadora":"7"}{"idmodelo":"228","nome_modelo":"850Ci\/CiA 5.4 24V","montadora_idmontadora":"7"}{"idmodelo":"229","nome_modelo":"850CSi 5.6 24V","montadora_idmontadora":"7"}{"idmodelo":"230","nome_modelo":"850i 5.0 24V","montadora_idmontadora":"7"}{"idmodelo":"231","nome_modelo":"M Roadster","montadora_idmontadora":"7"}{"idmodelo":"232","nome_modelo":"M3 3.2 24V","montadora_idmontadora":"7"}{"idmodelo":"233","nome_modelo":"M3 Cabrio 3.0 24V","montadora_idmontadora":"7"}{"idmodelo":"234","nome_modelo":"M3 Coup\u00ea 3.0 24V 255cv","montadora_idmontadora":"7"}{"idmodelo":"235","nome_modelo":"M3 Coup\u00ea 3.0 V6 24V 282cv","montadora_idmontadora":"7"}{"idmodelo":"236","nome_modelo":"M5 3.8\/Touring 3.8 24V","montadora_idmontadora":"7"}{"idmodelo":"237","nome_modelo":"M5 5.0 32V\/ 40V","montadora_idmontadora":"7"}{"idmodelo":"238","nome_modelo":"M6 5.0 V10 40V 507cv","montadora_idmontadora":"7"}{"idmodelo":"239","nome_modelo":"X3 Family 2.5 24V 192cv\/ 218cv","montadora_idmontadora":"7"}{"idmodelo":"240","nome_modelo":"X3 Family 3.0 24V 231cv","montadora_idmontadora":"7"}{"idmodelo":"241","nome_modelo":"X3 Sport 3.0 24V 231cv","montadora_idmontadora":"7"}{"idmodelo":"242","nome_modelo":"X5 3.0 4x4","montadora_idmontadora":"7"}{"idmodelo":"243","nome_modelo":"X5 4.4 4x4","montadora_idmontadora":"7"}{"idmodelo":"244","nome_modelo":"X5 4.8 4x4 V8 32V 360cv","montadora_idmontadora":"7"}{"idmodelo":"245","nome_modelo":"X5 Sport 4.4 4x4 V8 32V","montadora_idmontadora":"7"}{"idmodelo":"246","nome_modelo":"Z3 2.8 Aut.","montadora_idmontadora":"7"}{"idmodelo":"247","nome_modelo":"Z3 2.8 Mec.","montadora_idmontadora":"7"}{"idmodelo":"248","nome_modelo":"Z3 3.0 24V Roadster 2p","montadora_idmontadora":"7"}{"idmodelo":"249","nome_modelo":"Z3 Roadster 1.9 Mec.","montadora_idmontadora":"7"}{"idmodelo":"250","nome_modelo":"Z3 Roadster M 3.2","montadora_idmontadora":"7"}{"idmodelo":"251","nome_modelo":"Z4 Roadster 3.0 V6 24V Aut.","montadora_idmontadora":"7"}{"idmodelo":"252","nome_modelo":"Z4 Roadster Sport 3.0 24V 231cv Aut.","montadora_idmontadora":"7"}{"idmodelo":"253","nome_modelo":"Z8 5.0 V8","montadora_idmontadora":"7"}{"idmodelo":"3879","nome_modelo":"130i 3.0 24V 265cv 5p","montadora_idmontadora":"7"}{"idmodelo":"3880","nome_modelo":"550iA 4.8 32V","montadora_idmontadora":"7"}{"idmodelo":"3929","nome_modelo":"645Ci Cabriolet 4.4 V8 32V 333cv","montadora_idmontadora":"7"}{"idmodelo":"3955","nome_modelo":"325iA Touring","montadora_idmontadora":"7"}{"idmodelo":"3956","nome_modelo":"330iA Exclusive 3.0 24V 4p","montadora_idmontadora":"7"}{"idmodelo":"4125","nome_modelo":"650iA 4.8 V8 32V 360cv","montadora_idmontadora":"7"}{"idmodelo":"4126","nome_modelo":"650Ci Cabriolet 4.8 V8 32V 360cv","montadora_idmontadora":"7"}{"idmodelo":"4185","nome_modelo":"Z4 Roadster 2.0 150cv 2p","montadora_idmontadora":"7"}{"idmodelo":"4199","nome_modelo":"130iA 3.0 24V 265cv 5p","montadora_idmontadora":"7"}{"idmodelo":"4241","nome_modelo":"X3 Sport 2.5 24V 192cv\/ 218cv","montadora_idmontadora":"7"}{"idmodelo":"4242","nome_modelo":"X5 Security 4.4 4x4 V8 32V","montadora_idmontadora":"7"}{"idmodelo":"4243","nome_modelo":"Z4 Coup\u00e9 M 3.2 V6 24V 343cv","montadora_idmontadora":"7"}{"idmodelo":"4244","nome_modelo":"Z4 Roadster M 3.2 V6 24V 343cv","montadora_idmontadora":"7"}{"idmodelo":"4272","nome_modelo":"335iA 3.0 24V 306cv","montadora_idmontadora":"7"}{"idmodelo":"4331","nome_modelo":"X5 Sport 4.8 4x4 V8 32V 355cv","montadora_idmontadora":"7"}{"idmodelo":"4416","nome_modelo":"335iA Cabriolet 3.0 24V 306cv","montadora_idmontadora":"7"}{"idmodelo":"4432","nome_modelo":"550iA Security 4.8 32V","montadora_idmontadora":"7"}{"idmodelo":"4473","nome_modelo":"130iA 3.0 24V 265cv 3p","montadora_idmontadora":"7"}{"idmodelo":"4527","nome_modelo":"M3 Coup\u00ea 4.0 32V","montadora_idmontadora":"7"}{"idmodelo":"4585","nome_modelo":"X5 Endurance 4.8is 4x4 V8 32V 355cv Aut.","montadora_idmontadora":"7"}{"idmodelo":"4683","nome_modelo":"120iA Cabrio 2.0 16V 156cv 2p","montadora_idmontadora":"7"}{"idmodelo":"4700","nome_modelo":"120iA 2.0 16V 156cv 3p","montadora_idmontadora":"7"}{"idmodelo":"4745","nome_modelo":"X6 XDRIVE 35i 3.0 306cv Bi-Turbo","montadora_idmontadora":"7"}{"idmodelo":"4746","nome_modelo":"X6 XDRIVE 50i 4.4 407cv Bi-Turbo","montadora_idmontadora":"7"}{"idmodelo":"4823","nome_modelo":"M3 Sedan 4.0 32V","montadora_idmontadora":"7"}{"idmodelo":"4887","nome_modelo":"Z3 Roadster 2.8","montadora_idmontadora":"7"}{"idmodelo":"4919","nome_modelo":"M3 Cabrio 4.0 32V","montadora_idmontadora":"7"}{"idmodelo":"4960","nome_modelo":"118iA 2.0 16V 136cv 5p","montadora_idmontadora":"7"}{"idmodelo":"4961","nome_modelo":"135iA Coup\u00e9 3.0 24V 306cv","montadora_idmontadora":"7"}{"idmodelo":"4995","nome_modelo":"550iA Limited Sport Edition 4.8 32V","montadora_idmontadora":"7"}{"idmodelo":"4996","nome_modelo":"Z4 Roadster sDRIVE 23i 2.5 24V 204cv 2p","montadora_idmontadora":"7"}{"idmodelo":"4997","nome_modelo":"Z4 Roadster sDRIVE 35i 3.0 24V 306cv 2p","montadora_idmontadora":"7"}{"idmodelo":"5020","nome_modelo":"X5 Security 4.8is 4x4 V8 32V 355cv Aut.","montadora_idmontadora":"7"}{"idmodelo":"5057","nome_modelo":"650iA Limited Sport Edition 4.8 32V","montadora_idmontadora":"7"}{"idmodelo":"5158","nome_modelo":"X1 XDRIVE 28i 3.0 24V 4x4 Aut.","montadora_idmontadora":"7"}{"idmodelo":"5188","nome_modelo":"X5 M 4.4 4x4 V8 32V Bi-Turbo Aut.","montadora_idmontadora":"7"}{"idmodelo":"5189","nome_modelo":"X6 M 4.4 4x4 V8 32V Bi-Turbo Aut.","montadora_idmontadora":"7"}{"idmodelo":"5267","nome_modelo":"535iA 3.0 24V 306cv Bi-Turbo","montadora_idmontadora":"7"}{"idmodelo":"5268","nome_modelo":"550iA 4.4 32V 407cv Bi-Turbo","montadora_idmontadora":"7"}{"idmodelo":"5269","nome_modelo":"X1 SDRIVE 18i 2.0 16V 4x2 Aut.","montadora_idmontadora":"7"}{"idmodelo":"5292","nome_modelo":"535iA GT 3.0 306cv Bi-Turbo","montadora_idmontadora":"7"}{"idmodelo":"5356","nome_modelo":"X5 XDRIVE 35i 3.0 306cv Bi-Turbo","montadora_idmontadora":"7"}{"idmodelo":"5357","nome_modelo":"X5 XDRIVE 50i 4.4 Bi-Turbo","montadora_idmontadora":"7"}{"idmodelo":"5497","nome_modelo":"X3 XDRIVE 35i\/M-Sport 3.0 306cv Bi-Turbo","montadora_idmontadora":"7"}{"idmodelo":"5576","nome_modelo":"118iA 2.0 16V 136cv 3p","montadora_idmontadora":"7"}{"idmodelo":"5589","nome_modelo":"750iLA 4.4 ActiveHybrid 7","montadora_idmontadora":"7"}{"idmodelo":"5590","nome_modelo":"X5 XDRIVE 50i Security 4.4 Bi-Turbo","montadora_idmontadora":"7"}{"idmodelo":"5607","nome_modelo":"318iA 2.0 16V 136cv 5p","montadora_idmontadora":"7"}{"idmodelo":"5608","nome_modelo":"X3 XDRIVE 28i 3.0 258cv","montadora_idmontadora":"7"}{"idmodelo":"5718","nome_modelo":"650Ci Cabriolet 4.4 407cv Bi-Turbo","montadora_idmontadora":"7"}{"idmodelo":"5719","nome_modelo":"M1 Coupe 3.0 24V 340cv","montadora_idmontadora":"7"}{"idmodelo":"5923","nome_modelo":"118iA\/ Urban\/Sport 1.6 TB 16V 170cv 5p","montadora_idmontadora":"7"}{"idmodelo":"6046","nome_modelo":"328iA 2.0 TB\/2.0 TB Flex 16V 4p","montadora_idmontadora":"7"}{"idmodelo":"6047","nome_modelo":"328iA Luxury\/Modern 2.0 TB 16V 4p","montadora_idmontadora":"7"}{"idmodelo":"6048","nome_modelo":"328iA Plus 2.0 TB 16V 245cv 4p","montadora_idmontadora":"7"}{"idmodelo":"6049","nome_modelo":"328iA Sport 2.0 16V\/2.0 16V Flex 4p","montadora_idmontadora":"7"}{"idmodelo":"6090","nome_modelo":"320iA 2.0 Turbo\/ActiveFlex 16V 184cv 4p","montadora_idmontadora":"7"}{"idmodelo":"6091","nome_modelo":"320iA Modern\/Sport TB 2.0\/A.Flex 16V 4p","montadora_idmontadora":"7"}{"idmodelo":"6146","nome_modelo":"116iA 1.6 TB 16V 136cv 5p","montadora_idmontadora":"7"}{"idmodelo":"6147","nome_modelo":"118iA Full 1.6 TB 16V 170cv 5p","montadora_idmontadora":"7"}{"idmodelo":"6148","nome_modelo":"335iA Sport 3.0 24V 306cv 4p","montadora_idmontadora":"7"}{"idmodelo":"6149","nome_modelo":"528iA 2.0 Turbo 16V 245cv 4p","montadora_idmontadora":"7"}{"idmodelo":"6150","nome_modelo":"650iA 4.4 407cv Bi-Turbo","montadora_idmontadora":"7"}{"idmodelo":"6151","nome_modelo":"X1 XDRIVE 28i 2.0 Turbo 16V 4x4 Aut.","montadora_idmontadora":"7"}{"idmodelo":"6230","nome_modelo":"X1 SDRIVE 20i 2.0\/2.0 TB Acti.Flex Aut.","montadora_idmontadora":"7"}{"idmodelo":"6260","nome_modelo":"M5 4.4 560cv Bi-Turbo Aut.","montadora_idmontadora":"7"}{"idmodelo":"6261","nome_modelo":"Z4 Roadster sDRIVE 20i 2.0 16V 2p Aut.","montadora_idmontadora":"7"}{"idmodelo":"6294","nome_modelo":"X3 XDRIVE 28i 2.0 Turbo 245cv Aut.","montadora_idmontadora":"7"}{"idmodelo":"6377","nome_modelo":"125i M Sport\/Active Flex 2.0 TB Aut. 5p","montadora_idmontadora":"7"}{"idmodelo":"6378","nome_modelo":"640i Gran Coupe 3.0 320cv 4p","montadora_idmontadora":"7"}{"idmodelo":"6415","nome_modelo":"535iA M Sport 3.0 24V 306cv Bi-Turbo","montadora_idmontadora":"7"}{"idmodelo":"6416","nome_modelo":"M 135i 3.0 24V 320cv","montadora_idmontadora":"7"}{"idmodelo":"6417","nome_modelo":"X3 XDRIVE 20i 2.0\/X-Line Bi-TB Flex Aut.","montadora_idmontadora":"7"}{"idmodelo":"6460","nome_modelo":"M6 Coupe 4.4 Bi-Turbo V8 32V","montadora_idmontadora":"7"}{"idmodelo":"6512","nome_modelo":"335i 3.0 ActiveHybrid 3","montadora_idmontadora":"7"}{"idmodelo":"6513","nome_modelo":"335iA M Sport 3.0 24V 306cv 4p","montadora_idmontadora":"7"}{"idmodelo":"6514","nome_modelo":"528iA M Sport 2.0 Turbo 16V 245cv 4p","montadora_idmontadora":"7"}{"idmodelo":"6609","nome_modelo":"320iA GT Sport 2.0 Turbo 16V 184cv 5p","montadora_idmontadora":"7"}{"idmodelo":"6633","nome_modelo":"328iA GT M Sport 2.0 Turbo 16V 245cv 5p","montadora_idmontadora":"7"}{"idmodelo":"6634","nome_modelo":"650i Gran Coupe 4.4 V8 450cv 4p","montadora_idmontadora":"7"}{"idmodelo":"6635","nome_modelo":"M6 Gran Coupe 4.4 Bi-Turbo V8 32V 560cv","montadora_idmontadora":"7"}{"idmodelo":"6660","nome_modelo":"316i 1.6 TB 16V 136cv 4p","montadora_idmontadora":"7"}{"idmodelo":"6691","nome_modelo":"435iA M Sport Coupe 3.0 24V 306cv 2p","montadora_idmontadora":"7"}{"idmodelo":"6710","nome_modelo":"X5 XDRIVE 50i M Sport 4.4 Bi-Turbo","montadora_idmontadora":"7"}{"idmodelo":"6910","nome_modelo":"M 235i Coupe 3.0 24V 326cv","montadora_idmontadora":"7"}{"idmodelo":"6911","nome_modelo":"X5 XDRIVE 35i Full 3.0 306cv Bi-Turbo","montadora_idmontadora":"7"}{"idmodelo":"6952","nome_modelo":"428i Cabriolet Sport 2.0 TB 245cv 2p","montadora_idmontadora":"7"}{"idmodelo":"7023","nome_modelo":"i3 Rex E Drive 170cv Aut.(El\u00e9trico)","montadora_idmontadora":"7"}{"idmodelo":"7024","nome_modelo":"i3 Rex E Drive Full 170cv Aut.(El\u00e9trico)","montadora_idmontadora":"7"}{"idmodelo":"7025","nome_modelo":"i8 e-Drive 1.5 TB 12V 362cv Aut.","montadora_idmontadora":"7"}{"idmodelo":"7065","nome_modelo":"X4 XDRIVE 28i X-Line 2.0 Turbo 245cv Aut","montadora_idmontadora":"7"}{"idmodelo":"7066","nome_modelo":"X4 XDRIVE 35i M-Sport 3.0 TB 306cv Aut.","montadora_idmontadora":"7"}{"idmodelo":"7083","nome_modelo":"420i Cabriolet Sport 2.0 TB 184cv 2p","montadora_idmontadora":"7"}{"idmodelo":"7084","nome_modelo":"428i Gran Coupe M Sport 2.0 TB 245cv","montadora_idmontadora":"7"}{"idmodelo":"7085","nome_modelo":"428i Gran Coupe Sport 2.0 TB 245cv","montadora_idmontadora":"7"}{"idmodelo":"7086","nome_modelo":"X1 XDRIVE 28i Sport 2.0 ActiveFlex Aut.","montadora_idmontadora":"7"}{"idmodelo":"7087","nome_modelo":"X5 XDRIVE 30d Full 3.0 258cv Diesel","montadora_idmontadora":"7"}{"idmodelo":"7088","nome_modelo":"X6 XDRIVE 50i M Sport 4.4 Bi-Turbo","montadora_idmontadora":"7"}{"idmodelo":"7116","nome_modelo":"M4 Coupe 3.0 Bi-Turbo 24V 431cv 2p","montadora_idmontadora":"7"}{"idmodelo":"7117","nome_modelo":"X5 XDRIVE M50d 3.0 381cv Diesel","montadora_idmontadora":"7"}{"idmodelo":"7129","nome_modelo":"225i Active Tourer Sport 2.0 TB Aut.","montadora_idmontadora":"7"}{"idmodelo":"7130","nome_modelo":"M3 Sedan 3.0 Bi-Turbo 24V 4p","montadora_idmontadora":"7"}{"idmodelo":"7147","nome_modelo":"750i M Sport Sedan 4.4 V8 450cv Aut.","montadora_idmontadora":"7"}{"idmodelo":"7148","nome_modelo":"M4 Cabriolet 3.0 Bi-Turbo 24V 431cv 2p","montadora_idmontadora":"7"}{"idmodelo":"7178","nome_modelo":"120iA Sport 2.0\/ActiveFlex 16V Aut.","montadora_idmontadora":"7"}{"idmodelo":"7256","nome_modelo":"320iA 2.0 TB M Sport ActiveFlex 16V 4p","montadora_idmontadora":"7"}{"idmodelo":"7283","nome_modelo":"X5 XDRIVE 30d 3.0 258cv Diesel","montadora_idmontadora":"7"}{"idmodelo":"7303","nome_modelo":"328iA M Sport 2.0 16V Flex 4p","montadora_idmontadora":"7"}{"idmodelo":"7448","nome_modelo":"220iTourer Active Flex 2.0 TB Aut.","montadora_idmontadora":"7"}{"idmodelo":"7449","nome_modelo":"X1 XDRIVE 25i Sport 2.0\/2.0 Flex Aut.","montadora_idmontadora":"7"}{"idmodelo":"7611","nome_modelo":"M2 Coupe 3.0 Turbo 24V 370cv","montadora_idmontadora":"7"}{"idmodelo":"7657","nome_modelo":"750iL M Sport Sedan 4.4 V8 450cv Aut.","montadora_idmontadora":"7"}{"idmodelo":"7728","nome_modelo":"430i Cab. Sport Limited Ed.2.0 TB 2p","montadora_idmontadora":"7"}{"idmodelo":"7729","nome_modelo":"430i Gran Coup\u00e9 M Sport TB 5p","montadora_idmontadora":"7"}{"idmodelo":"7823","nome_modelo":"M140i 3.0 24V 340cv 5p","montadora_idmontadora":"7"}{"idmodelo":"7857","nome_modelo":"M240i Coupe 3.0 24V 340cv 2p","montadora_idmontadora":"7"}{"idmodelo":"7875","nome_modelo":"430i Cabriolet Sport 2.0 TB 252cv 2p","montadora_idmontadora":"7"}{"idmodelo":"7918","nome_modelo":"530i M Sport 2.0 Turbo 252cv Aut.","montadora_idmontadora":"7"}{"idmodelo":"7919","nome_modelo":"540i M Sport 3.0 Turbo 340cv Aut.","montadora_idmontadora":"7"}{"idmodelo":"8232","nome_modelo":"X3 M40i 3.0 Turbo V6 360cv Aut.","montadora_idmontadora":"7"}{"idmodelo":"8233","nome_modelo":"X3 XDRIVE 30i X-Line 2.0 Turbo 252cv Aut","montadora_idmontadora":"7"}{"idmodelo":"8277","nome_modelo":"X2 SDRIVE 20i M Sport 2.0 TB 192cv Aut.","montadora_idmontadora":"7"}{"idmodelo":"8314","nome_modelo":"M4 CS Coupe 3.0 Bi-Turbo 460cv 2p","montadora_idmontadora":"7"}{"idmodelo":"8338","nome_modelo":"X2 SDRIVE 20i 2.0 TB 16V 192cv Aut.","montadora_idmontadora":"7"}