{"idmodelo":"5980","nome_modelo":"SY1020 T20 TRUCKS","montadora_idmontadora":"183"}{"idmodelo":"5981","nome_modelo":"SY6390 A9 CARGOV","montadora_idmontadora":"183"}{"idmodelo":"5982","nome_modelo":"SY6390 A9 PVANS","montadora_idmontadora":"183"}{"idmodelo":"6308","nome_modelo":"SY1020 T 20 TRUCKS BAU","montadora_idmontadora":"183"}{"idmodelo":"6309","nome_modelo":"SY1020 T 22 TRUCKS CD","montadora_idmontadora":"183"}{"idmodelo":"6714","nome_modelo":"SY6370 A7 PVAN","montadora_idmontadora":"183"}{"idmodelo":"6975","nome_modelo":"X30 VAN 1.3 16V Mec.","montadora_idmontadora":"183"}