{"idmodelo":"373","nome_modelo":"Applause 1.6 16V","montadora_idmontadora":"16"}{"idmodelo":"374","nome_modelo":"Applause DLX 1.6 16V","montadora_idmontadora":"16"}{"idmodelo":"375","nome_modelo":"Charade CX\/TS 1.0","montadora_idmontadora":"16"}{"idmodelo":"376","nome_modelo":"Charade Sedan 1.5\/DLX 1.3","montadora_idmontadora":"16"}{"idmodelo":"377","nome_modelo":"Charade Sedan 1.3i 16V","montadora_idmontadora":"16"}{"idmodelo":"378","nome_modelo":"Charade TS\/TSi 1.3\/LSi 1.5 16V","montadora_idmontadora":"16"}{"idmodelo":"379","nome_modelo":"Charade TX 1.3 16V","montadora_idmontadora":"16"}{"idmodelo":"380","nome_modelo":"Cuore 0\/TS0 85i","montadora_idmontadora":"16"}{"idmodelo":"381","nome_modelo":"Cuore CS\/CSL","montadora_idmontadora":"16"}{"idmodelo":"382","nome_modelo":"Cuore TS\/TSL","montadora_idmontadora":"16"}{"idmodelo":"383","nome_modelo":"Feroza DX 1.6 16V","montadora_idmontadora":"16"}{"idmodelo":"384","nome_modelo":"Feroza SX 1.6i 16V","montadora_idmontadora":"16"}{"idmodelo":"385","nome_modelo":"Gran Move 1.5\/1.6 16V","montadora_idmontadora":"16"}{"idmodelo":"386","nome_modelo":"Move Van","montadora_idmontadora":"16"}{"idmodelo":"387","nome_modelo":"Terios 1.3 16V","montadora_idmontadora":"16"}