{"idmodelo":"1436","nome_modelo":"Laika 1.5","montadora_idmontadora":"32"}{"idmodelo":"1437","nome_modelo":"Laika 1.6","montadora_idmontadora":"32"}{"idmodelo":"1438","nome_modelo":"Laika SW 5p","montadora_idmontadora":"32"}{"idmodelo":"1439","nome_modelo":"Niva 1.6 RC\/ Pantanal 4x4","montadora_idmontadora":"32"}{"idmodelo":"1440","nome_modelo":"Niva 1.6\/ CD 4x4","montadora_idmontadora":"32"}{"idmodelo":"1441","nome_modelo":"Niva 1.7i 4x4","montadora_idmontadora":"32"}{"idmodelo":"1442","nome_modelo":"Samara 1.3\/ 1.5","montadora_idmontadora":"32"}