{"idmodelo":"5872","nome_modelo":"MINI STAR CD 1.0 8V 53cv (Pick-Up)","montadora_idmontadora":"182"}{"idmodelo":"5873","nome_modelo":"MINI STAR CE 1.0 8V 53cv (Pick-Up)","montadora_idmontadora":"182"}{"idmodelo":"5874","nome_modelo":"MINI STAR CS 1.0 8V 53cv (Pick-Up)","montadora_idmontadora":"182"}{"idmodelo":"5875","nome_modelo":"MINI STAR CSB 1.0 8V 53cv (Pick-Up B\u00e1u)","montadora_idmontadora":"182"}{"idmodelo":"5876","nome_modelo":"MINI STAR Family 1.0 8V 53cv (MiniVan)","montadora_idmontadora":"182"}{"idmodelo":"5877","nome_modelo":"MINI STAR Utility 1.0 8V 53cv (Furg\u00e3o)","montadora_idmontadora":"182"}