{"idmodelo":"2097","nome_modelo":"Cordoba 1.6L","montadora_idmontadora":"52"}{"idmodelo":"2098","nome_modelo":"Cordoba SXE 1.8 \/ GLX 1.8 4p","montadora_idmontadora":"52"}{"idmodelo":"2099","nome_modelo":"Cordoba Vario 1.6L","montadora_idmontadora":"52"}{"idmodelo":"2100","nome_modelo":"Ibiza 1.0 16V 4p","montadora_idmontadora":"52"}{"idmodelo":"2101","nome_modelo":"Ibiza 1.0i 8V","montadora_idmontadora":"52"}{"idmodelo":"2102","nome_modelo":"Ibiza 1.6L","montadora_idmontadora":"52"}{"idmodelo":"2103","nome_modelo":"Ibiza SXE\/GLX 1.8","montadora_idmontadora":"52"}{"idmodelo":"2104","nome_modelo":"Inca 1.6L","montadora_idmontadora":"52"}