{"idmodelo":"1954","nome_modelo":"911 Carrera 4S Cabriolet-4 3.6\/3.8","montadora_idmontadora":"47"}{"idmodelo":"1955","nome_modelo":"911 Carrera 4S Coupe-4 3.6\/3.8","montadora_idmontadora":"47"}{"idmodelo":"1956","nome_modelo":"911 Carrera Cabriolet 3.4\/ 3.6 Mec.","montadora_idmontadora":"47"}{"idmodelo":"1957","nome_modelo":"911 Carrera Cabriolet 3.4\/ 3.6 Tiptronic","montadora_idmontadora":"47"}{"idmodelo":"1958","nome_modelo":"911 Carrera Cabriolet-4 3.4 Mec.","montadora_idmontadora":"47"}{"idmodelo":"1959","nome_modelo":"911 Carrera Cabriolet-4 3.4 Tiptronic","montadora_idmontadora":"47"}{"idmodelo":"1960","nome_modelo":"911 Carrera Coupe","montadora_idmontadora":"47"}{"idmodelo":"1961","nome_modelo":"911 Carrera Coupe Tiptronic","montadora_idmontadora":"47"}{"idmodelo":"1962","nome_modelo":"911 Carrera Coupe-4 3.4\/ 3.6","montadora_idmontadora":"47"}{"idmodelo":"1963","nome_modelo":"911 Carrera Coupe-4 3.4\/ 3.6 Tiptronic","montadora_idmontadora":"47"}{"idmodelo":"1964","nome_modelo":"911 Carrera Evo Cabriolet","montadora_idmontadora":"47"}{"idmodelo":"1965","nome_modelo":"911 Carrera Evo Cabriolet-4","montadora_idmontadora":"47"}{"idmodelo":"1966","nome_modelo":"911 Carrera Evo Coupe","montadora_idmontadora":"47"}{"idmodelo":"1967","nome_modelo":"911 Carrera Evo Coupe-4","montadora_idmontadora":"47"}{"idmodelo":"1968","nome_modelo":"911 GT3\/ GT2 Street","montadora_idmontadora":"47"}{"idmodelo":"1969","nome_modelo":"911 Carrera S Cabriolet 3.8 24V","montadora_idmontadora":"47"}{"idmodelo":"1970","nome_modelo":"911 Carrera S Coupe 3.8 24V","montadora_idmontadora":"47"}{"idmodelo":"1971","nome_modelo":"911 Targa 3.6","montadora_idmontadora":"47"}{"idmodelo":"1972","nome_modelo":"911 Turbo Cabriolet 3.6\/3.8","montadora_idmontadora":"47"}{"idmodelo":"1973","nome_modelo":"911 Turbo Coupe 3.6\/3.8","montadora_idmontadora":"47"}{"idmodelo":"1974","nome_modelo":"911 Turbo S Cabriolet 3.6\/3.8 24V","montadora_idmontadora":"47"}{"idmodelo":"1975","nome_modelo":"911 Turbo S Coupe 3.6\/3.8 24V","montadora_idmontadora":"47"}{"idmodelo":"1976","nome_modelo":"928 GTS 5.4 32V","montadora_idmontadora":"47"}{"idmodelo":"1977","nome_modelo":"968 Cabriolet 3.0","montadora_idmontadora":"47"}{"idmodelo":"1978","nome_modelo":"968 Coupe 3.0 16V","montadora_idmontadora":"47"}{"idmodelo":"1979","nome_modelo":"Boxster Mec.","montadora_idmontadora":"47"}{"idmodelo":"1980","nome_modelo":"Boxster S","montadora_idmontadora":"47"}{"idmodelo":"1981","nome_modelo":"Boxster S Tiptronic","montadora_idmontadora":"47"}{"idmodelo":"1982","nome_modelo":"Boxster Tiptronic","montadora_idmontadora":"47"}{"idmodelo":"1983","nome_modelo":"Cayenne S 4.5\/4.8","montadora_idmontadora":"47"}{"idmodelo":"1984","nome_modelo":"Cayenne Turbo 4.5\/4.8","montadora_idmontadora":"47"}{"idmodelo":"1985","nome_modelo":"Cayenne V6 3.2\/3.6 24V","montadora_idmontadora":"47"}{"idmodelo":"3902","nome_modelo":"Cayman S 3.4","montadora_idmontadora":"47"}{"idmodelo":"4246","nome_modelo":"Cayenne Turbo S 4.5\/4.8 32V","montadora_idmontadora":"47"}{"idmodelo":"4247","nome_modelo":"Cayman 2.7\/ 2.9","montadora_idmontadora":"47"}{"idmodelo":"4299","nome_modelo":"911 Targa 4S","montadora_idmontadora":"47"}{"idmodelo":"4631","nome_modelo":"Cayenne GTS 4.8 405\/420cv","montadora_idmontadora":"47"}{"idmodelo":"5039","nome_modelo":"Boxster 2.9 255cv","montadora_idmontadora":"47"}{"idmodelo":"5040","nome_modelo":"Boxster S 3.4 310cv","montadora_idmontadora":"47"}{"idmodelo":"5078","nome_modelo":"Panamera 4S 4.8 400cv","montadora_idmontadora":"47"}{"idmodelo":"5079","nome_modelo":"Panamera S 4.8 400cv","montadora_idmontadora":"47"}{"idmodelo":"5080","nome_modelo":"Panamera Turbo 4.8 500cv\/520cv","montadora_idmontadora":"47"}{"idmodelo":"5429","nome_modelo":"Boxster Spyder 3.4 320cv","montadora_idmontadora":"47"}{"idmodelo":"5430","nome_modelo":"Panamera 3.6 V6 300cv\/310cv","montadora_idmontadora":"47"}{"idmodelo":"5490","nome_modelo":"Cayman R 3.4 330cv","montadora_idmontadora":"47"}{"idmodelo":"5508","nome_modelo":"911 Carrera Coupe GTS 3.8 24V 408cv","montadora_idmontadora":"47"}{"idmodelo":"5584","nome_modelo":"911 Carrera Coupe Black Edi. 3.6\/3.4 24V","montadora_idmontadora":"47"}{"idmodelo":"5670","nome_modelo":"Panamera Turbo S 4.8","montadora_idmontadora":"47"}{"idmodelo":"6034","nome_modelo":"911 Carrera S Cabriolet 3.8 24V (991)","montadora_idmontadora":"47"}{"idmodelo":"6035","nome_modelo":"911 Carrera S Coupe 3.8 24V (991)","montadora_idmontadora":"47"}{"idmodelo":"6190","nome_modelo":"Boxster 2.7 265cv","montadora_idmontadora":"47"}{"idmodelo":"6191","nome_modelo":"Boxster S 3.4 315\/319cv","montadora_idmontadora":"47"}{"idmodelo":"6275","nome_modelo":"Panamera GT-S 4.8","montadora_idmontadora":"47"}{"idmodelo":"6595","nome_modelo":"Panamera S 3.0 Bi-Turbo 420cv","montadora_idmontadora":"47"}{"idmodelo":"6844","nome_modelo":"Macan S 3.0 Bi-Turbo 340cv","montadora_idmontadora":"47"}{"idmodelo":"6845","nome_modelo":"Macan Turbo 3.6 Bi-Turbo 400cv","montadora_idmontadora":"47"}{"idmodelo":"6968","nome_modelo":"Boxster GTS 3.4 330cv","montadora_idmontadora":"47"}{"idmodelo":"6969","nome_modelo":"Cayman GTS 3.4 340cv","montadora_idmontadora":"47"}{"idmodelo":"7043","nome_modelo":"911 Carrera S 50th Coupe 3.8 24V(991)","montadora_idmontadora":"47"}{"idmodelo":"7143","nome_modelo":"Macan 2.0 Turbo 237\/252cv","montadora_idmontadora":"47"}{"idmodelo":"7206","nome_modelo":"Cayenne GTS 3.6 Bi-Turbo 440cv","montadora_idmontadora":"47"}{"idmodelo":"7207","nome_modelo":"Cayman GT4 3.8 385cv","montadora_idmontadora":"47"}{"idmodelo":"7232","nome_modelo":"Cayenne S 3.6 Bi-Turbo 420cv","montadora_idmontadora":"47"}{"idmodelo":"7316","nome_modelo":"911 Carrera 4 GTS Coupe 3.8 24V (991)","montadora_idmontadora":"47"}{"idmodelo":"7317","nome_modelo":"911 Carrera GTS Cabriolet 3.8 24V (991)","montadora_idmontadora":"47"}{"idmodelo":"7318","nome_modelo":"911 Carrera GTS Coupe 3.8 24V (991)","montadora_idmontadora":"47"}{"idmodelo":"7458","nome_modelo":"911 Carrera 4 GTS Targa 3.8 24V (991)","montadora_idmontadora":"47"}{"idmodelo":"7459","nome_modelo":"Panamera Edition 3.6 v6 310cv","montadora_idmontadora":"47"}{"idmodelo":"7517","nome_modelo":"718 Boxster 2.0 300cv","montadora_idmontadora":"47"}{"idmodelo":"7518","nome_modelo":"718 Boxster S 2.5 350cv","montadora_idmontadora":"47"}{"idmodelo":"7519","nome_modelo":"Boxster Spyder 3.8 375cv","montadora_idmontadora":"47"}{"idmodelo":"7597","nome_modelo":"911 Carrera 4 Cabriolet 3.0 370cv (991)","montadora_idmontadora":"47"}{"idmodelo":"7598","nome_modelo":"911 Carrera 4 Coupe 3.0 370cv (991)","montadora_idmontadora":"47"}{"idmodelo":"7599","nome_modelo":"911 Carrera 4S Cabriolet 3.0 420cv (991)","montadora_idmontadora":"47"}{"idmodelo":"7600","nome_modelo":"911 Carrera 4S Coupe 3.0 420cv","montadora_idmontadora":"47"}{"idmodelo":"7601","nome_modelo":"911 Carrera Cabriolet 3.0 370cv (991)","montadora_idmontadora":"47"}{"idmodelo":"7602","nome_modelo":"911 Carrera Coupe 3.0 370cv (991)","montadora_idmontadora":"47"}{"idmodelo":"7603","nome_modelo":"911 Carrera S Cabriolet 3.0 420cv (991)","montadora_idmontadora":"47"}{"idmodelo":"7604","nome_modelo":"911 Carrera S Coupe 3.0 420cv (991)","montadora_idmontadora":"47"}{"idmodelo":"7605","nome_modelo":"911 Targa 4 3.0 370cv (991)","montadora_idmontadora":"47"}{"idmodelo":"7606","nome_modelo":"911 Targa 4S 3.0 420cv (991)","montadora_idmontadora":"47"}{"idmodelo":"7633","nome_modelo":"911 GT3 RS","montadora_idmontadora":"47"}{"idmodelo":"7671","nome_modelo":"Macan GTS 3.0 Bi-Turbo 360cv","montadora_idmontadora":"47"}{"idmodelo":"7806","nome_modelo":"718 Cayman 2.0 300cv","montadora_idmontadora":"47"}{"idmodelo":"7807","nome_modelo":"Cayenne S E-Hybrid 3.0 V6 416cv","montadora_idmontadora":"47"}{"idmodelo":"7840","nome_modelo":"718 Cayman S 2.5 350cv","montadora_idmontadora":"47"}{"idmodelo":"7888","nome_modelo":"Panamera 4S 2.9 440cv","montadora_idmontadora":"47"}{"idmodelo":"7889","nome_modelo":"Panamera Turbo 4.0 550cv","montadora_idmontadora":"47"}{"idmodelo":"7910","nome_modelo":"Panamera 4S Executive 2.9 440cv","montadora_idmontadora":"47"}{"idmodelo":"7911","nome_modelo":"Panamera 3.0 330cv","montadora_idmontadora":"47"}{"idmodelo":"7986","nome_modelo":"911 Carrera 4 GTS Coupe 3.0 24V (991)","montadora_idmontadora":"47"}{"idmodelo":"7987","nome_modelo":"911 4 GTS Targa 3.0 24V (991)","montadora_idmontadora":"47"}{"idmodelo":"7988","nome_modelo":"911 Carrera GTS Coupe 3.0 (991)","montadora_idmontadora":"47"}{"idmodelo":"7989","nome_modelo":"MACAN Turbo Performnce 3.6 Bi-TB V6","montadora_idmontadora":"47"}{"idmodelo":"8041","nome_modelo":"911 Carrera GTS Cabriolet 3.0 450cv(991)","montadora_idmontadora":"47"}{"idmodelo":"8042","nome_modelo":"Cayenne Platinum Ed. 3.6","montadora_idmontadora":"47"}{"idmodelo":"8063","nome_modelo":"Cayenne S Platinum Ed.E-Hybrid 3.0","montadora_idmontadora":"47"}{"idmodelo":"8064","nome_modelo":"Panamera 4 E-Hybrid 2.9 462cv","montadora_idmontadora":"47"}{"idmodelo":"8107","nome_modelo":"911 GT3 4.0 500cv (991)","montadora_idmontadora":"47"}{"idmodelo":"8152","nome_modelo":"Panamera Turbo S E-Hybrid 4.0 680cv","montadora_idmontadora":"47"}{"idmodelo":"8220","nome_modelo":"718 Cayman GTS 2.5 365cv","montadora_idmontadora":"47"}{"idmodelo":"8245","nome_modelo":"718 Boxster GTS 2.5 365cv","montadora_idmontadora":"47"}{"idmodelo":"8246","nome_modelo":"Panamera Turbo Sport Turismo 4.0","montadora_idmontadora":"47"}{"idmodelo":"8289","nome_modelo":"Panamera 4 E-Hybrid Sport Tur. 2.9 462cv","montadora_idmontadora":"47"}{"idmodelo":"8290","nome_modelo":"Panamera 4 Sport Turismo 3.0 330cv","montadora_idmontadora":"47"}{"idmodelo":"8322","nome_modelo":"911 Carrera T 3.0 370cv","montadora_idmontadora":"47"}{"idmodelo":"8349","nome_modelo":"911 Carrera 4 GTS Cabri. 3.0 24V (991)","montadora_idmontadora":"47"}{"idmodelo":"8350","nome_modelo":"Panamera 4 3.0 330cv","montadora_idmontadora":"47"}{"idmodelo":"8351","nome_modelo":"Panamera 4 E-Hybrid. Executive 2.9 462cv","montadora_idmontadora":"47"}{"idmodelo":"8352","nome_modelo":"Panamera 4 Executive 3.0 330cv","montadora_idmontadora":"47"}{"idmodelo":"8353","nome_modelo":"Panamera 4S Sport Turismo 2.9 440cv","montadora_idmontadora":"47"}{"idmodelo":"8354","nome_modelo":"Panamera TB S E-Hybrid. Sport Turis. 4.0","montadora_idmontadora":"47"}{"idmodelo":"8355","nome_modelo":"Panamera Turbo Executive 4.0 550cv","montadora_idmontadora":"47"}{"idmodelo":"8356","nome_modelo":"Panamera Turbo S E-Hybrid. Exec. 4.0","montadora_idmontadora":"47"}