{"idmodelo":"5375","nome_modelo":"Gallardo Coupe LP560-4","montadora_idmontadora":"171"}{"idmodelo":"5376","nome_modelo":"Gallardo Coupe Superleggera LP570-4","montadora_idmontadora":"171"}{"idmodelo":"5377","nome_modelo":"Gallardo Coupe Valentino Balboni LP550-2","montadora_idmontadora":"171"}{"idmodelo":"5378","nome_modelo":"Gallardo Spyder LP560-4","montadora_idmontadora":"171"}{"idmodelo":"5744","nome_modelo":"Gallardo Spyder Performante LP570-4","montadora_idmontadora":"171"}{"idmodelo":"6110","nome_modelo":"AVENTADOR LP 700-4","montadora_idmontadora":"171"}{"idmodelo":"6112","nome_modelo":"Gallardo Coupe LP550-2 Bicolore","montadora_idmontadora":"171"}{"idmodelo":"6114","nome_modelo":"Gallardo Coupe LP570-4 Sup.Trof.Stradale","montadora_idmontadora":"171"}{"idmodelo":"6922","nome_modelo":"AVENTADOR LP 700-4 ROADSTER","montadora_idmontadora":"171"}{"idmodelo":"7138","nome_modelo":"HURACAN Coupe LP 610-4","montadora_idmontadora":"171"}{"idmodelo":"7884","nome_modelo":"HURACAN Spyder LP 610-4","montadora_idmontadora":"171"}{"idmodelo":"8083","nome_modelo":"AVENTADOR S LP 740-4","montadora_idmontadora":"171"}{"idmodelo":"8084","nome_modelo":"HURACAN Coupe RWD LP 580-2","montadora_idmontadora":"171"}