{"idmodelo":"283","nome_modelo":"AX GTi","montadora_idmontadora":"13"}{"idmodelo":"284","nome_modelo":"Berlingo MultSpace GLX 1.8i 3p","montadora_idmontadora":"13"}{"idmodelo":"285","nome_modelo":"Berlingo MultSpace GLX 1.6 16V 110cv 4p","montadora_idmontadora":"13"}{"idmodelo":"286","nome_modelo":"Berlingo MultSpace GLX 1.8i 4p","montadora_idmontadora":"13"}{"idmodelo":"287","nome_modelo":"BX 1.6S 16V","montadora_idmontadora":"13"}{"idmodelo":"288","nome_modelo":"BX GTi 1.9","montadora_idmontadora":"13"}{"idmodelo":"289","nome_modelo":"C3 Exclus.\/Excl.Solaris 1.6 Flex 16V Mec","montadora_idmontadora":"13"}{"idmodelo":"290","nome_modelo":"C3 GLX 1.4\/ GLX Sonora 1.4 Flex 8V 5p","montadora_idmontadora":"13"}{"idmodelo":"291","nome_modelo":"C3 GLX 1.6\/ 1.6 Flex 16V 5p","montadora_idmontadora":"13"}{"idmodelo":"292","nome_modelo":"C3 Ocimar Versolato 1.6 16V 110cv 5p","montadora_idmontadora":"13"}{"idmodelo":"293","nome_modelo":"C5 3.0 24V 210cv 4p Aut.","montadora_idmontadora":"13"}{"idmodelo":"294","nome_modelo":"C5 Exclusive 2.0 16V 138cv 4p Mec.","montadora_idmontadora":"13"}{"idmodelo":"295","nome_modelo":"C5 Exclusive 2.0 16V 4p Aut.","montadora_idmontadora":"13"}{"idmodelo":"296","nome_modelo":"C5 Exclusive Break 2.0 16V 138cv 5p Mec.","montadora_idmontadora":"13"}{"idmodelo":"297","nome_modelo":"C5 Exclusive Break 2.0 16V Aut.","montadora_idmontadora":"13"}{"idmodelo":"298","nome_modelo":"C8 Exclusive 2.0 16V 138cv 5p Aut.","montadora_idmontadora":"13"}{"idmodelo":"299","nome_modelo":"Evasion GLX 2.0 16V","montadora_idmontadora":"13"}{"idmodelo":"300","nome_modelo":"Evasion VSX Turbo","montadora_idmontadora":"13"}{"idmodelo":"301","nome_modelo":"Jumper 2.5 Diesel","montadora_idmontadora":"13"}{"idmodelo":"302","nome_modelo":"Jumper 2.8 16Lug. Diesel","montadora_idmontadora":"13"}{"idmodelo":"303","nome_modelo":"Jumper 2.8 Furg\u00e3o 35C Diesel","montadora_idmontadora":"13"}{"idmodelo":"304","nome_modelo":"Jumper 2.8 Furg\u00e3o 35MH Diesel","montadora_idmontadora":"13"}{"idmodelo":"305","nome_modelo":"Xantia 2.0 16V","montadora_idmontadora":"13"}{"idmodelo":"306","nome_modelo":"Xantia Activa 2.0","montadora_idmontadora":"13"}{"idmodelo":"307","nome_modelo":"Xantia Activa 2.0 TB","montadora_idmontadora":"13"}{"idmodelo":"308","nome_modelo":"Xantia Activa 3.0 V6 Mec","montadora_idmontadora":"13"}{"idmodelo":"309","nome_modelo":"Xantia Break 2.0 8V\/GLX 2.0 16V Aut","montadora_idmontadora":"13"}{"idmodelo":"310","nome_modelo":"Xantia Break GLX 2.0 16V Mec.","montadora_idmontadora":"13"}{"idmodelo":"311","nome_modelo":"Xantia Exclusive 2.0 16V","montadora_idmontadora":"13"}{"idmodelo":"312","nome_modelo":"Xantia Exclusive 3.0 V6","montadora_idmontadora":"13"}{"idmodelo":"313","nome_modelo":"Xantia GLX 2.0 16V Aut.","montadora_idmontadora":"13"}{"idmodelo":"314","nome_modelo":"Xantia GLX 2.0 16V Mec.","montadora_idmontadora":"13"}{"idmodelo":"315","nome_modelo":"Xantia SX 1.8","montadora_idmontadora":"13"}{"idmodelo":"316","nome_modelo":"Xantia SX 2.0 8V\/16V Mec.\/Aut.","montadora_idmontadora":"13"}{"idmodelo":"317","nome_modelo":"Xantia VSX 2.0","montadora_idmontadora":"13"}{"idmodelo":"318","nome_modelo":"Xantia VSX 2.0 16V","montadora_idmontadora":"13"}{"idmodelo":"319","nome_modelo":"XM Exclusive 12v","montadora_idmontadora":"13"}{"idmodelo":"320","nome_modelo":"XM Exclusive 24V","montadora_idmontadora":"13"}{"idmodelo":"321","nome_modelo":"XM Exclusive Break","montadora_idmontadora":"13"}{"idmodelo":"322","nome_modelo":"XM Sensation 2.0 TB","montadora_idmontadora":"13"}{"idmodelo":"323","nome_modelo":"Xsara Break Exclusive 1.6 16V 5p Aut.","montadora_idmontadora":"13"}{"idmodelo":"324","nome_modelo":"Xsara Break Exclusive 1.6 16V 5p Mec.","montadora_idmontadora":"13"}{"idmodelo":"325","nome_modelo":"Xsara Break Exclusive 1.8 16V","montadora_idmontadora":"13"}{"idmodelo":"326","nome_modelo":"Xsara Break Exclusive 2.0 16V","montadora_idmontadora":"13"}{"idmodelo":"327","nome_modelo":"Xsara Break GLX 1.6 16V 5p Aut.","montadora_idmontadora":"13"}{"idmodelo":"328","nome_modelo":"Xsara Break GLX 1.6 16V 5p Mec.","montadora_idmontadora":"13"}{"idmodelo":"329","nome_modelo":"Xsara Break GLX 1.8 16V","montadora_idmontadora":"13"}{"idmodelo":"330","nome_modelo":"Xsara Break GLX\/ Paris 2.0 16V","montadora_idmontadora":"13"}{"idmodelo":"331","nome_modelo":"Xsara Exclusive 1.6 16V 5p Aut.","montadora_idmontadora":"13"}{"idmodelo":"332","nome_modelo":"Xsara Exclusive 1.6 16V 5p Mec.","montadora_idmontadora":"13"}{"idmodelo":"333","nome_modelo":"Xsara Exclusive 1.8 8V\/16V 5p Aut.","montadora_idmontadora":"13"}{"idmodelo":"334","nome_modelo":"Xsara Exclusive 1.8 8V\/16V 5p Mec.","montadora_idmontadora":"13"}{"idmodelo":"335","nome_modelo":"Xsara Exclusive 2.0 16V","montadora_idmontadora":"13"}{"idmodelo":"336","nome_modelo":"Xsara GLX 1.6 16V 3p","montadora_idmontadora":"13"}{"idmodelo":"337","nome_modelo":"Xsara GLX 1.6 16V 5p Aut.","montadora_idmontadora":"13"}{"idmodelo":"338","nome_modelo":"Xsara GLX 1.6 16V 5p Mec.","montadora_idmontadora":"13"}{"idmodelo":"339","nome_modelo":"Xsara GLX 1.8 16V 5p Mec.","montadora_idmontadora":"13"}{"idmodelo":"340","nome_modelo":"Xsara GLX 1.8 16V Cup\u00ea Mec.","montadora_idmontadora":"13"}{"idmodelo":"341","nome_modelo":"Xsara GLX 1.8 8V 5p Aut.","montadora_idmontadora":"13"}{"idmodelo":"342","nome_modelo":"Xsara GLX 1.8 8V Cup\u00ea Aut.","montadora_idmontadora":"13"}{"idmodelo":"343","nome_modelo":"Xsara GLX\/ Paris 2.0 16V","montadora_idmontadora":"13"}{"idmodelo":"344","nome_modelo":"Xsara Picasso Exc.\/Etoile 2.0 16V Mec.","montadora_idmontadora":"13"}{"idmodelo":"345","nome_modelo":"Xsara Picasso Exclusive 2.0 16V Aut.","montadora_idmontadora":"13"}{"idmodelo":"346","nome_modelo":"Xsara Picasso GLX\/Brasil\/Etoile 2.0 Mec.","montadora_idmontadora":"13"}{"idmodelo":"347","nome_modelo":"Xsara Picasso GLX 1.6\/ 1.6 Flex 16V","montadora_idmontadora":"13"}{"idmodelo":"348","nome_modelo":"Xsara Picasso GLX 2.0 16V Aut.","montadora_idmontadora":"13"}{"idmodelo":"349","nome_modelo":"Xsara VTS 1.6 16V 3p","montadora_idmontadora":"13"}{"idmodelo":"350","nome_modelo":"Xsara VTS 1.8 16V","montadora_idmontadora":"13"}{"idmodelo":"351","nome_modelo":"Xsara VTS 2.0 16V Cup\u00ea Mec.","montadora_idmontadora":"13"}{"idmodelo":"352","nome_modelo":"ZX Cup\u00ea 16V","montadora_idmontadora":"13"}{"idmodelo":"353","nome_modelo":"ZX Dakar 2.0 16V","montadora_idmontadora":"13"}{"idmodelo":"354","nome_modelo":"ZX Furio","montadora_idmontadora":"13"}{"idmodelo":"355","nome_modelo":"ZX Paris 1.8","montadora_idmontadora":"13"}{"idmodelo":"356","nome_modelo":"ZX Volcane 3p e 5p","montadora_idmontadora":"13"}{"idmodelo":"3930","nome_modelo":"Xsara Picasso Exclus. 1.6\/ 1.6 Flex 16V","montadora_idmontadora":"13"}{"idmodelo":"4054","nome_modelo":"C3 XTR 1.6 Flex 16V 5p","montadora_idmontadora":"13"}{"idmodelo":"4159","nome_modelo":"C4 VTR 2.0 16V 143cv","montadora_idmontadora":"13"}{"idmodelo":"4302","nome_modelo":"C3 XTR 1.4 Flex 8V 5p","montadora_idmontadora":"13"}{"idmodelo":"4315","nome_modelo":"C3 Exclusive 1.4 Flex 8V 5p","montadora_idmontadora":"13"}{"idmodelo":"4328","nome_modelo":"C6 Exclusive 3.0 V6 24V 215cv Aut.","montadora_idmontadora":"13"}{"idmodelo":"4397","nome_modelo":"C4 PAL.Excl\/Excl(Tech.) 2.0\/2.0 Flex Aut","montadora_idmontadora":"13"}{"idmodelo":"4398","nome_modelo":"C4 PALLAS Exclusive 2.0\/2.0 Flex 16V Mec","montadora_idmontadora":"13"}{"idmodelo":"4399","nome_modelo":"C4 PALLAS GLX 2.0\/ 2.0 Flex Aut.","montadora_idmontadora":"13"}{"idmodelo":"4400","nome_modelo":"C4 PALLAS GLX 2.0\/2.0 Flex 16V Mec.","montadora_idmontadora":"13"}{"idmodelo":"4667","nome_modelo":"C4 Picasso Grand 2.0 16V 143cv Aut","montadora_idmontadora":"13"}{"idmodelo":"4761","nome_modelo":"C3 Excl.\/Excl.Solar.\/Sonora 1.6 Flex Aut","montadora_idmontadora":"13"}{"idmodelo":"4762","nome_modelo":"C3 GLX 1.6 Flex 16V 5p Aut.","montadora_idmontadora":"13"}{"idmodelo":"4824","nome_modelo":"C4 Picasso\/Pic. La Luna 2.0 16V Aut.","montadora_idmontadora":"13"}{"idmodelo":"4845","nome_modelo":"C4 Excl.2.0\/2.0 Solaris Flex 16V 5p Aut.","montadora_idmontadora":"13"}{"idmodelo":"4846","nome_modelo":"C4 GLX 1.6 Flex 16V 5p Mec.","montadora_idmontadora":"13"}{"idmodelo":"4847","nome_modelo":"C4 GLX 2.0 Flex 16V 5p Aut.","montadora_idmontadora":"13"}{"idmodelo":"4888","nome_modelo":"C4 Excl.\/Excl. Solar. 2.0 Flex 16V Mec.","montadora_idmontadora":"13"}{"idmodelo":"4889","nome_modelo":"C4 GLX 2.0 Flex 16V 5p Mec.","montadora_idmontadora":"13"}{"idmodelo":"4937","nome_modelo":"C5 Tourer Exclusive 2.0 16V 5p Aut.","montadora_idmontadora":"13"}{"idmodelo":"5103","nome_modelo":"Jumper 2.3 15\/16Lug. TB Diesel","montadora_idmontadora":"13"}{"idmodelo":"5140","nome_modelo":"Jumper 2.3 Furg\u00e3o TB Diesel","montadora_idmontadora":"13"}{"idmodelo":"5337","nome_modelo":"AIRCROSS Exclusive 1.6 Flex 16V 5p Mec.","montadora_idmontadora":"13"}{"idmodelo":"5338","nome_modelo":"AIRCROSS GL 1.6 Flex 16V 5p Mec.","montadora_idmontadora":"13"}{"idmodelo":"5339","nome_modelo":"AIRCROSS GLX 1.6 Flex 16V 5p Mec.","montadora_idmontadora":"13"}{"idmodelo":"5411","nome_modelo":"Jumper 2.3 Vetrato TB Diesel","montadora_idmontadora":"13"}{"idmodelo":"5551","nome_modelo":"C3 Picasso Exclusive 1.6 Flex 16V 5p Mec","montadora_idmontadora":"13"}{"idmodelo":"5552","nome_modelo":"C3 Picasso GL 1.6 Flex 16V 5p Mec.","montadora_idmontadora":"13"}{"idmodelo":"5553","nome_modelo":"C3 Picasso GLX 1.6 Flex 16V 5p Mec.","montadora_idmontadora":"13"}{"idmodelo":"5609","nome_modelo":"AIRCROSS Exclusive 1.6 Flex 16V 5p Aut.","montadora_idmontadora":"13"}{"idmodelo":"5610","nome_modelo":"AIRCROSS GLX 1.6 Flex 16V 5p Aut.","montadora_idmontadora":"13"}{"idmodelo":"5611","nome_modelo":"C3 Picasso Excl. 1.6 Flex 16V 5p Aut.","montadora_idmontadora":"13"}{"idmodelo":"5612","nome_modelo":"C3 Picasso GLX 1.6 Flex 16V 5p Aut.","montadora_idmontadora":"13"}{"idmodelo":"5659","nome_modelo":"Jumper 2.3 Vetrato Exec. 16Lug. TB Dies.","montadora_idmontadora":"13"}{"idmodelo":"6050","nome_modelo":"DS3 1.6 Turbo 16V 3p Mec.","montadora_idmontadora":"13"}{"idmodelo":"6092","nome_modelo":"C3 Picasso GL 1.5 Flex 8V Mec.","montadora_idmontadora":"13"}{"idmodelo":"6093","nome_modelo":"C3 Picasso GLX 1.5 Flex 8V 5p Mec.","montadora_idmontadora":"13"}{"idmodelo":"6152","nome_modelo":"C3 Excl. 1.6 VTi Flex Start 16V 5p Aut.","montadora_idmontadora":"13"}{"idmodelo":"6153","nome_modelo":"C3 Excl. 1.6 VTi Flex Start 16V 5p Mec.","montadora_idmontadora":"13"}{"idmodelo":"6154","nome_modelo":"C3 Origine 1.5 Flex 8V 5p Mec.","montadora_idmontadora":"13"}{"idmodelo":"6155","nome_modelo":"C3 Tendance 1.5 Flex 8V 5p Mec.","montadora_idmontadora":"13"}{"idmodelo":"6295","nome_modelo":"DS5 1.6 Turbo 16V 5p Aut.","montadora_idmontadora":"13"}{"idmodelo":"6347","nome_modelo":"DS4 1.6 Turbo 16V 5p Aut.","montadora_idmontadora":"13"}{"idmodelo":"6418","nome_modelo":"AIRCROSS Exc. ATACA. 1.6 Flex 16V 5p Aut","montadora_idmontadora":"13"}{"idmodelo":"6419","nome_modelo":"AIRCROSS Exc. ATACA. 1.6 Flex 16V 5p Mec","montadora_idmontadora":"13"}{"idmodelo":"6420","nome_modelo":"AIRCROSS GLX ATACAMA 1.6 Flex 16V 5p Aut","montadora_idmontadora":"13"}{"idmodelo":"6421","nome_modelo":"AIRCROSS GLX ATACAMA 1.6 Flex 16V 5p Mec","montadora_idmontadora":"13"}{"idmodelo":"6559","nome_modelo":"C4 Competition 2.0 Flex 16V 5p Aut.","montadora_idmontadora":"13"}{"idmodelo":"6574","nome_modelo":"C4 Competition 1.6 Flex 16V 5p Mec.","montadora_idmontadora":"13"}{"idmodelo":"6575","nome_modelo":"C4 LOUNGE Exclusive 1.6 Turbo 4p Aut.","montadora_idmontadora":"13"}{"idmodelo":"6576","nome_modelo":"C4 LOUNGE Exclusive 2.0 Flex 4p Aut.","montadora_idmontadora":"13"}{"idmodelo":"6577","nome_modelo":"C4 LOUNGE Origine 2.0 Flex 4p Mec.","montadora_idmontadora":"13"}{"idmodelo":"6578","nome_modelo":"C4 LOUNGE Tendance 2.0 Flex 4p Aut.","montadora_idmontadora":"13"}{"idmodelo":"6579","nome_modelo":"C4 LOUNGE Tendance 2.0 Flex 4p Mec.","montadora_idmontadora":"13"}{"idmodelo":"6580","nome_modelo":"C4 Rock You 1.6 Flex 16V 5p Mec.","montadora_idmontadora":"13"}{"idmodelo":"6737","nome_modelo":"C4 Tendance 1.6 Flex 16V 5p Mec.","montadora_idmontadora":"13"}{"idmodelo":"6738","nome_modelo":"C4 Tendance 2.0 Flex 16V 5p Aut.","montadora_idmontadora":"13"}{"idmodelo":"6770","nome_modelo":"AIRCROSS TENDANCE 1.6 Flex 16V 5p Aut.","montadora_idmontadora":"13"}{"idmodelo":"6771","nome_modelo":"AIRCROSS TENDANCE 1.6 Flex 16V 5p Mec.","montadora_idmontadora":"13"}{"idmodelo":"6772","nome_modelo":"C3 Exclusive 1.5 Flex 8V 5p Mec.","montadora_idmontadora":"13"}{"idmodelo":"6773","nome_modelo":"C3 Picasso Origine 1.5 Flex 8V Mec.","montadora_idmontadora":"13"}{"idmodelo":"6774","nome_modelo":"C3 Picasso Tendance 1.5 Flex 8V 5p Mec.","montadora_idmontadora":"13"}{"idmodelo":"6775","nome_modelo":"C3 Picasso Tendance 1.6 Flex 16V 5p Aut.","montadora_idmontadora":"13"}{"idmodelo":"6776","nome_modelo":"C3 Tendance 1.6 VTi Flex Start 16V Aut.","montadora_idmontadora":"13"}{"idmodelo":"6777","nome_modelo":"C3 X-BOX ONE 1.6 VTi Flex 16V 5p Mec.","montadora_idmontadora":"13"}{"idmodelo":"6835","nome_modelo":"C3 Attra\/Origine Pack 1.5 Flex 8V 5p Mec","montadora_idmontadora":"13"}{"idmodelo":"6884","nome_modelo":"C4 LOUNGE Tendance 1.6 Turbo 4p Aut","montadora_idmontadora":"13"}{"idmodelo":"7067","nome_modelo":"DS3 Sport Chic 1.6 TB 16V 3p Mec.","montadora_idmontadora":"13"}{"idmodelo":"7068","nome_modelo":"DS4 1.6 Chic Turbo 16V 5p Aut.","montadora_idmontadora":"13"}{"idmodelo":"7069","nome_modelo":"DS4 1.6 So Chic Turbo 16V 5p Aut.","montadora_idmontadora":"13"}{"idmodelo":"7090","nome_modelo":"AIRCROSS SALOMON EXCLUSIVE 1.6 Flex Aut.","montadora_idmontadora":"13"}{"idmodelo":"7091","nome_modelo":"AIRCROSS SALOMON EXCLUSIVE 1.6 Flex Mec.","montadora_idmontadora":"13"}{"idmodelo":"7092","nome_modelo":"AIRCROSS SALOMON TENDANCE 1.6 Flex Aut.","montadora_idmontadora":"13"}{"idmodelo":"7093","nome_modelo":"AIRCROSS SALOMON TENDANCE 1.6 Flex Mec.","montadora_idmontadora":"13"}{"idmodelo":"7094","nome_modelo":"C4 LOUNGE Exclusive 1.6 Turbo Flex Aut.","montadora_idmontadora":"13"}{"idmodelo":"7095","nome_modelo":"DS5 1.6 Be Chic Turbo 16V 5p Aut.","montadora_idmontadora":"13"}{"idmodelo":"7096","nome_modelo":"DS5 1.6 So Chic Turbo 16V 5p Aut.","montadora_idmontadora":"13"}{"idmodelo":"7118","nome_modelo":"C4 LOUNGE Tendance 1.6 Turbo Flex Aut.","montadora_idmontadora":"13"}{"idmodelo":"7370","nome_modelo":"C4 LOUNGE Origine 2.0 Flex 4p Aut.","montadora_idmontadora":"13"}{"idmodelo":"7420","nome_modelo":"AIRCROSS Feel 1.6 Flex 16V 5p Aut.","montadora_idmontadora":"13"}{"idmodelo":"7421","nome_modelo":"AIRCROSS Feel 1.6 Flex 16V 5p Mec.","montadora_idmontadora":"13"}{"idmodelo":"7422","nome_modelo":"AIRCROSS Live 1.5 Flex 8V 5p Mec.","montadora_idmontadora":"13"}{"idmodelo":"7423","nome_modelo":"AIRCROSS Live 1.6 Flex 16V 5p Aut.","montadora_idmontadora":"13"}{"idmodelo":"7424","nome_modelo":"AIRCROSS Shine 1.6 Flex 16V 5p Aut.","montadora_idmontadora":"13"}{"idmodelo":"7425","nome_modelo":"AIRCROSS Start 1.5 Flex 8V 5p Mec.","montadora_idmontadora":"13"}{"idmodelo":"7426","nome_modelo":"C4 Picasso Intensive 1.6 Turbo 16V Aut.","montadora_idmontadora":"13"}{"idmodelo":"7427","nome_modelo":"C4 Picasso Seduction 1.6 Turbo 16V Aut.","montadora_idmontadora":"13"}{"idmodelo":"7585","nome_modelo":"C3 Attraction Pure Tech 1.2 Flex 12V Mec","montadora_idmontadora":"13"}{"idmodelo":"7586","nome_modelo":"C3 Origine Pure Tech 1.2 Flex 12V Mec","montadora_idmontadora":"13"}{"idmodelo":"7587","nome_modelo":"C3 Tendance Pure Tech 1.2 Flex 12V Mec.","montadora_idmontadora":"13"}{"idmodelo":"7588","nome_modelo":"Grand C4 Picasso Intensive 1.6 TB Aut.","montadora_idmontadora":"13"}{"idmodelo":"7589","nome_modelo":"Grand C4 Picasso Seduction 1.6 TB Aut.","montadora_idmontadora":"13"}{"idmodelo":"7658","nome_modelo":"C4 LOUNGE Orig.Business 1.6 TB Flex Aut.","montadora_idmontadora":"13"}{"idmodelo":"7684","nome_modelo":"C4 LOUNGE Origine 1.6 Turbo Flex Aut.","montadora_idmontadora":"13"}{"idmodelo":"7685","nome_modelo":"C4 LOUNGE Origine 1.6 Turbo Flex Mec.","montadora_idmontadora":"13"}{"idmodelo":"7730","nome_modelo":"C3 Style Ed. Pure Tech 1.2 Flex 12V Mec.","montadora_idmontadora":"13"}{"idmodelo":"7731","nome_modelo":"C3 Style Edition 1.6 Flex 16V Aut.","montadora_idmontadora":"13"}{"idmodelo":"7787","nome_modelo":"C4 LOUNGE S 1.6 Turbo Flex Aut.","montadora_idmontadora":"13"}{"idmodelo":"7897","nome_modelo":"AIRCROSS SALOMON 1.6 Flex 16V 5p Aut.","montadora_idmontadora":"13"}{"idmodelo":"7903","nome_modelo":"AIRCROSS SALOMON 1.5 Flex 8V 5p Mec.","montadora_idmontadora":"13"}{"idmodelo":"7962","nome_modelo":"AIRCROSS Live 1.6 Flex 16V 5p Mec.","montadora_idmontadora":"13"}{"idmodelo":"7963","nome_modelo":"AIRCROSS Start 1.6 Flex 16V 5p Mec.","montadora_idmontadora":"13"}{"idmodelo":"7964","nome_modelo":"C3 Attraction 1.6 Flex 16V 5p Aut.","montadora_idmontadora":"13"}{"idmodelo":"8003","nome_modelo":"C3 Start 1.2 Flex 12V 5p","montadora_idmontadora":"13"}{"idmodelo":"8045","nome_modelo":"AIRCROSS BUSINESS 1.6 Flex 16V 5p Mec.","montadora_idmontadora":"13"}{"idmodelo":"8077","nome_modelo":"Jumpy Furg\u00e3o 1.6 Turbo Diesel","montadora_idmontadora":"13"}{"idmodelo":"8078","nome_modelo":"Jumpy Furg\u00e3o Pack 1.6 Turbo Diesel","montadora_idmontadora":"13"}{"idmodelo":"8234","nome_modelo":"C4 LOUNGE Feel 1.6 Turbo Flex Aut.","montadora_idmontadora":"13"}{"idmodelo":"8235","nome_modelo":"C4 LOUNGE Shine 1.6 Turbo Flex Aut.","montadora_idmontadora":"13"}{"idmodelo":"8341","nome_modelo":"C3 Urban Trail 1.6 Flex 16V 5p Aut.","montadora_idmontadora":"13"}{"idmodelo":"8342","nome_modelo":"Jumpy Minibus 1.6 Turbo Diesel","montadora_idmontadora":"13"}