{"idmodelo":"4099","nome_modelo":"Chairman 3.2 V6 220cv Aut.","montadora_idmontadora":"125"}{"idmodelo":"4100","nome_modelo":"Istana 2.9 95cv TB Diesel Int. 16Lug.","montadora_idmontadora":"125"}{"idmodelo":"4101","nome_modelo":"Korando Canvas 2.9 TB Diesel Int. Aut.","montadora_idmontadora":"125"}{"idmodelo":"4102","nome_modelo":"Korando Canvas 2.9 TB Diesel Int. Mec.","montadora_idmontadora":"125"}{"idmodelo":"4103","nome_modelo":"Korando GL 2.9 TB Diesel Int. 120cv","montadora_idmontadora":"125"}{"idmodelo":"4104","nome_modelo":"Korando GLX 2.9 TB Diesel Int. 120cv Aut","montadora_idmontadora":"125"}{"idmodelo":"4105","nome_modelo":"Korando GLX 2.9 TB Diesel Int. 120cv Mec","montadora_idmontadora":"125"}{"idmodelo":"4106","nome_modelo":"Musso DX 2.9 Diesel","montadora_idmontadora":"125"}{"idmodelo":"4107","nome_modelo":"Musso GL 2.9 TB Diesel Int. 120cv","montadora_idmontadora":"125"}{"idmodelo":"4108","nome_modelo":"Musso GLS 2.9 TB Diesel Int. 120cv Aut","montadora_idmontadora":"125"}{"idmodelo":"4109","nome_modelo":"Musso GLS 3.2 V6 220cv 4x4 Aut.","montadora_idmontadora":"125"}{"idmodelo":"4110","nome_modelo":"Musso GLX 2.9 TB Diesel Int. 120cv Aut","montadora_idmontadora":"125"}{"idmodelo":"4111","nome_modelo":"Musso GLX 2.9 TB Diesel Int. 120cv Mec","montadora_idmontadora":"125"}{"idmodelo":"4112","nome_modelo":"Musso Pick-Up GLX 2.9 4x4 CD TB Int.Dies","montadora_idmontadora":"125"}{"idmodelo":"4113","nome_modelo":"Musso Pick-Up LX 2.9 4x4 CD TB Int.Dies.","montadora_idmontadora":"125"}{"idmodelo":"4114","nome_modelo":"Musso SX 2.9 Diesel","montadora_idmontadora":"125"}{"idmodelo":"4115","nome_modelo":"Rexton RX 270 2.7 165cv Xdi Diesel Aut.","montadora_idmontadora":"125"}{"idmodelo":"4116","nome_modelo":"Rexton RX 290 2.9 120cv TB Int. Dies.Aut","montadora_idmontadora":"125"}{"idmodelo":"4117","nome_modelo":"Rexton RX 290 2.9 120cv TB Int. Dies.Mec","montadora_idmontadora":"125"}{"idmodelo":"4118","nome_modelo":"Rexton RX 320 3.2 V6 235cv Aut.","montadora_idmontadora":"125"}{"idmodelo":"4263","nome_modelo":"Rexton II 2.7 20V 165\/186cv TDI Dies.Aut","montadora_idmontadora":"125"}{"idmodelo":"4401","nome_modelo":"Kyron 2.7 20V 165cv TDI Dies. Aut.","montadora_idmontadora":"125"}{"idmodelo":"4402","nome_modelo":"Rexton II 3.2 V6 24V 220cv Aut.","montadora_idmontadora":"125"}{"idmodelo":"4535","nome_modelo":"ACTYON 2.0 16V 141cv Diesel","montadora_idmontadora":"125"}{"idmodelo":"4536","nome_modelo":"ACTYON SPORTS 2.0 16V 141cv Diesel","montadora_idmontadora":"125"}{"idmodelo":"4927","nome_modelo":"Kyron 2.0 16V 141cv TDI Diesel Aut.","montadora_idmontadora":"125"}{"idmodelo":"4963","nome_modelo":"ACTYON 2.3 16V 150cv Aut.","montadora_idmontadora":"125"}{"idmodelo":"5649","nome_modelo":"Korando 2.0 16V T.Diesel AWD Aut.","montadora_idmontadora":"125"}{"idmodelo":"5650","nome_modelo":"Korando 2.0 16V T.Diesel AWD Mec.","montadora_idmontadora":"125"}{"idmodelo":"6330","nome_modelo":"ACTYON SPORTS 2.0 16V 155cv Diesel","montadora_idmontadora":"125"}{"idmodelo":"7045","nome_modelo":"Rexton W 2.7 20V XDI Diesel Aut.","montadora_idmontadora":"125"}{"idmodelo":"8291","nome_modelo":"ACTYON SP DLX 2.2 7 4x4 178cv Dies. Aut.","montadora_idmontadora":"125"}{"idmodelo":"8292","nome_modelo":"ACTYON SPORTS 2.2 4x4 178cv TB Dies Aut.","montadora_idmontadora":"125"}{"idmodelo":"8293","nome_modelo":"Korando 2.2 AWD 178cv TB Diesel Aut.","montadora_idmontadora":"125"}{"idmodelo":"8294","nome_modelo":"Korando DLX 2.2 AWD 178cv TB Diesel Aut.","montadora_idmontadora":"125"}{"idmodelo":"8295","nome_modelo":"TIVOLI 1.6 16V 128cv Aut.","montadora_idmontadora":"125"}{"idmodelo":"8296","nome_modelo":"TIVOLI DLX 1.6 16V 128cv Aut.","montadora_idmontadora":"125"}{"idmodelo":"8297","nome_modelo":"XLV 1.6 16V 128cv Aut.","montadora_idmontadora":"125"}{"idmodelo":"8298","nome_modelo":"XLV DLX 1.6 16V 128cv Aut.","montadora_idmontadora":"125"}