{"idmodelo":"2289","nome_modelo":"RF Esport 4x4 2.0","montadora_idmontadora":"57"}{"idmodelo":"2290","nome_modelo":"RF Esport T-4 4x4 2.0 Cap. Lona","montadora_idmontadora":"57"}{"idmodelo":"2291","nome_modelo":"RF Esport T-4 4x4 2.0 Cap. R\u00edgida","montadora_idmontadora":"57"}{"idmodelo":"2292","nome_modelo":"T-4 4x4 2.8 TB Int. Cap. Lona Diesel","montadora_idmontadora":"57"}{"idmodelo":"2293","nome_modelo":"T-4 4x4 2.8 TB Int. Cap. R\u00edgida Diesel","montadora_idmontadora":"57"}{"idmodelo":"2294","nome_modelo":"T-4 4x4 3.0 TB Int. Cap. Lona Diesel","montadora_idmontadora":"57"}{"idmodelo":"2295","nome_modelo":"T-4 4x4 3.0 TB Int. Cap. R\u00edgida Diesel","montadora_idmontadora":"57"}{"idmodelo":"3978","nome_modelo":"PANTANAL 3.0 TDI Elet. 4x2 CS Diesel","montadora_idmontadora":"57"}{"idmodelo":"3979","nome_modelo":"PANTANAL 3.0 TDI Elet. 4x4 CS Diesel","montadora_idmontadora":"57"}{"idmodelo":"5652","nome_modelo":"T-4 DESERT STORM 4x4 3.0 TB Int Diesel","montadora_idmontadora":"57"}{"idmodelo":"6194","nome_modelo":"T-4 4x4 3.2 TGV tdi Cap. R\u00edgida Diesel","montadora_idmontadora":"57"}{"idmodelo":"6933","nome_modelo":"T-4 4x4 3.2 20V Tdi Cap. R\u00edgida Diesel","montadora_idmontadora":"57"}{"idmodelo":"7816","nome_modelo":"T-4 BOLD 4x4 3.2 Tdi Cap. R\u00edgida Diesel","montadora_idmontadora":"57"}