{"idmodelo":"2204","nome_modelo":"Avalon XLS 3.0","montadora_idmontadora":"56"}{"idmodelo":"2205","nome_modelo":"Band. Jipe 4x4 Sport 3.7 Diesel","montadora_idmontadora":"56"}{"idmodelo":"2206","nome_modelo":"Band.Jipe Cap.de A\u00e7o Chas. Curto Diesel","montadora_idmontadora":"56"}{"idmodelo":"2207","nome_modelo":"Band.Jipe Cap.de A\u00e7o Chas. Longo Diesel","montadora_idmontadora":"56"}{"idmodelo":"2208","nome_modelo":"Band.Jipe Capota de Lona Diesel","montadora_idmontadora":"56"}{"idmodelo":"2209","nome_modelo":"Band.Picape CD 2p Chassi Longo Diesel","montadora_idmontadora":"56"}{"idmodelo":"2210","nome_modelo":"Band.Picape CD 4p Chassi Longo Diesel","montadora_idmontadora":"56"}{"idmodelo":"2211","nome_modelo":"Band.Picape Chassi Curto Diesel","montadora_idmontadora":"56"}{"idmodelo":"2212","nome_modelo":"Band.Picape Chassi Longo Diesel","montadora_idmontadora":"56"}{"idmodelo":"2213","nome_modelo":"Camry LE","montadora_idmontadora":"56"}{"idmodelo":"2214","nome_modelo":"Camry SW LE 2.2 16V","montadora_idmontadora":"56"}{"idmodelo":"2215","nome_modelo":"Camry SW XLE 3.0 24V","montadora_idmontadora":"56"}{"idmodelo":"2216","nome_modelo":"Camry XLE 3.0 24V 186cv","montadora_idmontadora":"56"}{"idmodelo":"2217","nome_modelo":"Celica GT 2.2 16V","montadora_idmontadora":"56"}{"idmodelo":"2218","nome_modelo":"Celica ST 1.8","montadora_idmontadora":"56"}{"idmodelo":"2219","nome_modelo":"Corolla GLi 1.6 16V","montadora_idmontadora":"56"}{"idmodelo":"2220","nome_modelo":"Corolla DX\/ SW DX 1.6 16V","montadora_idmontadora":"56"}{"idmodelo":"2221","nome_modelo":"Corolla Fielder SW 1.8\/1.8 XEi Flex Aut.","montadora_idmontadora":"56"}{"idmodelo":"2222","nome_modelo":"Corolla Fielder SW 1.8\/1.8 XEi Flex Mec","montadora_idmontadora":"56"}{"idmodelo":"2223","nome_modelo":"Corolla LE 1.8","montadora_idmontadora":"56"}{"idmodelo":"2224","nome_modelo":"Corolla LE 2.2 16V","montadora_idmontadora":"56"}{"idmodelo":"2225","nome_modelo":"Corolla SE-G 1.8\/1.8 Flex 16V Aut.","montadora_idmontadora":"56"}{"idmodelo":"2226","nome_modelo":"Corolla SE-G 1.8 16V Mec.","montadora_idmontadora":"56"}{"idmodelo":"2227","nome_modelo":"Corolla SW LE 1.8\/ XLi 1.6 16V","montadora_idmontadora":"56"}{"idmodelo":"2228","nome_modelo":"Corolla WG","montadora_idmontadora":"56"}{"idmodelo":"2229","nome_modelo":"Corolla XEi 1.8\/1.8 Flex 16V Aut.","montadora_idmontadora":"56"}{"idmodelo":"2230","nome_modelo":"Corolla XEi 1.8\/1.8 Flex 16V Mec.","montadora_idmontadora":"56"}{"idmodelo":"2231","nome_modelo":"Corolla XLi 1.6 16V 110cv Aut.","montadora_idmontadora":"56"}{"idmodelo":"2232","nome_modelo":"Corolla XLi 1.6 16V 110cv Mec.","montadora_idmontadora":"56"}{"idmodelo":"2233","nome_modelo":"Corolla XLi 1.8\/1.8 Flex 16V Aut.","montadora_idmontadora":"56"}{"idmodelo":"2234","nome_modelo":"Corolla XLi 1.8\/1.8 Flex 16V Mec.","montadora_idmontadora":"56"}{"idmodelo":"2235","nome_modelo":"Corona Aut.","montadora_idmontadora":"56"}{"idmodelo":"2236","nome_modelo":"Corona GLi Mec","montadora_idmontadora":"56"}{"idmodelo":"2237","nome_modelo":"Corona Mec.","montadora_idmontadora":"56"}{"idmodelo":"2238","nome_modelo":"Hilux 4x2 2.4 Diesel","montadora_idmontadora":"56"}{"idmodelo":"2239","nome_modelo":"Hilux 4x2 2.8 Diesel","montadora_idmontadora":"56"}{"idmodelo":"2240","nome_modelo":"Hilux CD 4x2 2.4 Diesel","montadora_idmontadora":"56"}{"idmodelo":"2241","nome_modelo":"Hilux CD 4x4 2.8 Diesel Mec.","montadora_idmontadora":"56"}{"idmodelo":"2242","nome_modelo":"Hilux CD D4-D 4x2 2.5 16V 102cv TB Dies.","montadora_idmontadora":"56"}{"idmodelo":"2243","nome_modelo":"Hilux CD D4-D 4x4 2.5 16V 102cv TB Dies.","montadora_idmontadora":"56"}{"idmodelo":"2244","nome_modelo":"Hilux CD DLX 4x2 2.8 Diesel","montadora_idmontadora":"56"}{"idmodelo":"2245","nome_modelo":"Hilux CD DLX 4x4 2.8 Diesel","montadora_idmontadora":"56"}{"idmodelo":"2246","nome_modelo":"Hilux CD DX 4x2 2.7 16V 142cv","montadora_idmontadora":"56"}{"idmodelo":"2247","nome_modelo":"Hilux CD DX 4x2 3.0 8V 90cv Diesel","montadora_idmontadora":"56"}{"idmodelo":"2248","nome_modelo":"Hilux CD DX 4x4 3.0 8V 90cv Diesel","montadora_idmontadora":"56"}{"idmodelo":"2249","nome_modelo":"Hilux CD SR 4x4 3.0 8V 116cv TB Diesel","montadora_idmontadora":"56"}{"idmodelo":"2250","nome_modelo":"Hilux CD SR 4x4 3.0 8V 90cv Diesel","montadora_idmontadora":"56"}{"idmodelo":"2251","nome_modelo":"Hilux CD SR D4-D 4x2 3.0 163cv TDI Dies.","montadora_idmontadora":"56"}{"idmodelo":"2252","nome_modelo":"Hilux CD SR D4-D 4x4 3.0 TDI Dies.","montadora_idmontadora":"56"}{"idmodelo":"2253","nome_modelo":"Hilux CD SR5 4x4 2.8 Diesel","montadora_idmontadora":"56"}{"idmodelo":"2254","nome_modelo":"Hilux CD SRV 4x2 2.7 16V 142cv","montadora_idmontadora":"56"}{"idmodelo":"2255","nome_modelo":"Hilux CD SRV 4x2 3.0 8V 90cv Diesel","montadora_idmontadora":"56"}{"idmodelo":"2256","nome_modelo":"Hilux CD SRV 4x4 3.0 8V 116cv TB Diesel","montadora_idmontadora":"56"}{"idmodelo":"2257","nome_modelo":"Hilux CD SRV D4-D 4x2 3.0 163cv TDI Dies","montadora_idmontadora":"56"}{"idmodelo":"2258","nome_modelo":"Hilux CD SRV D4-D 4x4 3.0 TDI Dies","montadora_idmontadora":"56"}{"idmodelo":"2259","nome_modelo":"Hilux CD SRV D4-D 4x4 3.0 TDI Diesel Aut","montadora_idmontadora":"56"}{"idmodelo":"2260","nome_modelo":"Hilux Chassi D4-D 4x4 2.5 102cv TB Dies.","montadora_idmontadora":"56"}{"idmodelo":"2261","nome_modelo":"Hilux CS 4x4 2.4 Diesel","montadora_idmontadora":"56"}{"idmodelo":"2262","nome_modelo":"Hilux CS D4-D 4x2 2.5 16V 102cv TB Dies.","montadora_idmontadora":"56"}{"idmodelo":"2263","nome_modelo":"Hilux CS D4-D 4x4 2.5 16V 102cv TB Dies.","montadora_idmontadora":"56"}{"idmodelo":"2264","nome_modelo":"Hilux CS DLX 4x2 2.8 Diesel","montadora_idmontadora":"56"}{"idmodelo":"2265","nome_modelo":"Hilux CS DLX 4x4 2.8 Diesel","montadora_idmontadora":"56"}{"idmodelo":"2266","nome_modelo":"Hilux CS DX 4x2 2.7 16V 142cv","montadora_idmontadora":"56"}{"idmodelo":"2267","nome_modelo":"Hilux CS DX 4x2 3.0 8V 90cv Diesel","montadora_idmontadora":"56"}{"idmodelo":"2268","nome_modelo":"Hilux CS DX 4x4 3.0 8V 90cv Diesel","montadora_idmontadora":"56"}{"idmodelo":"2269","nome_modelo":"Hilux CS SR5 4x4 2.8 Diesel","montadora_idmontadora":"56"}{"idmodelo":"2270","nome_modelo":"Hilux CS SRV 4x2 2.7 16V 142cv","montadora_idmontadora":"56"}{"idmodelo":"2271","nome_modelo":"Hilux SW4 2.7 16V","montadora_idmontadora":"56"}{"idmodelo":"2272","nome_modelo":"Hilux SW4 3.4 V6","montadora_idmontadora":"56"}{"idmodelo":"2273","nome_modelo":"Hilux SW4 4x4 2.4 8V","montadora_idmontadora":"56"}{"idmodelo":"2274","nome_modelo":"Hilux SW4 4x4 2.8 Diesel","montadora_idmontadora":"56"}{"idmodelo":"2275","nome_modelo":"Hilux SW4 4x4 3.0 12V V6","montadora_idmontadora":"56"}{"idmodelo":"2276","nome_modelo":"Hilux SW4 4x4 3.0 24V V6","montadora_idmontadora":"56"}{"idmodelo":"2277","nome_modelo":"Hilux SW4 4x4 3.0 8V TB Diesel","montadora_idmontadora":"56"}{"idmodelo":"2278","nome_modelo":"Land Cruiser 4WD 4.5 24V","montadora_idmontadora":"56"}{"idmodelo":"2279","nome_modelo":"Land Cruiser Prado 3.0 4x4 TB Diesel Aut","montadora_idmontadora":"56"}{"idmodelo":"2280","nome_modelo":"Land Cruiser Prado 3.0 4x4 TB Diesel Mec","montadora_idmontadora":"56"}{"idmodelo":"2281","nome_modelo":"MR-2 Turbo 2.0","montadora_idmontadora":"56"}{"idmodelo":"2282","nome_modelo":"Paseo","montadora_idmontadora":"56"}{"idmodelo":"2283","nome_modelo":"Previa LE 2.4 16V","montadora_idmontadora":"56"}{"idmodelo":"2284","nome_modelo":"Previa LX 2.5","montadora_idmontadora":"56"}{"idmodelo":"2285","nome_modelo":"RAV4 2.0 4x4 16V Aut.","montadora_idmontadora":"56"}{"idmodelo":"2286","nome_modelo":"RAV4 2.0 4x4 16V Mec.","montadora_idmontadora":"56"}{"idmodelo":"2287","nome_modelo":"Supra","montadora_idmontadora":"56"}{"idmodelo":"2288","nome_modelo":"T-100 3.4 V6","montadora_idmontadora":"56"}{"idmodelo":"3830","nome_modelo":"Hilux SW4 SRV D4-D 4x4 3.0 TDI Dies. Aut","montadora_idmontadora":"56"}{"idmodelo":"3831","nome_modelo":"Hilux SW4 SRV D4-D 4x4 3.0 TDI Dies. Mec","montadora_idmontadora":"56"}{"idmodelo":"3977","nome_modelo":"RAV4 2.4 4x4 16V 170cv Aut.","montadora_idmontadora":"56"}{"idmodelo":"4091","nome_modelo":"Camry XLE 3.5 24V Aut.","montadora_idmontadora":"56"}{"idmodelo":"4166","nome_modelo":"Corolla Fielder SW S 1.8 16V 136cv Aut","montadora_idmontadora":"56"}{"idmodelo":"4167","nome_modelo":"Corolla Fielder SW S 1.8 16V 136cv Mec","montadora_idmontadora":"56"}{"idmodelo":"4168","nome_modelo":"Corolla S 1.8 16V 136cv Aut","montadora_idmontadora":"56"}{"idmodelo":"4169","nome_modelo":"Corolla S 1.8 16V 136cv Mec","montadora_idmontadora":"56"}{"idmodelo":"4348","nome_modelo":"Corolla Fielder SW SE-G 1.8 Flex 16V Aut","montadora_idmontadora":"56"}{"idmodelo":"4804","nome_modelo":"Hilux CD SR 4x2 2.7 16V\/2.7 Flex Mec.","montadora_idmontadora":"56"}{"idmodelo":"4905","nome_modelo":"Hilux SW4 SR 4x2 2.7\/2.7 Flex 16V Mec.","montadora_idmontadora":"56"}{"idmodelo":"4906","nome_modelo":"Hilux SW4 SR 4x2 2.7\/ 2.7 Flex 16V Aut.","montadora_idmontadora":"56"}{"idmodelo":"4907","nome_modelo":"Hilux SW4 SRV 4x4 4.0 V6 24V Aut.","montadora_idmontadora":"56"}{"idmodelo":"5041","nome_modelo":"Corolla GLi 1.8 Flex 16V Aut.","montadora_idmontadora":"56"}{"idmodelo":"5042","nome_modelo":"Corolla GLi 1.8 Flex 16V Mec.","montadora_idmontadora":"56"}{"idmodelo":"5081","nome_modelo":"Hilux CD SR 4x2 2.7 16V\/2.7 Flex Aut.","montadora_idmontadora":"56"}{"idmodelo":"5193","nome_modelo":"Corolla ALTIS 2.0 Flex 16V Aut.","montadora_idmontadora":"56"}{"idmodelo":"5194","nome_modelo":"Corolla XEi 2.0 Flex 16V Aut.","montadora_idmontadora":"56"}{"idmodelo":"5431","nome_modelo":"RAV4 2.4 4x2 16V 170cv Aut.","montadora_idmontadora":"56"}{"idmodelo":"5907","nome_modelo":"Hilux CD SRV 4x4 2.7 Flex 16V Aut.","montadora_idmontadora":"56"}{"idmodelo":"5939","nome_modelo":"Corolla XRS 2.0 Flex 16V Aut.","montadora_idmontadora":"56"}{"idmodelo":"6036","nome_modelo":"Hilux CD SR D4-D 4x4 3.0 TDI Dies Aut.","montadora_idmontadora":"56"}{"idmodelo":"6037","nome_modelo":"Hilux Chassi D4-D 4x4 3.0 TDI Dies. Mec.","montadora_idmontadora":"56"}{"idmodelo":"6038","nome_modelo":"Hilux CS D4-D 4x4 3.0 TDI Dies. Mec.","montadora_idmontadora":"56"}{"idmodelo":"6076","nome_modelo":"Hilux CD D4-D 4x4 3.0 TDI Dies. Mec.","montadora_idmontadora":"56"}{"idmodelo":"6077","nome_modelo":"Hilux SW4 SR D4-D 4x4 3.0 TDI Dies. Aut","montadora_idmontadora":"56"}{"idmodelo":"6245","nome_modelo":"ETIOS 1.3 Flex 16V 5p Mec.","montadora_idmontadora":"56"}{"idmodelo":"6246","nome_modelo":"ETIOS X 1.3 Flex 16V 5p Mec.","montadora_idmontadora":"56"}{"idmodelo":"6247","nome_modelo":"ETIOS X Sedan 1.5 Flex 16V 4p Mec.","montadora_idmontadora":"56"}{"idmodelo":"6248","nome_modelo":"ETIOS XLS 1.5 Flex 16V 5p Mec.","montadora_idmontadora":"56"}{"idmodelo":"6249","nome_modelo":"ETIOS XLS Sedan 1.5 Flex 16V 4p Mec.","montadora_idmontadora":"56"}{"idmodelo":"6250","nome_modelo":"ETIOS XS 1.3 Flex 16V 5p Mec.","montadora_idmontadora":"56"}{"idmodelo":"6251","nome_modelo":"ETIOS XS Sedan1.5 Flex 16V 4p Mec.","montadora_idmontadora":"56"}{"idmodelo":"6310","nome_modelo":"Hilux CD 4x4 2.7 16V Flex Mec.","montadora_idmontadora":"56"}{"idmodelo":"6332","nome_modelo":"PRIUS HYBRID 1.8 16V 5p Aut.","montadora_idmontadora":"56"}{"idmodelo":"6470","nome_modelo":"RAV4 2.0 4x2 16V Aut.","montadora_idmontadora":"56"}{"idmodelo":"6471","nome_modelo":"RAV4 2.5 4x4 16V Aut.","montadora_idmontadora":"56"}{"idmodelo":"6598","nome_modelo":"ETIOS XS 1.5 Flex 16V 5p Mec.","montadora_idmontadora":"56"}{"idmodelo":"6651","nome_modelo":"ETIOS CROSS 1.5 Flex 16V 5p Mec.","montadora_idmontadora":"56"}{"idmodelo":"6872","nome_modelo":"ETIOS PLATINUM 1.5 Flex 16V 5p Mec.","montadora_idmontadora":"56"}{"idmodelo":"6873","nome_modelo":"ETIOS PLATINUM Sed. 1.5 Flex 16V 4p Mec.","montadora_idmontadora":"56"}{"idmodelo":"7046","nome_modelo":"Hilux CD SRV 4x2 2.7 Flex 16V Aut.","montadora_idmontadora":"56"}{"idmodelo":"7076","nome_modelo":"Hilux CD Limited 4x4 3.0 TDI Diesel Aut.","montadora_idmontadora":"56"}{"idmodelo":"7124","nome_modelo":"RAV4 2.0 HIGH 4x2 16V Aut.","montadora_idmontadora":"56"}{"idmodelo":"7214","nome_modelo":"Corolla GLi Upper 1.8 Flex 16V Aut.","montadora_idmontadora":"56"}{"idmodelo":"7215","nome_modelo":"RAV4 2.0 TOP 4x2 16V Aut.","montadora_idmontadora":"56"}{"idmodelo":"7405","nome_modelo":"Hilux CD SR 4x4 2.8 TDI Diesel Aut.","montadora_idmontadora":"56"}{"idmodelo":"7406","nome_modelo":"Hilux CD SRV 4x4 2.8 TDI Diesel Aut.","montadora_idmontadora":"56"}{"idmodelo":"7407","nome_modelo":"Hilux CD SRX 4x4 2.8 TDI 16V Diesel Aut.","montadora_idmontadora":"56"}{"idmodelo":"7408","nome_modelo":"Hilux Chassi 4x4 2.8 TDI Diesel Mec.","montadora_idmontadora":"56"}{"idmodelo":"7409","nome_modelo":"Hilux CS 4x4 2.8 TDI Diesel Mec.","montadora_idmontadora":"56"}{"idmodelo":"7491","nome_modelo":"Hilux SW4 SRX 4x4 2.8 TDI 16V Dies. Aut.","montadora_idmontadora":"56"}{"idmodelo":"7492","nome_modelo":"Hilux SW4 SRX 4x4 4.0 V6 24V Aut.","montadora_idmontadora":"56"}{"idmodelo":"7558","nome_modelo":"Corolla GLi Upper Black P. 1.8 Flex Aut.","montadora_idmontadora":"56"}{"idmodelo":"7559","nome_modelo":"ETIOS CROSS 1.5 Flex 16V 5p Aut.","montadora_idmontadora":"56"}{"idmodelo":"7560","nome_modelo":"ETIOS X 1.3 Flex 16V 5p Aut.","montadora_idmontadora":"56"}{"idmodelo":"7561","nome_modelo":"ETIOS X Sedan 1.5 Flex 16V 4p Aut.","montadora_idmontadora":"56"}{"idmodelo":"7562","nome_modelo":"ETIOS XLS 1.5 Flex 5p Aut.","montadora_idmontadora":"56"}{"idmodelo":"7563","nome_modelo":"ETIOS XLS Sedan 1.5 Flex 16V 4p Aut.","montadora_idmontadora":"56"}{"idmodelo":"7564","nome_modelo":"ETIOS XS 1.5 Flex 16V 5p Aut.","montadora_idmontadora":"56"}{"idmodelo":"7565","nome_modelo":"ETIOS XS Sedan 1.5 Flex 16V 4p Aut.","montadora_idmontadora":"56"}{"idmodelo":"7711","nome_modelo":"ETIOS PLATINUM 1.5 Flex 16V 4p Aut.","montadora_idmontadora":"56"}{"idmodelo":"7712","nome_modelo":"ETIOS PLATINUM Sed. 1.5 Flex 16V 4p Aut.","montadora_idmontadora":"56"}{"idmodelo":"7746","nome_modelo":"Corolla Dynamic 2.0 Flex 16V Aut.","montadora_idmontadora":"56"}{"idmodelo":"7747","nome_modelo":"ETIOS READY! 1.5 Flex 16V 5p Aut.","montadora_idmontadora":"56"}{"idmodelo":"8110","nome_modelo":"Hilux CD SR CHALL. 4x4 2.8 TDI Dies Aut.","montadora_idmontadora":"56"}{"idmodelo":"8111","nome_modelo":"Hilux SW4 SRV 4x2 2.7 Flex 16V Aut.","montadora_idmontadora":"56"}{"idmodelo":"8249","nome_modelo":"ETIOS X Plus 1.5 Flex 16V 5p Aut.","montadora_idmontadora":"56"}{"idmodelo":"8250","nome_modelo":"ETIOS X Plus 1.5 Flex 16V 5p Mec.","montadora_idmontadora":"56"}{"idmodelo":"8251","nome_modelo":"ETIOS X Plus Sedan 1.5 Flex 16V 4p Aut.","montadora_idmontadora":"56"}{"idmodelo":"8252","nome_modelo":"ETIOS X Plus Sedan 1.5 Flex 16V 4p Mec.","montadora_idmontadora":"56"}{"idmodelo":"8299","nome_modelo":"Hilux SW4 SRX Diamo. 4x4 2.8 TB Die Aut.","montadora_idmontadora":"56"}{"idmodelo":"8358","nome_modelo":"YARIS XL 1.3 Flex 16V 5p Aut.","montadora_idmontadora":"56"}{"idmodelo":"8359","nome_modelo":"YARIS XL 1.3 Flex 16V 5p Mec.","montadora_idmontadora":"56"}{"idmodelo":"8360","nome_modelo":"YARIS XL Plus T. Sed. 1.5 Flex 16V Aut.","montadora_idmontadora":"56"}{"idmodelo":"8361","nome_modelo":"YARIS XL Plus Tech 1.3 Flex 16V Aut.","montadora_idmontadora":"56"}{"idmodelo":"8362","nome_modelo":"YARIS XL Sedan 1.5 Flex 16V 4p Aut.","montadora_idmontadora":"56"}{"idmodelo":"8363","nome_modelo":"YARIS XL Sedan 1.5 Flex 16V 4p Mec.","montadora_idmontadora":"56"}{"idmodelo":"8364","nome_modelo":"YARIS XLS 1.5 Flex 16V 5p Aut.","montadora_idmontadora":"56"}{"idmodelo":"8365","nome_modelo":"YARIS XLS Sedan 1.5 Flex 16V 4p Aut.","montadora_idmontadora":"56"}{"idmodelo":"8366","nome_modelo":"YARIS XS 1.5 Flex 16V 5p Aut.","montadora_idmontadora":"56"}{"idmodelo":"8367","nome_modelo":"YARIS XS Sedan 1.5 Flex 16V 4p Aut.","montadora_idmontadora":"56"}