{"idmodelo":"24","nome_modelo":"AM-825 Luxo 4.0 Diesel","montadora_idmontadora":"5"}{"idmodelo":"25","nome_modelo":"AM-825 Super Luxo 4.0 Diesel","montadora_idmontadora":"5"}{"idmodelo":"26","nome_modelo":"Hi-Topic SLX\/SDX\/DLX Full Diesel","montadora_idmontadora":"5"}{"idmodelo":"27","nome_modelo":"Hi-Topic STD Diesel","montadora_idmontadora":"5"}{"idmodelo":"28","nome_modelo":"Hi-Topic Van 2.7 Diesel (furg\u00e3o)","montadora_idmontadora":"5"}{"idmodelo":"29","nome_modelo":"Jipe Rocsta GT 4x4 2.2 Diesel","montadora_idmontadora":"5"}{"idmodelo":"30","nome_modelo":"Topic Carga 2.7 Diesel (furg\u00e3o)","montadora_idmontadora":"5"}{"idmodelo":"31","nome_modelo":"Topic Luxo Diesel","montadora_idmontadora":"5"}{"idmodelo":"32","nome_modelo":"Topic Super Luxo Diesel","montadora_idmontadora":"5"}{"idmodelo":"33","nome_modelo":"Towner Coach Full","montadora_idmontadora":"5"}{"idmodelo":"34","nome_modelo":"Towner Furg\u00e3o","montadora_idmontadora":"5"}{"idmodelo":"35","nome_modelo":"Towner Glass Van","montadora_idmontadora":"5"}{"idmodelo":"36","nome_modelo":"Towner Luxo","montadora_idmontadora":"5"}{"idmodelo":"37","nome_modelo":"Towner Multiuso 5p","montadora_idmontadora":"5"}{"idmodelo":"38","nome_modelo":"Towner Panel Van","montadora_idmontadora":"5"}{"idmodelo":"39","nome_modelo":"Towner Pick-Up","montadora_idmontadora":"5"}{"idmodelo":"40","nome_modelo":"Towner SDX \/ DLX\/ STD","montadora_idmontadora":"5"}{"idmodelo":"41","nome_modelo":"Towner Super Luxo","montadora_idmontadora":"5"}{"idmodelo":"42","nome_modelo":"Towner Truck","montadora_idmontadora":"5"}