{"idmodelo":"2125","nome_modelo":"Forester 2.0 16v 4x4 Turbo Aut.","montadora_idmontadora":"54"}{"idmodelo":"2126","nome_modelo":"Forester 2.0\/2.0 S 4x4 Aut.","montadora_idmontadora":"54"}{"idmodelo":"2127","nome_modelo":"Forester 2.0 4x4 Mec.","montadora_idmontadora":"54"}{"idmodelo":"2128","nome_modelo":"Forester 2.0 4x4 Turbo","montadora_idmontadora":"54"}{"idmodelo":"2129","nome_modelo":"Impreza GL 1.6\/1.8 16V","montadora_idmontadora":"54"}{"idmodelo":"2130","nome_modelo":"Impreza GL 2.0 4x2 Aut.","montadora_idmontadora":"54"}{"idmodelo":"2131","nome_modelo":"Impreza GL 2.0 4x2 Mec.","montadora_idmontadora":"54"}{"idmodelo":"2132","nome_modelo":"Impreza GL 2.0 4x4 Mec.","montadora_idmontadora":"54"}{"idmodelo":"2133","nome_modelo":"Impreza GL 2.0 4x4 Aut.","montadora_idmontadora":"54"}{"idmodelo":"2134","nome_modelo":"Impreza GL 4x4 1.8 16V","montadora_idmontadora":"54"}{"idmodelo":"2135","nome_modelo":"Impreza GL 4x4 2.0 16V","montadora_idmontadora":"54"}{"idmodelo":"2136","nome_modelo":"Impreza GT 2.0 Turbo","montadora_idmontadora":"54"}{"idmodelo":"2137","nome_modelo":"Impreza SD GX 2.0 16v 4x4 4p Aut.","montadora_idmontadora":"54"}{"idmodelo":"2138","nome_modelo":"Impreza SD RX 2.0 4x4","montadora_idmontadora":"54"}{"idmodelo":"2139","nome_modelo":"Impreza SD WRX 2.0 16v 4x4","montadora_idmontadora":"54"}{"idmodelo":"2140","nome_modelo":"Impreza SW GL 1.6\/1.8\/2.0 4x4 16V","montadora_idmontadora":"54"}{"idmodelo":"2141","nome_modelo":"Impreza SW GT 2.0 16V 4x4 Turbo Mec.","montadora_idmontadora":"54"}{"idmodelo":"2142","nome_modelo":"Impreza SW GX 2.0 16v 4x4 Aut.","montadora_idmontadora":"54"}{"idmodelo":"2143","nome_modelo":"Impreza SW WRX 2.0 16v 4x4 TB","montadora_idmontadora":"54"}{"idmodelo":"2144","nome_modelo":"Legacy 3.0 R H6 245cv Aut.","montadora_idmontadora":"54"}{"idmodelo":"2145","nome_modelo":"Legacy GL 1.8","montadora_idmontadora":"54"}{"idmodelo":"2146","nome_modelo":"Legacy GL 2.0\/ GLS Mec","montadora_idmontadora":"54"}{"idmodelo":"2147","nome_modelo":"Legacy GL TW 2.0 4x2 Mec.\/Aut.","montadora_idmontadora":"54"}{"idmodelo":"2148","nome_modelo":"Legacy GL TW 2.0 4x4 Aut.","montadora_idmontadora":"54"}{"idmodelo":"2149","nome_modelo":"Legacy GL TW 2.0 4x4 Mec.","montadora_idmontadora":"54"}{"idmodelo":"2150","nome_modelo":"Legacy GL\/ GLS 2.0 Aut.","montadora_idmontadora":"54"}{"idmodelo":"2151","nome_modelo":"Legacy GX 2.2 4x4","montadora_idmontadora":"54"}{"idmodelo":"2152","nome_modelo":"Legacy GX 2.5 4x4 Aut.","montadora_idmontadora":"54"}{"idmodelo":"2153","nome_modelo":"Legacy GX 2.5 4x4 Mec.","montadora_idmontadora":"54"}{"idmodelo":"2154","nome_modelo":"Legacy GX TW 2.2 4x4 Aut.","montadora_idmontadora":"54"}{"idmodelo":"2155","nome_modelo":"Legacy GX TW 2.2 4x4 Mec.","montadora_idmontadora":"54"}{"idmodelo":"2156","nome_modelo":"Legacy GX TW 2.5 4x4 Aut.","montadora_idmontadora":"54"}{"idmodelo":"2157","nome_modelo":"Legacy GX TW 2.5 4x4 Mec","montadora_idmontadora":"54"}{"idmodelo":"2158","nome_modelo":"Legacy SW 2.2","montadora_idmontadora":"54"}{"idmodelo":"2159","nome_modelo":"Outback 2.5 4x4 Aut.","montadora_idmontadora":"54"}{"idmodelo":"2160","nome_modelo":"Outback 2.5 4x4 Mec.","montadora_idmontadora":"54"}{"idmodelo":"2161","nome_modelo":"Outback 3.0 H6 SW 245cv Aut.","montadora_idmontadora":"54"}{"idmodelo":"2162","nome_modelo":"SVX Cup\u00ea 3.3 4x4 Aut","montadora_idmontadora":"54"}{"idmodelo":"2163","nome_modelo":"Vivio SD GLI 3p Mec.","montadora_idmontadora":"54"}{"idmodelo":"3911","nome_modelo":"Forester XT 2.5 16V 4x4 Turbo Aut.","montadora_idmontadora":"54"}{"idmodelo":"3912","nome_modelo":"Impreza SD WRX 2.5 16V TB 4x4 4p","montadora_idmontadora":"54"}{"idmodelo":"3913","nome_modelo":"Impreza SW WRX 2.5 16V TB 4x4 5p","montadora_idmontadora":"54"}{"idmodelo":"4587","nome_modelo":"Impreza WRX 2.5 16V TB 4x4 5p","montadora_idmontadora":"54"}{"idmodelo":"4645","nome_modelo":"Impreza 1.5 16V 115cv Aut.","montadora_idmontadora":"54"}{"idmodelo":"4646","nome_modelo":"Impreza 1.5 16V 115cv Mec.","montadora_idmontadora":"54"}{"idmodelo":"4647","nome_modelo":"Impreza 2.0 16V 160cv Aut.","montadora_idmontadora":"54"}{"idmodelo":"4648","nome_modelo":"Impreza 2.0 16V 160cv Mec.","montadora_idmontadora":"54"}{"idmodelo":"4688","nome_modelo":"TRIBECA 3.6 24V 270cv 5p Aut.","montadora_idmontadora":"54"}{"idmodelo":"4697","nome_modelo":"Impreza WRX STI 2.5 16V TB 4x4","montadora_idmontadora":"54"}{"idmodelo":"4815","nome_modelo":"Impreza SD 2.0 16V 160cv Aut.","montadora_idmontadora":"54"}{"idmodelo":"5215","nome_modelo":"Legacy 2.0 16V 160cv Aut.","montadora_idmontadora":"54"}{"idmodelo":"5216","nome_modelo":"Legacy GT 2.5 16V 280cv Aut.","montadora_idmontadora":"54"}{"idmodelo":"5217","nome_modelo":"Outback 3.6 H6 SW Aut.","montadora_idmontadora":"54"}{"idmodelo":"5456","nome_modelo":"Impreza SD WRX STI 2.5 16V TB 4x4","montadora_idmontadora":"54"}{"idmodelo":"5457","nome_modelo":"Impreza XV 2.0 16V 160cv Aut.","montadora_idmontadora":"54"}{"idmodelo":"5458","nome_modelo":"Impreza XV 2.0 16V 160cv Mec.","montadora_idmontadora":"54"}{"idmodelo":"5651","nome_modelo":"Forester XT S-EDITION 2.5 16V 4x4 TB Aut","montadora_idmontadora":"54"}{"idmodelo":"6331","nome_modelo":"XV 2.0\/2.0 S 16V 4x4 Aut.","montadora_idmontadora":"54"}{"idmodelo":"6407","nome_modelo":"Impreza SD 2.0\/2.0i-S AWD Aut.","montadora_idmontadora":"54"}{"idmodelo":"6650","nome_modelo":"Forester XT 2.0 16V 4x4 Turbo Aut.","montadora_idmontadora":"54"}{"idmodelo":"7290","nome_modelo":"Impreza SD WRX 2.0 16V TB 4x4 Aut.","montadora_idmontadora":"54"}{"idmodelo":"7436","nome_modelo":"Legacy 3.6 4x4 256cv Aut.","montadora_idmontadora":"54"}{"idmodelo":"8109","nome_modelo":"Forester 2.0 L 16V 4x4 Aut.","montadora_idmontadora":"54"}{"idmodelo":"8357","nome_modelo":"XV 2.0 L 16V 4x4 Aut.","montadora_idmontadora":"54"}