{"idmodelo":"261","nome_modelo":"300 M 3.5","montadora_idmontadora":"12"}{"idmodelo":"262","nome_modelo":"Caravan LE 3.3","montadora_idmontadora":"12"}{"idmodelo":"263","nome_modelo":"Caravan LX 3.8","montadora_idmontadora":"12"}{"idmodelo":"264","nome_modelo":"Caravan SE 2.4\/3.3","montadora_idmontadora":"12"}{"idmodelo":"265","nome_modelo":"Cirrus LXi 2.5 V6 24V","montadora_idmontadora":"12"}{"idmodelo":"266","nome_modelo":"Grand Caravan SE 3.3 V6","montadora_idmontadora":"12"}{"idmodelo":"267","nome_modelo":"Grand Caravan LE 3.3 Aut","montadora_idmontadora":"12"}{"idmodelo":"268","nome_modelo":"Grand Caravan Limited 3.3 V6 12V 182cv","montadora_idmontadora":"12"}{"idmodelo":"269","nome_modelo":"Grand Caravan LX 3.8","montadora_idmontadora":"12"}{"idmodelo":"270","nome_modelo":"LE Baron 3.0 V6","montadora_idmontadora":"12"}{"idmodelo":"271","nome_modelo":"LE Baron 3.0 V6 Conv.","montadora_idmontadora":"12"}{"idmodelo":"272","nome_modelo":"Neon LE 1.8","montadora_idmontadora":"12"}{"idmodelo":"273","nome_modelo":"Neon LE\/Highline 2.0","montadora_idmontadora":"12"}{"idmodelo":"274","nome_modelo":"Neon Sport 1.8\/2.0","montadora_idmontadora":"12"}{"idmodelo":"275","nome_modelo":"PT Cruiser Limited 2.0 16V 4p","montadora_idmontadora":"12"}{"idmodelo":"276","nome_modelo":"PT Cruiser Limited 2.4 16V 143cv 4p","montadora_idmontadora":"12"}{"idmodelo":"277","nome_modelo":"Sebring LX 2.7 V6 24V 204cv","montadora_idmontadora":"12"}{"idmodelo":"278","nome_modelo":"Stratus LE 2.0","montadora_idmontadora":"12"}{"idmodelo":"279","nome_modelo":"Stratus LX 2.0 Mec","montadora_idmontadora":"12"}{"idmodelo":"280","nome_modelo":"Stratus LX 2.5 Aut","montadora_idmontadora":"12"}{"idmodelo":"281","nome_modelo":"Stratus LX 2.5 Convers\u00edvel Aut","montadora_idmontadora":"12"}{"idmodelo":"282","nome_modelo":"Vision 3.5 24V","montadora_idmontadora":"12"}{"idmodelo":"3811","nome_modelo":"Caravan LX 3.3 V6 182cv","montadora_idmontadora":"12"}{"idmodelo":"3881","nome_modelo":"300 C 5.7 V8 16V 340cv Aut.","montadora_idmontadora":"12"}{"idmodelo":"3882","nome_modelo":"PT Cruiser Classic 2.4 16V 143cv 4p","montadora_idmontadora":"12"}{"idmodelo":"4158","nome_modelo":"300 C Touring 5.7 V8 16V 340cv Aut.","montadora_idmontadora":"12"}{"idmodelo":"4186","nome_modelo":"300 C SRT8 6.1 V8 16V 431cv Aut","montadora_idmontadora":"12"}{"idmodelo":"4255","nome_modelo":"PT Cruiser Cabrio 2.4 16V 143cv 2p","montadora_idmontadora":"12"}{"idmodelo":"4528","nome_modelo":"300 C 3.5 V6 249cv","montadora_idmontadora":"12"}{"idmodelo":"4623","nome_modelo":"TOWN & COUNTRY Limited 3.8 \/3.6 V6 Aut.","montadora_idmontadora":"12"}{"idmodelo":"5237","nome_modelo":"PT Cruiser Touring DEC. EDITION 2.4 16V","montadora_idmontadora":"12"}{"idmodelo":"5720","nome_modelo":"TOWN & COUNTRY Touring 3.6 V6 Aut.","montadora_idmontadora":"12"}{"idmodelo":"5878","nome_modelo":"300 C 3.6 V6 Aut.","montadora_idmontadora":"12"}