{"idmodelo":"1443","nome_modelo":"Defender 110 2.5 HCPU TDi CS Diesel","montadora_idmontadora":"33"}{"idmodelo":"1444","nome_modelo":"Defender 110 2.5 TDi County Pers. Diesel","montadora_idmontadora":"33"}{"idmodelo":"1445","nome_modelo":"Defender 110 2.5 TDi Hard Top Diesel","montadora_idmontadora":"33"}{"idmodelo":"1446","nome_modelo":"Defender 110 2.5 TDi High Capacity Dies.","montadora_idmontadora":"33"}{"idmodelo":"1447","nome_modelo":"Defender 110 2.5 TDi Personel Diesel","montadora_idmontadora":"33"}{"idmodelo":"1448","nome_modelo":"Defender 110 TDI County SW Diesel","montadora_idmontadora":"33"}{"idmodelo":"1449","nome_modelo":"Defender 110 TDI SW Diesel","montadora_idmontadora":"33"}{"idmodelo":"1450","nome_modelo":"Defender 130 Chassis CD Diesel","montadora_idmontadora":"33"}{"idmodelo":"1451","nome_modelo":"Defender 130 High CAP Diesel","montadora_idmontadora":"33"}{"idmodelo":"1452","nome_modelo":"Defender 130 TDI CD Diesel","montadora_idmontadora":"33"}{"idmodelo":"1453","nome_modelo":"Defender 90 2.5 TDi CS Diesel","montadora_idmontadora":"33"}{"idmodelo":"1454","nome_modelo":"Defender 90 Soft Top Diesel","montadora_idmontadora":"33"}{"idmodelo":"1455","nome_modelo":"Defender 90 TDI CSW Diesel","montadora_idmontadora":"33"}{"idmodelo":"1456","nome_modelo":"Defender 90 TDI Hard Top Diesel","montadora_idmontadora":"33"}{"idmodelo":"1457","nome_modelo":"Defender 90 TDI SW Diesel","montadora_idmontadora":"33"}{"idmodelo":"1458","nome_modelo":"Discovery ES 3.9 V8","montadora_idmontadora":"33"}{"idmodelo":"1459","nome_modelo":"Discovery ES 4.0 V8 Aut.","montadora_idmontadora":"33"}{"idmodelo":"1460","nome_modelo":"Discovery ES TD5 2.5 4x4 4p Diesel Aut.","montadora_idmontadora":"33"}{"idmodelo":"1461","nome_modelo":"Discovery ES TD5 2.5 4x4 4p Diesel Mec.","montadora_idmontadora":"33"}{"idmodelo":"1462","nome_modelo":"Discovery TDI 2.5 Diesel","montadora_idmontadora":"33"}{"idmodelo":"1463","nome_modelo":"Discovery3 HSE 2.7 4x4 TDI Diesel Aut.","montadora_idmontadora":"33"}{"idmodelo":"1464","nome_modelo":"Discovery3 HSE 4.4 V8 4x4 299cv Aut.","montadora_idmontadora":"33"}{"idmodelo":"1465","nome_modelo":"Discovery3 S 2.7 4x4 TDI Diesel Aut.","montadora_idmontadora":"33"}{"idmodelo":"1466","nome_modelo":"Discovery3 SE 4.0 V6 4x4 215cv Aut.","montadora_idmontadora":"33"}{"idmodelo":"1467","nome_modelo":"Freelander 1.8 16v","montadora_idmontadora":"33"}{"idmodelo":"1468","nome_modelo":"Freelander HSE 2.5 V6 24V 177cv 5p","montadora_idmontadora":"33"}{"idmodelo":"1469","nome_modelo":"Freelander S\/ SE 2.5 V6 24V 177cv 5p","montadora_idmontadora":"33"}{"idmodelo":"1470","nome_modelo":"Freelander SE3 2.5 V6 24V 177cv 3p","montadora_idmontadora":"33"}{"idmodelo":"1471","nome_modelo":"New Range\/Range Rover Vogue 3.9 V8","montadora_idmontadora":"33"}{"idmodelo":"1472","nome_modelo":"Range Rover HSE 4.4\/ 4.6","montadora_idmontadora":"33"}{"idmodelo":"1473","nome_modelo":"Range Rover SUPERCHAGED 4.2 V8 396cv","montadora_idmontadora":"33"}{"idmodelo":"3823","nome_modelo":"Freelander HSE3 2.5 V6 24V 177cv 3p","montadora_idmontadora":"33"}{"idmodelo":"3824","nome_modelo":"Range Rover Sport HSE 4.4 V8 32V 295cv","montadora_idmontadora":"33"}{"idmodelo":"3825","nome_modelo":"Range Rover Sport SUPERCHAGED 4.2 V8","montadora_idmontadora":"33"}{"idmodelo":"3892","nome_modelo":"Range Rover Sport HSE 2.7 190cv TB Dies.","montadora_idmontadora":"33"}{"idmodelo":"3971","nome_modelo":"Defender 110 TD5 2.5 4x4 Diesel","montadora_idmontadora":"33"}{"idmodelo":"4201","nome_modelo":"Discovery3 S 4.0 V6 4x4 215cv Aut.","montadora_idmontadora":"33"}{"idmodelo":"4275","nome_modelo":"Range Rover Sport SE 2.7 190cv TB Diesel","montadora_idmontadora":"33"}{"idmodelo":"4276","nome_modelo":"Range Rover Sport SE 4.4 V8 32V 299cv","montadora_idmontadora":"33"}{"idmodelo":"4303","nome_modelo":"Freelander2 I6 HSE 3.2 232cv Aut. 5p","montadora_idmontadora":"33"}{"idmodelo":"4304","nome_modelo":"Freelander2 I6 S 3.2 232cv Aut. 5p","montadora_idmontadora":"33"}{"idmodelo":"4305","nome_modelo":"Freelander2 I6 SE 3.2 232cv Aut. 5p","montadora_idmontadora":"33"}{"idmodelo":"4332","nome_modelo":"Range Rover Vogue 3.6 TDV8 272cv Diesel","montadora_idmontadora":"33"}{"idmodelo":"4385","nome_modelo":"Range Rover Sport 3.6 TDV8 272cv Diesel","montadora_idmontadora":"33"}{"idmodelo":"4417","nome_modelo":"Discovery3 SE 2.7 4x4 TDI Diesel Aut.","montadora_idmontadora":"33"}{"idmodelo":"4499","nome_modelo":"Range Rover Sport SE 3.6 TDV8 272cv Dies","montadora_idmontadora":"33"}{"idmodelo":"4532","nome_modelo":"Defender 110 2.4 122cv T.Diesel","montadora_idmontadora":"33"}{"idmodelo":"4533","nome_modelo":"Defender 90 2.4 122cv T.Diesel","montadora_idmontadora":"33"}{"idmodelo":"4811","nome_modelo":"Defender 110 SVX Lim.Edit. 2.4 T.Diesel","montadora_idmontadora":"33"}{"idmodelo":"4812","nome_modelo":"Defender 90 SVX Lim.Edit. 2.4 T.Diesel","montadora_idmontadora":"33"}{"idmodelo":"5072","nome_modelo":"Defender 110 LE FIRE & ICE 2.4 T. Diesel","montadora_idmontadora":"33"}{"idmodelo":"5073","nome_modelo":"Defender 90 LE FIRE & ICE 2.4 T. Diesel","montadora_idmontadora":"33"}{"idmodelo":"5109","nome_modelo":"Discovery4 SE 2.7 4x4 TDV6 Diesel Aut.","montadora_idmontadora":"33"}{"idmodelo":"5131","nome_modelo":"Discovery4 S 2.7 4x4 TDV6 Diesel Aut.","montadora_idmontadora":"33"}{"idmodelo":"5132","nome_modelo":"Range Rover Sport HSE SUPERCHAR. 5.0 V8","montadora_idmontadora":"33"}{"idmodelo":"5133","nome_modelo":"Range R.Sport SE 3.0 4x4 TDV6\/SDV6 Dies.","montadora_idmontadora":"33"}{"idmodelo":"5141","nome_modelo":"Discovery4 HSE 2.7 4x4 TDV6 Diesel Aut.","montadora_idmontadora":"33"}{"idmodelo":"5142","nome_modelo":"Discovery4 HSE 3.0 4x4 TDV6\/SDV6 Die.Aut","montadora_idmontadora":"33"}{"idmodelo":"5143","nome_modelo":"Discovery4 HSE 5.0 4x4 Aut.","montadora_idmontadora":"33"}{"idmodelo":"5144","nome_modelo":"Discovery4 SE 3.0 4x4 TDV6\/SDV6 Die.Aut.","montadora_idmontadora":"33"}{"idmodelo":"5145","nome_modelo":"Range Rover Sport HSE 3.0 SDV6 Diesel","montadora_idmontadora":"33"}{"idmodelo":"5146","nome_modelo":"Range Rover Vogue SE SUPERCHAR. 5.0 V8","montadora_idmontadora":"33"}{"idmodelo":"5379","nome_modelo":"Freelander2 I6 S Sport 3.2 232cv Aut. 5p","montadora_idmontadora":"33"}{"idmodelo":"5421","nome_modelo":"Range R. Vogue 4.4 TDV8\/SDV8 Diesel Aut.","montadora_idmontadora":"33"}{"idmodelo":"5537","nome_modelo":"Freelander2 I6 LE Sport 3.2 232cv Aut. 5","montadora_idmontadora":"33"}{"idmodelo":"5555","nome_modelo":"Defender 110 RAW 2.4 122cv T. Diesel","montadora_idmontadora":"33"}{"idmodelo":"5556","nome_modelo":"Defender 90 RAW 2.4 122cv T.Diesel","montadora_idmontadora":"33"}{"idmodelo":"5557","nome_modelo":"Freelander2 HSE 2.2 SD4 190cv T.Diesel","montadora_idmontadora":"33"}{"idmodelo":"5558","nome_modelo":"Freelander2 S 2.2 SD4 190cv T.Diesel","montadora_idmontadora":"33"}{"idmodelo":"5559","nome_modelo":"Freelander2 SE 2.2 SD4 190cv T.Diesel","montadora_idmontadora":"33"}{"idmodelo":"5624","nome_modelo":"Discovery4 B&W 3.0 4x4 TDV6 Diesel Aut.","montadora_idmontadora":"33"}{"idmodelo":"5700","nome_modelo":"Range R.EVOQUE Dynamic 2.0 Aut 3p","montadora_idmontadora":"33"}{"idmodelo":"5701","nome_modelo":"Range R.EVOQUE Dynamic 2.0 Aut 5p","montadora_idmontadora":"33"}{"idmodelo":"5702","nome_modelo":"Range R.EVOQUE Dynamic Tech 2.0 Aut 5p","montadora_idmontadora":"33"}{"idmodelo":"5703","nome_modelo":"Range R.EVOQUE Prestige 2.0 Aut. 5p","montadora_idmontadora":"33"}{"idmodelo":"5704","nome_modelo":"Range R.EVOQUE Prestige Tech 2.0 Aut 5p","montadora_idmontadora":"33"}{"idmodelo":"5705","nome_modelo":"Range R.EVOQUE Pure 2.0 Aut. 5p","montadora_idmontadora":"33"}{"idmodelo":"5706","nome_modelo":"Range R.EVOQUE Pure 2.0 Aut. 3p","montadora_idmontadora":"33"}{"idmodelo":"5707","nome_modelo":"Range R.EVOQUE Dynamic Tech 2.0 Aut 3p","montadora_idmontadora":"33"}{"idmodelo":"5899","nome_modelo":"Discovery4 S 3.0 4X4 TDV6 Diesel Aut.","montadora_idmontadora":"33"}{"idmodelo":"6177","nome_modelo":"Freelander2 Dynamique 2.2 SD4 T. Diesel","montadora_idmontadora":"33"}{"idmodelo":"6328","nome_modelo":"Range Rover EVOQUE Pure Tech 2.0 Aut. 5p","montadora_idmontadora":"33"}{"idmodelo":"6385","nome_modelo":"Freelander2 SI4 Dyn. 2.0 240cv Aut. 5p","montadora_idmontadora":"33"}{"idmodelo":"6386","nome_modelo":"Freelander2 SI4 HSE 2.0 240cv Aut. 5p","montadora_idmontadora":"33"}{"idmodelo":"6387","nome_modelo":"Freelander2 SI4 S 2.0 240cv Aut. 5p","montadora_idmontadora":"33"}{"idmodelo":"6388","nome_modelo":"Freelander2 SI4 SE 2.0 240cv Aut. 5p","montadora_idmontadora":"33"}{"idmodelo":"6389","nome_modelo":"Range R. Sport Autob. 3.0 SDV6 Diesel","montadora_idmontadora":"33"}{"idmodelo":"6390","nome_modelo":"Range R. Sport Autob. SUPERCHAR. 5.0 V8","montadora_idmontadora":"33"}{"idmodelo":"6391","nome_modelo":"Range R. Vogue Autob. SUPERCHAR. 5.0 V8","montadora_idmontadora":"33"}{"idmodelo":"6392","nome_modelo":"Range Rover Vogue 4.4 Auto. SDV8 Diesel.","montadora_idmontadora":"33"}{"idmodelo":"6393","nome_modelo":"Range Rover Vogue SE 4.4 SDV8 Dies. Aut","montadora_idmontadora":"33"}{"idmodelo":"6466","nome_modelo":"Range Rover EVOQUE Pure Tech 2.0 Aut. 3p","montadora_idmontadora":"33"}{"idmodelo":"6641","nome_modelo":"Range R. Sport HSE Dynamic SUPERC.5.0 V8","montadora_idmontadora":"33"}{"idmodelo":"6665","nome_modelo":"Range R. Sport HSE SUPERCHARGED 3.0 V6","montadora_idmontadora":"33"}{"idmodelo":"6697","nome_modelo":"Range R.EVOQUE ONE SICILIAN 2.0 Aut. 5p","montadora_idmontadora":"33"}{"idmodelo":"6783","nome_modelo":"Range Rover Vogue 3.0 TDV6 Diesel Aut.","montadora_idmontadora":"33"}{"idmodelo":"6923","nome_modelo":"Range R.EVOQUE Prestige 2.2 5p Dies.","montadora_idmontadora":"33"}{"idmodelo":"6924","nome_modelo":"Range R.EVOQUE PrestigeTech 2.2 5p Dies.","montadora_idmontadora":"33"}{"idmodelo":"6925","nome_modelo":"Range Rover Vogue HSE 3.0 TDV6 Diesel","montadora_idmontadora":"33"}{"idmodelo":"7121","nome_modelo":"Range Rover EVOQUE Zanzibar 2.0 Aut. 5p","montadora_idmontadora":"33"}{"idmodelo":"7139","nome_modelo":"Range R. Sport Autob. Dyn.SCHA. 5.0 V8","montadora_idmontadora":"33"}{"idmodelo":"7157","nome_modelo":"Range Rover Sport SVR SUPERCHAGED 5.0 V8","montadora_idmontadora":"33"}{"idmodelo":"7192","nome_modelo":"Discovery Sport HSE 2.0 4x4 Aut.","montadora_idmontadora":"33"}{"idmodelo":"7193","nome_modelo":"Discovery Sport HSE Luxury 2.0 4x4 Aut.","montadora_idmontadora":"33"}{"idmodelo":"7194","nome_modelo":"Discovery Sport SE 2.0 4x4 Aut.","montadora_idmontadora":"33"}{"idmodelo":"7286","nome_modelo":"Discovery RAW 3.0 4x4 TDV6 Diesel Aut.","montadora_idmontadora":"33"}{"idmodelo":"7287","nome_modelo":"Range R.EVOQUE LONDON 2.0 240cv Aut. 5p","montadora_idmontadora":"33"}{"idmodelo":"7307","nome_modelo":"Range R. Sport TECH S 3.0 SDV6 Diesel","montadora_idmontadora":"33"}{"idmodelo":"7353","nome_modelo":"Discovery4 BLACK 3.0 4x4 SDV6 Dies. Aut.","montadora_idmontadora":"33"}{"idmodelo":"7354","nome_modelo":"Range R.EVO DYNAMIC. BLACK 2.0 Aut. 5p","montadora_idmontadora":"33"}{"idmodelo":"7355","nome_modelo":"Range R.EVO STYLE 2.0 Aut. 5p","montadora_idmontadora":"33"}{"idmodelo":"7374","nome_modelo":"Range R.EVOQUE SD4 SE 2.2 Dies. Aut. 5p","montadora_idmontadora":"33"}{"idmodelo":"7375","nome_modelo":"Range R.EVOQUE SI4 SE 2.0 Aut. 5p","montadora_idmontadora":"33"}{"idmodelo":"7392","nome_modelo":"Discovery Sport HSE 2.2 4x4 Diesel Aut.","montadora_idmontadora":"33"}{"idmodelo":"7393","nome_modelo":"Discovery Sport SE 2.2 4x4 Diesel Aut.","montadora_idmontadora":"33"}{"idmodelo":"7394","nome_modelo":"Range R.EVOQUE SI4 HSE Dynamic 2.0 Aut.","montadora_idmontadora":"33"}{"idmodelo":"7395","nome_modelo":"Range R.EVOQUE SI4 SE Dynamic 2.0 Aut.","montadora_idmontadora":"33"}{"idmodelo":"7396","nome_modelo":"Range R.Sport HSE Dynamic 4.4 SDV8 Dies.","montadora_idmontadora":"33"}{"idmodelo":"7457","nome_modelo":"Discovery Sport HSE L. 2.2 4x4 Die. Aut.","montadora_idmontadora":"33"}{"idmodelo":"7483","nome_modelo":"Range R. Sport HST SUPERCHARGED 3.0 V6","montadora_idmontadora":"33"}{"idmodelo":"7550","nome_modelo":"Discovery Sport BLACK 2.2 4x4 Dies. Aut.","montadora_idmontadora":"33"}{"idmodelo":"7551","nome_modelo":"Range R.EVOQUE SD4 HSE 2.2 Dies. Aut.5p","montadora_idmontadora":"33"}{"idmodelo":"7667","nome_modelo":"Range R. SVAutobiography SUPERC. 5.0 V8","montadora_idmontadora":"33"}{"idmodelo":"7704","nome_modelo":"Discovery4 GRAPHITE 3.0 4x4 SDV6 Die.Aut","montadora_idmontadora":"33"}{"idmodelo":"7764","nome_modelo":"Range R. Sport L. Edit. SCHARGED 3.0 V6","montadora_idmontadora":"33"}{"idmodelo":"7796","nome_modelo":"Discovery Sp.HSE 2.0 4x4 180cv Die. Aut.","montadora_idmontadora":"33"}{"idmodelo":"7797","nome_modelo":"Discovery Sport SE 2.0 4x4 Diesel Aut.","montadora_idmontadora":"33"}{"idmodelo":"7798","nome_modelo":"Range Rover EVOQUE SE 2.0 Diesel Aut.","montadora_idmontadora":"33"}{"idmodelo":"7925","nome_modelo":"Discovery Sport HSE L. 2.0 4x4 Die. Aut.","montadora_idmontadora":"33"}{"idmodelo":"7926","nome_modelo":"Range R.EVOQ. HSE Dyn. Convers 2.0 Aut.","montadora_idmontadora":"33"}{"idmodelo":"7973","nome_modelo":"Discovery HSE 3.0 V6 4x4 TD6 Diesel Aut.","montadora_idmontadora":"33"}{"idmodelo":"8015","nome_modelo":"Discovery First Ed. 3.0 TD6 4x4 Die. Aut","montadora_idmontadora":"33"}{"idmodelo":"8016","nome_modelo":"Discovery HSE Lux. 3.0 TD6 4x4 Die. Aut.","montadora_idmontadora":"33"}{"idmodelo":"8017","nome_modelo":"Discovery SE 3.0 V6 4x4 TD6 Diesel Aut.","montadora_idmontadora":"33"}{"idmodelo":"8040","nome_modelo":"Range Rover Sport SE SUPERCH. 3.0 Aut.","montadora_idmontadora":"33"}{"idmodelo":"8085","nome_modelo":"Range R. VELAR 2.0 4x4 TB 250cv Aut.","montadora_idmontadora":"33"}{"idmodelo":"8086","nome_modelo":"Range R. VELAR 3.0 4x4 V6 380cv Aut.","montadora_idmontadora":"33"}{"idmodelo":"8087","nome_modelo":"Range R. VELAR First Ed. 3.0 4x4 V6 Aut.","montadora_idmontadora":"33"}{"idmodelo":"8088","nome_modelo":"Range R. VELAR HSE 2.0 4x4 TB 250cv Aut.","montadora_idmontadora":"33"}{"idmodelo":"8089","nome_modelo":"Range R. VELAR HSE 3.0 4x4 V6 380cv Aut","montadora_idmontadora":"33"}{"idmodelo":"8090","nome_modelo":"Range R. VELAR R-Dyn. 2.0 4x4 TB Aut.","montadora_idmontadora":"33"}{"idmodelo":"8091","nome_modelo":"Range R. VELAR R-Dyn. 3.0 4x4 v6 Aut.","montadora_idmontadora":"33"}{"idmodelo":"8092","nome_modelo":"Range R. VELAR R-Dyn. HSE 2.0 4x4 TB Aut","montadora_idmontadora":"33"}{"idmodelo":"8093","nome_modelo":"Range R. VELAR R-Dyn. HSE 3.0 4x4 V6 Aut","montadora_idmontadora":"33"}{"idmodelo":"8094","nome_modelo":"Range R. VELAR R-Dyn. S 3.0 4x4 V6 Aut.","montadora_idmontadora":"33"}{"idmodelo":"8095","nome_modelo":"Range R. VELAR R-Dyn. SE 2.0 4x4 TB Aut.","montadora_idmontadora":"33"}{"idmodelo":"8096","nome_modelo":"Range R. VELAR R-Dyn. SE 3.0 4x4 V6 Aut.","montadora_idmontadora":"33"}{"idmodelo":"8097","nome_modelo":"Range R. VELAR R-Dyn. S 2.0 4x4 TB Aut.","montadora_idmontadora":"33"}{"idmodelo":"8098","nome_modelo":"Range R. VELAR S 2.0 4x4 TB 250cv Aut.","montadora_idmontadora":"33"}{"idmodelo":"8099","nome_modelo":"Range R. VELAR S 3.0 4x4 V6 380cv Aut.","montadora_idmontadora":"33"}{"idmodelo":"8100","nome_modelo":"Range R. VELAR SE 2.0 4x4 TB 250cv Aut.","montadora_idmontadora":"33"}{"idmodelo":"8101","nome_modelo":"Range R. VELAR SE 3.0 4x4 v6 380cv Aut.","montadora_idmontadora":"33"}{"idmodelo":"8214","nome_modelo":"Range R.EVOQUE HSE Dyna. 2.0 Dies. Aut.","montadora_idmontadora":"33"}{"idmodelo":"8241","nome_modelo":"Disc. Sp. HSE 2.0 Bi-TB 240cv Die. Aut.","montadora_idmontadora":"33"}